{
"type": "FeatureCollection",
"name": "rid_realtime",
"crs": { "type": "name", "properties": { "name": "urn:ogc:def:crs:OGC:1.3:CRS84" } },
"features": [
{ "type": "Feature", "properties": { "รหัสสถานี": "TK.77", "ชื่อสถานี": "วัดลิ่นถิ่น", "จังหวัด": "กาญจนบุรี", "ระดับน้ำปัจจุบัน (ม.รทก.)": 3.550003, "ระดับตลิ่ง (ม.รทก.)": null, "ระดับน้ำเทียบตลิ่ง (%)": 180.2, "แนวโน้มระดับน้ำ": "ลดลง", "ระยะจากตลิ่ง (ม.)": "1.58", "อัตราการไหล (ลบ.ม./วิ)": null, "% อัตราการไหล": null, "แนวโน้มอัตราการไหล": "คงที่", "Latitude": 14.5613, "Longitude": 98.7925, "เวลาบันทึกข้อมูล (UTC)": "2026-09-27T17:00:00.000Z", "เวลาบันทึกข้อมูล (เวลาไทย)": null }, "geometry": { "type": "Point", "coordinates": [ 98.7925, 14.5613 ] } },
{ "type": "Feature", "properties": { "รหัสสถานี": "K.58", "ชื่อสถานี": "บ้านปากแซง", "จังหวัด": "กาญจนบุรี", "ระดับน้ำปัจจุบัน (ม.รทก.)": 13.49, "ระดับตลิ่ง (ม.รทก.)": null, "ระดับน้ำเทียบตลิ่ง (%)": 179.8, "แนวโน้มระดับน้ำ": "เพิ่มขึ้น", "ระยะจากตลิ่ง (ม.)": "7.19", "อัตราการไหล (ลบ.ม./วิ)": null, "% อัตราการไหล": null, "แนวโน้มอัตราการไหล": "คงที่", "Latitude": 14.21513, "Longitude": 99.0582, "เวลาบันทึกข้อมูล (UTC)": "2026-09-27T17:00:00.000Z", "เวลาบันทึกข้อมูล (เวลาไทย)": null }, "geometry": { "type": "Point", "coordinates": [ 99.0582, 14.21513 ] } },
{ "type": "Feature", "properties": { "รหัสสถานี": "TP.102", "ชื่อสถานี": "คลองวังหิน", "จังหวัด": "กำแพงเพชร", "ระดับน้ำปัจจุบัน (ม.รทก.)": 5.4000015, "ระดับตลิ่ง (ม.รทก.)": null, "ระดับน้ำเทียบตลิ่ง (%)": 150.32, "แนวโน้มระดับน้ำ": "คงที่", "ระยะจากตลิ่ง (ม.)": "2.35", "อัตราการไหล (ลบ.ม./วิ)": null, "% อัตราการไหล": null, "แนวโน้มอัตราการไหล": "คงที่", "Latitude": 16.229584, "Longitude": 99.696724, "เวลาบันทึกข้อมูล (UTC)": "2026-09-27T17:00:00.000Z", "เวลาบันทึกข้อมูล (เวลาไทย)": null }, "geometry": { "type": "Point", "coordinates": [ 99.696724, 16.229584 ] } },
{ "type": "Feature", "properties": { "รหัสสถานี": "Kgt.12A", "ชื่อสถานี": "บ้านแก้ง", "จังหวัด": "สระแก้ว", "ระดับน้ำปัจจุบัน (ม.รทก.)": 12.65, "ระดับตลิ่ง (ม.รทก.)": null, "ระดับน้ำเทียบตลิ่ง (%)": 148.05, "แนวโน้มระดับน้ำ": "ลดลง", "ระยะจากตลิ่ง (ม.)": "4.08", "อัตราการไหล (ลบ.ม./วิ)": null, "% อัตราการไหล": null, "แนวโน้มอัตราการไหล": "คงที่", "Latitude": 13.93635, "Longitude": 101.97232, "เวลาบันทึกข้อมูล (UTC)": "2026-09-27T17:00:00.000Z", "เวลาบันทึกข้อมูล (เวลาไทย)": null }, "geometry": { "type": "Point", "coordinates": [ 101.97232, 13.93635 ] } },
{ "type": "Feature", "properties": { "รหัสสถานี": "T.10", "ชื่อสถานี": "บ้านวัดพระรูป", "จังหวัด": "สุพรรณบุรี", "ระดับน้ำปัจจุบัน (ม.รทก.)": 8.22, "ระดับตลิ่ง (ม.รทก.)": null, "ระดับน้ำเทียบตลิ่ง (%)": 138.68, "แนวโน้มระดับน้ำ": "เพิ่มขึ้น", "ระยะจากตลิ่ง (ม.)": "2.22", "อัตราการไหล (ลบ.ม./วิ)": null, "% อัตราการไหล": null, "แนวโน้มอัตราการไหล": "คงที่", "Latitude": 14.47046, "Longitude": 100.11477, "เวลาบันทึกข้อมูล (UTC)": "2026-09-27T17:00:00.000Z", "เวลาบันทึกข้อมูล (เวลาไทย)": null }, "geometry": { "type": "Point", "coordinates": [ 100.11477, 14.47046 ] } },
{ "type": "Feature", "properties": { "รหัสสถานี": "TP.99", "ชื่อสถานี": "วัดเขาแก้วสวรรค์", "จังหวัด": "กำแพงเพชร", "ระดับน้ำปัจจุบัน (ม.รทก.)": 3.4400024, "ระดับตลิ่ง (ม.รทก.)": null, "ระดับน้ำเทียบตลิ่ง (%)": 136.79, "แนวโน้มระดับน้ำ": "เพิ่มขึ้น", "ระยะจากตลิ่ง (ม.)": "1.49", "อัตราการไหล (ลบ.ม./วิ)": null, "% อัตราการไหล": null, "แนวโน้มอัตราการไหล": "คงที่", "Latitude": 16.406279, "Longitude": 99.34961, "เวลาบันทึกข้อมูล (UTC)": "2026-09-27T17:00:00.000Z", "เวลาบันทึกข้อมูล (เวลาไทย)": null }, "geometry": { "type": "Point", "coordinates": [ 99.34961, 16.406279 ] } },
{ "type": "Feature", "properties": { "รหัสสถานี": "Z.38", "ชื่อสถานี": "บ้านเขาโบสถ์", "จังหวัด": "ระยอง", "ระดับน้ำปัจจุบัน (ม.รทก.)": 3.74, "ระดับตลิ่ง (ม.รทก.)": null, "ระดับน้ำเทียบตลิ่ง (%)": 134.77, "แนวโน้มระดับน้ำ": "ลดลง", "ระยะจากตลิ่ง (ม.)": "1.24", "อัตราการไหล (ลบ.ม./วิ)": null, "% อัตราการไหล": null, "แนวโน้มอัตราการไหล": "คงที่", "Latitude": 12.737965, "Longitude": 101.2284, "เวลาบันทึกข้อมูล (UTC)": "2026-09-27T17:00:00.000Z", "เวลาบันทึกข้อมูล (เวลาไทย)": null }, "geometry": { "type": "Point", "coordinates": [ 101.2284, 12.737965 ] } },
{ "type": "Feature", "properties": { "รหัสสถานี": "TP.105", "ชื่อสถานี": "สำนักสงฆ์มอหินเพลิง", "จังหวัด": "กำแพงเพชร", "ระดับน้ำปัจจุบัน (ม.รทก.)": 4.459999, "ระดับตลิ่ง (ม.รทก.)": null, "ระดับน้ำเทียบตลิ่ง (%)": 133.55, "แนวโน้มระดับน้ำ": "คงที่", "ระยะจากตลิ่ง (ม.)": "1.01", "อัตราการไหล (ลบ.ม./วิ)": null, "% อัตราการไหล": null, "แนวโน้มอัตราการไหล": "คงที่", "Latitude": 16.151548, "Longitude": 99.52752, "เวลาบันทึกข้อมูล (UTC)": "2026-09-27T17:00:00.000Z", "เวลาบันทึกข้อมูล (เวลาไทย)": null }, "geometry": { "type": "Point", "coordinates": [ 99.52752, 16.151548 ] } },
{ "type": "Feature", "properties": { "รหัสสถานี": "TK.62A", "ชื่อสถานี": "วัดท่าแย้", "จังหวัด": "กาญจนบุรี", "ระดับน้ำปัจจุบัน (ม.รทก.)": 5.049999, "ระดับตลิ่ง (ม.รทก.)": null, "ระดับน้ำเทียบตลิ่ง (%)": 131.74, "แนวโน้มระดับน้ำ": "เพิ่มขึ้น", "ระยะจากตลิ่ง (ม.)": "1.33", "อัตราการไหล (ลบ.ม./วิ)": null, "% อัตราการไหล": null, "แนวโน้มอัตราการไหล": "คงที่", "Latitude": 13.8126, "Longitude": 99.4007, "เวลาบันทึกข้อมูล (UTC)": "2026-09-27T17:00:00.000Z", "เวลาบันทึกข้อมูล (เวลาไทย)": null }, "geometry": { "type": "Point", "coordinates": [ 99.4007, 13.8126 ] } },
{ "type": "Feature", "properties": { "รหัสสถานี": "K.49", "ชื่อสถานี": "บ้านยางสูง", "จังหวัด": "กาญจนบุรี", "ระดับน้ำปัจจุบัน (ม.รทก.)": 5.48, "ระดับตลิ่ง (ม.รทก.)": null, "ระดับน้ำเทียบตลิ่ง (%)": 131.21, "แนวโน้มระดับน้ำ": "ลดลง", "ระยะจากตลิ่ง (ม.)": "0.98", "อัตราการไหล (ลบ.ม./วิ)": null, "% อัตราการไหล": null, "แนวโน้มอัตราการไหล": "คงที่", "Latitude": 14.48943, "Longitude": 99.46979, "เวลาบันทึกข้อมูล (UTC)": "2026-09-27T17:00:00.000Z", "เวลาบันทึกข้อมูล (เวลาไทย)": null }, "geometry": { "type": "Point", "coordinates": [ 99.46979, 14.48943 ] } },
{ "type": "Feature", "properties": { "รหัสสถานี": "Z.13", "ชื่อสถานี": "บ้านปึก", "จังหวัด": "จันทบุรี", "ระดับน้ำปัจจุบัน (ม.รทก.)": 7.92, "ระดับตลิ่ง (ม.รทก.)": null, "ระดับน้ำเทียบตลิ่ง (%)": 129.37, "แนวโน้มระดับน้ำ": "ลดลง", "ระยะจากตลิ่ง (ม.)": "1.90", "อัตราการไหล (ลบ.ม./วิ)": 315.0, "% อัตราการไหล": "139.38", "แนวโน้มอัตราการไหล": "ลดลง", "Latitude": 12.76323, "Longitude": 102.13804, "เวลาบันทึกข้อมูล (UTC)": "2026-09-27T17:00:00.000Z", "เวลาบันทึกข้อมูล (เวลาไทย)": null }, "geometry": { "type": "Point", "coordinates": [ 102.13804, 12.76323 ] } },
{ "type": "Feature", "properties": { "รหัสสถานี": "M.89", "ชื่อสถานี": "สำนักเทคโนโลยีชีวภัณฑ์สัตว์", "จังหวัด": "นครราชสีมา", "ระดับน้ำปัจจุบัน (ม.รทก.)": 8.2, "ระดับตลิ่ง (ม.รทก.)": null, "ระดับน้ำเทียบตลิ่ง (%)": 128.19, "แนวโน้มระดับน้ำ": "ลดลง", "ระยะจากตลิ่ง (ม.)": "1.70", "อัตราการไหล (ลบ.ม./วิ)": 216.0, "% อัตราการไหล": "172.80", "แนวโน้มอัตราการไหล": "ลดลง", "Latitude": 14.69785, "Longitude": 101.41515, "เวลาบันทึกข้อมูล (UTC)": "2026-09-27T17:00:00.000Z", "เวลาบันทึกข้อมูล (เวลาไทย)": null }, "geometry": { "type": "Point", "coordinates": [ 101.41515, 14.69785 ] } },
{ "type": "Feature", "properties": { "รหัสสถานี": "Z.28", "ชื่อสถานี": "บ้านขุนซ่อง", "จังหวัด": "จันทบุรี", "ระดับน้ำปัจจุบัน (ม.รทก.)": 8.06, "ระดับตลิ่ง (ม.รทก.)": null, "ระดับน้ำเทียบตลิ่ง (%)": 126.11, "แนวโน้มระดับน้ำ": "ลดลง", "ระยะจากตลิ่ง (ม.)": "1.57", "อัตราการไหล (ลบ.ม./วิ)": 102.04, "% อัตราการไหล": "156.98", "แนวโน้มอัตราการไหล": "ลดลง", "Latitude": 13.07735, "Longitude": 101.94553, "เวลาบันทึกข้อมูล (UTC)": "2026-09-27T17:00:00.000Z", "เวลาบันทึกข้อมูล (เวลาไทย)": null }, "geometry": { "type": "Point", "coordinates": [ 101.94553, 13.07735 ] } },
{ "type": "Feature", "properties": { "รหัสสถานี": "C.67", "ชื่อสถานี": "สะพานหัวเวียง", "จังหวัด": "พระนครศรีอยุธยา", "ระดับน้ำปัจจุบัน (ม.รทก.)": 4.88, "ระดับตลิ่ง (ม.รทก.)": null, "ระดับน้ำเทียบตลิ่ง (%)": 122.83, "แนวโน้มระดับน้ำ": "เพิ่มขึ้น", "ระยะจากตลิ่ง (ม.)": "2.13", "อัตราการไหล (ลบ.ม./วิ)": null, "% อัตราการไหล": null, "แนวโน้มอัตราการไหล": "คงที่", "Latitude": 14.368509, "Longitude": 100.41439, "เวลาบันทึกข้อมูล (UTC)": "2026-09-27T17:00:00.000Z", "เวลาบันทึกข้อมูล (เวลาไทย)": null }, "geometry": { "type": "Point", "coordinates": [ 100.41439, 14.368509 ] } },
{ "type": "Feature", "properties": { "รหัสสถานี": "Ny.1B", "ชื่อสถานี": "บ้านเขานางบวช", "จังหวัด": "นครนายก", "ระดับน้ำปัจจุบัน (ม.รทก.)": 10.18, "ระดับตลิ่ง (ม.รทก.)": null, "ระดับน้ำเทียบตลิ่ง (%)": 122.42, "แนวโน้มระดับน้ำ": "เพิ่มขึ้น", "ระยะจากตลิ่ง (ม.)": "1.37", "อัตราการไหล (ลบ.ม./วิ)": null, "% อัตราการไหล": null, "แนวโน้มอัตราการไหล": "คงที่", "Latitude": 14.24582, "Longitude": 101.27425, "เวลาบันทึกข้อมูล (UTC)": "2026-09-27T17:00:00.000Z", "เวลาบันทึกข้อมูล (เวลาไทย)": null }, "geometry": { "type": "Point", "coordinates": [ 101.27425, 14.24582 ] } },
{ "type": "Feature", "properties": { "รหัสสถานี": "K.10", "ชื่อสถานี": "บ้านลุ่มสุ่ม", "จังหวัด": "กาญจนบุรี", "ระดับน้ำปัจจุบัน (ม.รทก.)": 13.08, "ระดับตลิ่ง (ม.รทก.)": null, "ระดับน้ำเทียบตลิ่ง (%)": 121.38, "แนวโน้มระดับน้ำ": "เพิ่มขึ้น", "ระยะจากตลิ่ง (ม.)": "2.78", "อัตราการไหล (ลบ.ม./วิ)": 1460.7, "% อัตราการไหล": "143.21", "แนวโน้มอัตราการไหล": "เพิ่มขึ้น", "Latitude": 14.09243, "Longitude": 99.17899, "เวลาบันทึกข้อมูล (UTC)": "2026-09-27T17:00:00.000Z", "เวลาบันทึกข้อมูล (เวลาไทย)": null }, "geometry": { "type": "Point", "coordinates": [ 99.17899, 14.09243 ] } },
{ "type": "Feature", "properties": { "รหัสสถานี": "TTC05", "ชื่อสถานี": "วัดมณีวรรณ", "จังหวัด": "สุพรรณบุรี", "ระดับน้ำปัจจุบัน (ม.รทก.)": 4.7599998, "ระดับตลิ่ง (ม.รทก.)": null, "ระดับน้ำเทียบตลิ่ง (%)": 121.05, "แนวโน้มระดับน้ำ": "คงที่", "ระยะจากตลิ่ง (ม.)": "1.44", "อัตราการไหล (ลบ.ม./วิ)": null, "% อัตราการไหล": null, "แนวโน้มอัตราการไหล": "คงที่", "Latitude": 14.3969, "Longitude": 100.153, "เวลาบันทึกข้อมูล (UTC)": "2026-09-27T17:00:00.000Z", "เวลาบันทึกข้อมูล (เวลาไทย)": null }, "geometry": { "type": "Point", "coordinates": [ 100.153, 14.3969 ] } },
{ "type": "Feature", "properties": { "รหัสสถานี": "TS.17", "ชื่อสถานี": "คลองน้ำจู", "จังหวัด": "เพชรบูรณ์", "ระดับน้ำปัจจุบัน (ม.รทก.)": 4.939995, "ระดับตลิ่ง (ม.รทก.)": null, "ระดับน้ำเทียบตลิ่ง (%)": 120.05, "แนวโน้มระดับน้ำ": "คงที่", "ระยะจากตลิ่ง (ม.)": "0.78", "อัตราการไหล (ลบ.ม./วิ)": null, "% อัตราการไหล": null, "แนวโน้มอัตราการไหล": "คงที่", "Latitude": 16.04515, "Longitude": 101.12285, "เวลาบันทึกข้อมูล (UTC)": "2026-09-27T17:00:00.000Z", "เวลาบันทึกข้อมูล (เวลาไทย)": null }, "geometry": { "type": "Point", "coordinates": [ 101.12285, 16.04515 ] } },
{ "type": "Feature", "properties": { "รหัสสถานี": "TK.67", "ชื่อสถานี": "วัดศรีมงคล", "จังหวัด": "กาญจนบุรี", "ระดับน้ำปัจจุบัน (ม.รทก.)": 4.5, "ระดับตลิ่ง (ม.รทก.)": null, "ระดับน้ำเทียบตลิ่ง (%)": 119.89, "แนวโน้มระดับน้ำ": "ลดลง", "ระยะจากตลิ่ง (ม.)": "0.75", "อัตราการไหล (ลบ.ม./วิ)": null, "% อัตราการไหล": null, "แนวโน้มอัตราการไหล": "คงที่", "Latitude": 14.0182, "Longitude": 99.1592, "เวลาบันทึกข้อมูล (UTC)": "2026-09-27T17:00:00.000Z", "เวลาบันทึกข้อมูล (เวลาไทย)": null }, "geometry": { "type": "Point", "coordinates": [ 99.1592, 14.0182 ] } },
{ "type": "Feature", "properties": { "รหัสสถานี": "TKgt51", "ชื่อสถานี": "ประจันตคาม", "จังหวัด": "ปราจีนบุรี", "ระดับน้ำปัจจุบัน (ม.รทก.)": 6.54, "ระดับตลิ่ง (ม.รทก.)": null, "ระดับน้ำเทียบตลิ่ง (%)": 118.48, "แนวโน้มระดับน้ำ": "ลดลง", "ระยะจากตลิ่ง (ม.)": "1.12", "อัตราการไหล (ลบ.ม./วิ)": null, "% อัตราการไหล": null, "แนวโน้มอัตราการไหล": "คงที่", "Latitude": 14.069966, "Longitude": 101.51858, "เวลาบันทึกข้อมูล (UTC)": "2026-09-27T17:00:00.000Z", "เวลาบันทึกข้อมูล (เวลาไทย)": null }, "geometry": { "type": "Point", "coordinates": [ 101.51858, 14.069966 ] } },
{ "type": "Feature", "properties": { "รหัสสถานี": "TS.23", "ชื่อสถานี": "คลองส้ม", "จังหวัด": "ลพบุรี", "ระดับน้ำปัจจุบัน (ม.รทก.)": 4.950001, "ระดับตลิ่ง (ม.รทก.)": null, "ระดับน้ำเทียบตลิ่ง (%)": 118.14, "แนวโน้มระดับน้ำ": "เพิ่มขึ้น", "ระยะจากตลิ่ง (ม.)": "0.76", "อัตราการไหล (ลบ.ม./วิ)": null, "% อัตราการไหล": null, "แนวโน้มอัตราการไหล": "คงที่", "Latitude": 14.822028, "Longitude": 101.014595, "เวลาบันทึกข้อมูล (UTC)": "2026-09-27T17:00:00.000Z", "เวลาบันทึกข้อมูล (เวลาไทย)": null }, "geometry": { "type": "Point", "coordinates": [ 101.014595, 14.822028 ] } },
{ "type": "Feature", "properties": { "รหัสสถานี": "Kgt.13A", "ชื่อสถานี": "บ้านโนนสุขภูมิ", "จังหวัด": "ปราจีนบุรี", "ระดับน้ำปัจจุบัน (ม.รทก.)": 18.15, "ระดับตลิ่ง (ม.รทก.)": null, "ระดับน้ำเทียบตลิ่ง (%)": 117.97, "แนวโน้มระดับน้ำ": "เพิ่มขึ้น", "ระยะจากตลิ่ง (ม.)": "1.98", "อัตราการไหล (ลบ.ม./วิ)": null, "% อัตราการไหล": null, "แนวโน้มอัตราการไหล": "คงที่", "Latitude": 13.91009, "Longitude": 101.83821, "เวลาบันทึกข้อมูล (UTC)": "2026-09-27T17:00:00.000Z", "เวลาบันทึกข้อมูล (เวลาไทย)": null }, "geometry": { "type": "Point", "coordinates": [ 101.83821, 13.91009 ] } },
{ "type": "Feature", "properties": { "รหัสสถานี": "Ct.5A", "ชื่อสถานี": "บ้านปางมะค่า", "จังหวัด": "กำแพงเพชร", "ระดับน้ำปัจจุบัน (ม.รทก.)": 108.11, "ระดับตลิ่ง (ม.รทก.)": null, "ระดับน้ำเทียบตลิ่ง (%)": 117.76, "แนวโน้มระดับน้ำ": "คงที่", "ระยะจากตลิ่ง (ม.)": "0.89", "อัตราการไหล (ลบ.ม./วิ)": null, "% อัตราการไหล": null, "แนวโน้มอัตราการไหล": "คงที่", "Latitude": 15.92832, "Longitude": 99.50237, "เวลาบันทึกข้อมูล (UTC)": "2026-09-27T17:00:00.000Z", "เวลาบันทึกข้อมูล (เวลาไทย)": null }, "geometry": { "type": "Point", "coordinates": [ 99.50237, 15.92832 ] } },
{ "type": "Feature", "properties": { "รหัสสถานี": "TTL.04", "ชื่อสถานี": "บ้านฟากห้วย", "จังหวัด": "สระแก้ว", "ระดับน้ำปัจจุบัน (ม.รทก.)": 6.4399986, "ระดับตลิ่ง (ม.รทก.)": null, "ระดับน้ำเทียบตลิ่ง (%)": 117.73, "แนวโน้มระดับน้ำ": "เพิ่มขึ้น", "ระยะจากตลิ่ง (ม.)": "0.97", "อัตราการไหล (ลบ.ม./วิ)": null, "% อัตราการไหล": null, "แนวโน้มอัตราการไหล": "คงที่", "Latitude": 13.684085, "Longitude": 102.50111, "เวลาบันทึกข้อมูล (UTC)": "2026-09-27T17:00:00.000Z", "เวลาบันทึกข้อมูล (เวลาไทย)": null }, "geometry": { "type": "Point", "coordinates": [ 102.50111, 13.684085 ] } },
{ "type": "Feature", "properties": { "รหัสสถานี": "TKgt53", "ชื่อสถานี": "บ้านตะเภาลาย", "จังหวัด": "ปราจีนบุรี", "ระดับน้ำปัจจุบัน (ม.รทก.)": 3.76, "ระดับตลิ่ง (ม.รทก.)": null, "ระดับน้ำเทียบตลิ่ง (%)": 117.67, "แนวโน้มระดับน้ำ": "คงที่", "ระยะจากตลิ่ง (ม.)": "1.44", "อัตราการไหล (ลบ.ม./วิ)": null, "% อัตราการไหล": null, "แนวโน้มอัตราการไหล": "คงที่", "Latitude": 14.012733, "Longitude": 101.26519, "เวลาบันทึกข้อมูล (UTC)": "2026-09-27T17:00:00.000Z", "เวลาบันทึกข้อมูล (เวลาไทย)": null }, "geometry": { "type": "Point", "coordinates": [ 101.26519, 14.012733 ] } },
{ "type": "Feature", "properties": { "รหัสสถานี": "Kgt.43A", "ชื่อสถานี": "บ้านนาแขม", "จังหวัด": "ปราจีนบุรี", "ระดับน้ำปัจจุบัน (ม.รทก.)": 11.97, "ระดับตลิ่ง (ม.รทก.)": null, "ระดับน้ำเทียบตลิ่ง (%)": 116.85, "แนวโน้มระดับน้ำ": "เพิ่มขึ้น", "ระยะจากตลิ่ง (ม.)": "1.82", "อัตราการไหล (ลบ.ม./วิ)": 797.6, "% อัตราการไหล": "146.89", "แนวโน้มอัตราการไหล": "เพิ่มขึ้น", "Latitude": 14.02174, "Longitude": 101.75066, "เวลาบันทึกข้อมูล (UTC)": "2026-09-27T17:00:00.000Z", "เวลาบันทึกข้อมูล (เวลาไทย)": null }, "geometry": { "type": "Point", "coordinates": [ 101.75066, 14.02174 ] } },
{ "type": "Feature", "properties": { "รหัสสถานี": "TK.37A", "ชื่อสถานี": "วัดยางเกาะ", "จังหวัด": "กาญจนบุรี", "ระดับน้ำปัจจุบัน (ม.รทก.)": 6.4300003, "ระดับตลิ่ง (ม.รทก.)": null, "ระดับน้ำเทียบตลิ่ง (%)": 116.8, "แนวโน้มระดับน้ำ": "เพิ่มขึ้น", "ระยะจากตลิ่ง (ม.)": "1.07", "อัตราการไหล (ลบ.ม./วิ)": null, "% อัตราการไหล": null, "แนวโน้มอัตราการไหล": "คงที่", "Latitude": 13.901244, "Longitude": 99.46222, "เวลาบันทึกข้อมูล (UTC)": "2026-09-27T17:00:00.000Z", "เวลาบันทึกข้อมูล (เวลาไทย)": null }, "geometry": { "type": "Point", "coordinates": [ 99.46222, 13.901244 ] } },
{ "type": "Feature", "properties": { "รหัสสถานี": "Kgt.34", "ชื่อสถานี": "บ้านวังหมัน", "จังหวัด": "ปราจีนบุรี", "ระดับน้ำปัจจุบัน (ม.รทก.)": 9.16, "ระดับตลิ่ง (ม.รทก.)": null, "ระดับน้ำเทียบตลิ่ง (%)": 116.76, "แนวโน้มระดับน้ำ": "ลดลง", "ระยะจากตลิ่ง (ม.)": "1.60", "อัตราการไหล (ลบ.ม./วิ)": null, "% อัตราการไหล": null, "แนวโน้มอัตราการไหล": "คงที่", "Latitude": 14.10461, "Longitude": 101.74418, "เวลาบันทึกข้อมูล (UTC)": "2026-09-27T17:00:00.000Z", "เวลาบันทึกข้อมูล (เวลาไทย)": null }, "geometry": { "type": "Point", "coordinates": [ 101.74418, 14.10461 ] } },
{ "type": "Feature", "properties": { "รหัสสถานี": "C.36", "ชื่อสถานี": "บ้านบางหลวงโดด", "จังหวัด": "พระนครศรีอยุธยา", "ระดับน้ำปัจจุบัน (ม.รทก.)": 5.84, "ระดับตลิ่ง (ม.รทก.)": null, "ระดับน้ำเทียบตลิ่ง (%)": 115.02, "แนวโน้มระดับน้ำ": "เพิ่มขึ้น", "ระยะจากตลิ่ง (ม.)": "1.54", "อัตราการไหล (ลบ.ม./วิ)": 693.0, "% อัตราการไหล": "157.14", "แนวโน้มอัตราการไหล": "เพิ่มขึ้น", "Latitude": 14.41588, "Longitude": 100.4408, "เวลาบันทึกข้อมูล (UTC)": "2026-09-27T17:00:00.000Z", "เวลาบันทึกข้อมูล (เวลาไทย)": null }, "geometry": { "type": "Point", "coordinates": [ 100.4408, 14.41588 ] } },
{ "type": "Feature", "properties": { "รหัสสถานี": "Z.10", "ชื่อสถานี": "บ้านศรีบัวทอง", "จังหวัด": "ตราด", "ระดับน้ำปัจจุบัน (ม.รทก.)": 13.02, "ระดับตลิ่ง (ม.รทก.)": null, "ระดับน้ำเทียบตลิ่ง (%)": 114.06, "แนวโน้มระดับน้ำ": "ลดลง", "ระยะจากตลิ่ง (ม.)": "1.52", "อัตราการไหล (ลบ.ม./วิ)": 521.4, "% อัตราการไหล": "124.74", "แนวโน้มอัตราการไหล": "ลดลง", "Latitude": 12.4765, "Longitude": 102.47787, "เวลาบันทึกข้อมูล (UTC)": "2026-09-27T17:00:00.000Z", "เวลาบันทึกข้อมูล (เวลาไทย)": null }, "geometry": { "type": "Point", "coordinates": [ 102.47787, 12.4765 ] } },
{ "type": "Feature", "properties": { "รหัสสถานี": "Kgt.9", "ชื่อสถานี": "บ้านเขาฉกรรจ์", "จังหวัด": "สระแก้ว", "ระดับน้ำปัจจุบัน (ม.รทก.)": 11.4, "ระดับตลิ่ง (ม.รทก.)": null, "ระดับน้ำเทียบตลิ่ง (%)": 113.36, "แนวโน้มระดับน้ำ": "ลดลง", "ระยะจากตลิ่ง (ม.)": "1.40", "อัตราการไหล (ลบ.ม./วิ)": 676.1, "% อัตราการไหล": "129.52", "แนวโน้มอัตราการไหล": "ลดลง", "Latitude": 13.66804, "Longitude": 102.0756, "เวลาบันทึกข้อมูล (UTC)": "2026-09-27T17:00:00.000Z", "เวลาบันทึกข้อมูล (เวลาไทย)": null }, "geometry": { "type": "Point", "coordinates": [ 102.0756, 13.66804 ] } },
{ "type": "Feature", "properties": { "รหัสสถานี": "TP.96", "ชื่อสถานี": "บ้านใหม่เสรีธรรม", "จังหวัด": "กำแพงเพชร", "ระดับน้ำปัจจุบัน (ม.รทก.)": 3.4100037, "ระดับตลิ่ง (ม.รทก.)": null, "ระดับน้ำเทียบตลิ่ง (%)": 112.8, "แนวโน้มระดับน้ำ": "ลดลง", "ระยะจากตลิ่ง (ม.)": "0.37", "อัตราการไหล (ลบ.ม./วิ)": null, "% อัตราการไหล": null, "แนวโน้มอัตราการไหล": "คงที่", "Latitude": 16.533264, "Longitude": 99.2288, "เวลาบันทึกข้อมูล (UTC)": "2026-09-27T17:00:00.000Z", "เวลาบันทึกข้อมูล (เวลาไทย)": null }, "geometry": { "type": "Point", "coordinates": [ 99.2288, 16.533264 ] } },
{ "type": "Feature", "properties": { "รหัสสถานี": "TSK.15", "ชื่อสถานี": "วัดโคกหม้อ", "จังหวัด": "อุทัยธานี", "ระดับน้ำปัจจุบัน (ม.รทก.)": 9.049999, "ระดับตลิ่ง (ม.รทก.)": null, "ระดับน้ำเทียบตลิ่ง (%)": 112.14, "แนวโน้มระดับน้ำ": "คงที่", "ระยะจากตลิ่ง (ม.)": "0.98", "อัตราการไหล (ลบ.ม./วิ)": null, "% อัตราการไหล": null, "แนวโน้มอัตราการไหล": "คงที่", "Latitude": 15.534278, "Longitude": 99.899086, "เวลาบันทึกข้อมูล (UTC)": "2026-09-27T17:00:00.000Z", "เวลาบันทึกข้อมูล (เวลาไทย)": null }, "geometry": { "type": "Point", "coordinates": [ 99.899086, 15.534278 ] } },
{ "type": "Feature", "properties": { "รหัสสถานี": "T.13", "ชื่อสถานี": "บ้านบางการ้อง", "จังหวัด": "สุพรรณบุรี", "ระดับน้ำปัจจุบัน (ม.รทก.)": 7.14, "ระดับตลิ่ง (ม.รทก.)": null, "ระดับน้ำเทียบตลิ่ง (%)": 111.62, "แนวโน้มระดับน้ำ": "คงที่", "ระยะจากตลิ่ง (ม.)": "0.74", "อัตราการไหล (ลบ.ม./วิ)": null, "% อัตราการไหล": null, "แนวโน้มอัตราการไหล": "คงที่", "Latitude": 14.157, "Longitude": 100.12791, "เวลาบันทึกข้อมูล (UTC)": "2026-09-27T17:00:00.000Z", "เวลาบันทึกข้อมูล (เวลาไทย)": null }, "geometry": { "type": "Point", "coordinates": [ 100.12791, 14.157 ] } },
{ "type": "Feature", "properties": { "รหัสสถานี": "Kgt.6", "ชื่อสถานี": "อ.ศรีมหาโพธิ์", "จังหวัด": "ปราจีนบุรี", "ระดับน้ำปัจจุบัน (ม.รทก.)": 8.18, "ระดับตลิ่ง (ม.รทก.)": null, "ระดับน้ำเทียบตลิ่ง (%)": 111.54, "แนวโน้มระดับน้ำ": "เพิ่มขึ้น", "ระยะจากตลิ่ง (ม.)": "1.57", "อัตราการไหล (ลบ.ม./วิ)": null, "% อัตราการไหล": null, "แนวโน้มอัตราการไหล": "คงที่", "Latitude": 13.97341, "Longitude": 101.51745, "เวลาบันทึกข้อมูล (UTC)": "2026-09-27T17:00:00.000Z", "เวลาบันทึกข้อมูล (เวลาไทย)": null }, "geometry": { "type": "Point", "coordinates": [ 101.51745, 13.97341 ] } },
{ "type": "Feature", "properties": { "รหัสสถานี": "TP.26A", "ชื่อสถานี": "บ้านหัวฝาย( P.26A เดิม)", "จังหวัด": "กำแพงเพชร", "ระดับน้ำปัจจุบัน (ม.รทก.)": 4.4300003, "ระดับตลิ่ง (ม.รทก.)": null, "ระดับน้ำเทียบตลิ่ง (%)": 111.02, "แนวโน้มระดับน้ำ": "เพิ่มขึ้น", "ระยะจากตลิ่ง (ม.)": "0.39", "อัตราการไหล (ลบ.ม./วิ)": null, "% อัตราการไหล": null, "แนวโน้มอัตราการไหล": "คงที่", "Latitude": 16.447695, "Longitude": 99.427864, "เวลาบันทึกข้อมูล (UTC)": "2026-09-27T17:00:00.000Z", "เวลาบันทึกข้อมูล (เวลาไทย)": null }, "geometry": { "type": "Point", "coordinates": [ 99.427864, 16.447695 ] } },
{ "type": "Feature", "properties": { "รหัสสถานี": "TM.1A", "ชื่อสถานี": "TM.1A (วัดใหม่อัมพร)", "จังหวัด": "นครราชสีมา", "ระดับน้ำปัจจุบัน (ม.รทก.)": 5.0200043, "ระดับตลิ่ง (ม.รทก.)": null, "ระดับน้ำเทียบตลิ่ง (%)": 110.82, "แนวโน้มระดับน้ำ": "ลดลง", "ระยะจากตลิ่ง (ม.)": "0.49", "อัตราการไหล (ลบ.ม./วิ)": null, "% อัตราการไหล": null, "แนวโน้มอัตราการไหล": "คงที่", "Latitude": 14.90168, "Longitude": 101.81711, "เวลาบันทึกข้อมูล (UTC)": "2026-09-27T17:00:00.000Z", "เวลาบันทึกข้อมูล (เวลาไทย)": null }, "geometry": { "type": "Point", "coordinates": [ 101.81711, 14.90168 ] } },
{ "type": "Feature", "properties": { "รหัสสถานี": "TKgt62", "ชื่อสถานี": "ศรีมหาโพธิ์", "จังหวัด": "ปราจีนบุรี", "ระดับน้ำปัจจุบัน (ม.รทก.)": 9.03, "ระดับตลิ่ง (ม.รทก.)": null, "ระดับน้ำเทียบตลิ่ง (%)": 109.92, "แนวโน้มระดับน้ำ": "เพิ่มขึ้น", "ระยะจากตลิ่ง (ม.)": "1.21", "อัตราการไหล (ลบ.ม./วิ)": null, "% อัตราการไหล": null, "แนวโน้มอัตราการไหล": "คงที่", "Latitude": 13.973075, "Longitude": 101.51253, "เวลาบันทึกข้อมูล (UTC)": "2026-09-27T17:00:00.000Z", "เวลาบันทึกข้อมูล (เวลาไทย)": null }, "geometry": { "type": "Point", "coordinates": [ 101.51253, 13.973075 ] } },
{ "type": "Feature", "properties": { "รหัสสถานี": "C.68", "ชื่อสถานี": "ตลาดเสนา", "จังหวัด": "พระนครศรีอยุธยา", "ระดับน้ำปัจจุบัน (ม.รทก.)": 3.85, "ระดับตลิ่ง (ม.รทก.)": null, "ระดับน้ำเทียบตลิ่ง (%)": 109.42, "แนวโน้มระดับน้ำ": "เพิ่มขึ้น", "ระยะจากตลิ่ง (ม.)": "0.65", "อัตราการไหล (ลบ.ม./วิ)": null, "% อัตราการไหล": null, "แนวโน้มอัตราการไหล": "คงที่", "Latitude": 14.327789, "Longitude": 100.40543, "เวลาบันทึกข้อมูล (UTC)": "2026-09-27T17:00:00.000Z", "เวลาบันทึกข้อมูล (เวลาไทย)": null }, "geometry": { "type": "Point", "coordinates": [ 100.40543, 14.327789 ] } },
{ "type": "Feature", "properties": { "รหัสสถานี": "Z.11", "ชื่อสถานี": "บ้านเขาวังไทร", "จังหวัด": "ระยอง", "ระดับน้ำปัจจุบัน (ม.รทก.)": 7.08, "ระดับตลิ่ง (ม.รทก.)": null, "ระดับน้ำเทียบตลิ่ง (%)": 109.19, "แนวโน้มระดับน้ำ": "เพิ่มขึ้น", "ระยะจากตลิ่ง (ม.)": "0.55", "อัตราการไหล (ลบ.ม./วิ)": 198.05, "% อัตราการไหล": "117.89", "แนวโน้มอัตราการไหล": "เพิ่มขึ้น", "Latitude": 12.85783, "Longitude": 101.61574, "เวลาบันทึกข้อมูล (UTC)": "2026-09-27T17:00:00.000Z", "เวลาบันทึกข้อมูล (เวลาไทย)": null }, "geometry": { "type": "Point", "coordinates": [ 101.61574, 12.85783 ] } },
{ "type": "Feature", "properties": { "รหัสสถานี": "T.15", "ชื่อสถานี": "วัดบางไผ่นารถ", "จังหวัด": "นครปฐม", "ระดับน้ำปัจจุบัน (ม.รทก.)": 8.47, "ระดับตลิ่ง (ม.รทก.)": null, "ระดับน้ำเทียบตลิ่ง (%)": 108.69, "แนวโน้มระดับน้ำ": "เพิ่มขึ้น", "ระยะจากตลิ่ง (ม.)": "0.67", "อัตราการไหล (ลบ.ม./วิ)": null, "% อัตราการไหล": null, "แนวโน้มอัตราการไหล": "คงที่", "Latitude": 14.05221, "Longitude": 100.17509, "เวลาบันทึกข้อมูล (UTC)": "2026-09-27T17:00:00.000Z", "เวลาบันทึกข้อมูล (เวลาไทย)": null }, "geometry": { "type": "Point", "coordinates": [ 100.17509, 14.05221 ] } },
{ "type": "Feature", "properties": { "รหัสสถานี": "Z.64", "ชื่อสถานี": "ตำบลท่าหลวง", "จังหวัด": "จันทบุรี", "ระดับน้ำปัจจุบัน (ม.รทก.)": 8.06, "ระดับตลิ่ง (ม.รทก.)": null, "ระดับน้ำเทียบตลิ่ง (%)": 108.5, "แนวโน้มระดับน้ำ": "เพิ่มขึ้น", "ระยะจากตลิ่ง (ม.)": "0.85", "อัตราการไหล (ลบ.ม./วิ)": null, "% อัตราการไหล": null, "แนวโน้มอัตราการไหล": "คงที่", "Latitude": 12.657201, "Longitude": 102.15439, "เวลาบันทึกข้อมูล (UTC)": "2026-09-27T17:00:00.000Z", "เวลาบันทึกข้อมูล (เวลาไทย)": null }, "geometry": { "type": "Point", "coordinates": [ 102.15439, 12.657201 ] } },
{ "type": "Feature", "properties": { "รหัสสถานี": "TKgt60", "ชื่อสถานี": "บางขนาก", "จังหวัด": "ฉะเชิงเทรา", "ระดับน้ำปัจจุบัน (ม.รทก.)": 2.34, "ระดับตลิ่ง (ม.รทก.)": null, "ระดับน้ำเทียบตลิ่ง (%)": 108.33, "แนวโน้มระดับน้ำ": "คงที่", "ระยะจากตลิ่ง (ม.)": "0.94", "อัตราการไหล (ลบ.ม./วิ)": null, "% อัตราการไหล": null, "แนวโน้มอัตราการไหล": "คงที่", "Latitude": 13.874795, "Longitude": 101.14165, "เวลาบันทึกข้อมูล (UTC)": "2026-09-27T17:00:00.000Z", "เวลาบันทึกข้อมูล (เวลาไทย)": null }, "geometry": { "type": "Point", "coordinates": [ 101.14165, 13.874795 ] } },
{ "type": "Feature", "properties": { "รหัสสถานี": "Ny.7", "ชื่อสถานี": "เทศบาลเมือง", "จังหวัด": "นครนายก", "ระดับน้ำปัจจุบัน (ม.รทก.)": 7.38, "ระดับตลิ่ง (ม.รทก.)": null, "ระดับน้ำเทียบตลิ่ง (%)": 108.31, "แนวโน้มระดับน้ำ": "ลดลง", "ระยะจากตลิ่ง (ม.)": "0.82", "อัตราการไหล (ลบ.ม./วิ)": null, "% อัตราการไหล": null, "แนวโน้มอัตราการไหล": "คงที่", "Latitude": 14.20048, "Longitude": 101.21931, "เวลาบันทึกข้อมูล (UTC)": "2026-09-27T17:00:00.000Z", "เวลาบันทึกข้อมูล (เวลาไทย)": null }, "geometry": { "type": "Point", "coordinates": [ 101.21931, 14.20048 ] } },
{ "type": "Feature", "properties": { "รหัสสถานี": "TTr16", "ชื่อสถานี": "บ้านเกาะเคี่ยม", "จังหวัด": "ตรัง", "ระดับน้ำปัจจุบัน (ม.รทก.)": 1.79, "ระดับตลิ่ง (ม.รทก.)": null, "ระดับน้ำเทียบตลิ่ง (%)": 107.96, "แนวโน้มระดับน้ำ": "เพิ่มขึ้น", "ระยะจากตลิ่ง (ม.)": "0.25", "อัตราการไหล (ลบ.ม./วิ)": null, "% อัตราการไหล": null, "แนวโน้มอัตราการไหล": "คงที่", "Latitude": 7.336656, "Longitude": 99.508575, "เวลาบันทึกข้อมูล (UTC)": "2026-09-27T17:00:00.000Z", "เวลาบันทึกข้อมูล (เวลาไทย)": null }, "geometry": { "type": "Point", "coordinates": [ 99.508575, 7.336656 ] } },
{ "type": "Feature", "properties": { "รหัสสถานี": "TS.25", "ชื่อสถานี": "วัดจอมเกษ", "จังหวัด": "พระนครศรีอยุธยา", "ระดับน้ำปัจจุบัน (ม.รทก.)": 3.64, "ระดับตลิ่ง (ม.รทก.)": null, "ระดับน้ำเทียบตลิ่ง (%)": 107.88, "แนวโน้มระดับน้ำ": "เพิ่มขึ้น", "ระยะจากตลิ่ง (ม.)": "0.46", "อัตราการไหล (ลบ.ม./วิ)": null, "% อัตราการไหล": null, "แนวโน้มอัตราการไหล": "คงที่", "Latitude": 14.414349, "Longitude": 100.55782, "เวลาบันทึกข้อมูล (UTC)": "2026-09-27T17:00:00.000Z", "เวลาบันทึกข้อมูล (เวลาไทย)": null }, "geometry": { "type": "Point", "coordinates": [ 100.55782, 14.414349 ] } },
{ "type": "Feature", "properties": { "รหัสสถานี": "Z.62", "ชื่อสถานี": "บ้านค่าย", "จังหวัด": "ระยอง", "ระดับน้ำปัจจุบัน (ม.รทก.)": 7.39, "ระดับตลิ่ง (ม.รทก.)": null, "ระดับน้ำเทียบตลิ่ง (%)": 107.51, "แนวโน้มระดับน้ำ": "เพิ่มขึ้น", "ระยะจากตลิ่ง (ม.)": "0.54", "อัตราการไหล (ลบ.ม./วิ)": 169.2, "% อัตราการไหล": "116.69", "แนวโน้มอัตราการไหล": "เพิ่มขึ้น", "Latitude": 12.78358, "Longitude": 101.29594, "เวลาบันทึกข้อมูล (UTC)": "2026-09-27T17:00:00.000Z", "เวลาบันทึกข้อมูล (เวลาไทย)": null }, "geometry": { "type": "Point", "coordinates": [ 101.29594, 12.78358 ] } },
{ "type": "Feature", "properties": { "รหัสสถานี": "TNy11", "ชื่อสถานี": "เขื่อนนายก", "จังหวัด": "นครนายก", "ระดับน้ำปัจจุบัน (ม.รทก.)": 5.34, "ระดับตลิ่ง (ม.รทก.)": null, "ระดับน้ำเทียบตลิ่ง (%)": 107.51, "แนวโน้มระดับน้ำ": "ลดลง", "ระยะจากตลิ่ง (ม.)": "0.55", "อัตราการไหล (ลบ.ม./วิ)": null, "% อัตราการไหล": null, "แนวโน้มอัตราการไหล": "คงที่", "Latitude": 14.18205, "Longitude": 101.16216, "เวลาบันทึกข้อมูล (UTC)": "2026-09-27T17:00:00.000Z", "เวลาบันทึกข้อมูล (เวลาไทย)": null }, "geometry": { "type": "Point", "coordinates": [ 101.16216, 14.18205 ] } },
{ "type": "Feature", "properties": { "รหัสสถานี": "TSK.13", "ชื่อสถานี": "อบต.ศาลเจ้าไก่ต่อ", "จังหวัด": "นครสวรรค์", "ระดับน้ำปัจจุบัน (ม.รทก.)": 3.5600052, "ระดับตลิ่ง (ม.รทก.)": null, "ระดับน้ำเทียบตลิ่ง (%)": 107.23, "แนวโน้มระดับน้ำ": "คงที่", "ระยะจากตลิ่ง (ม.)": "0.24", "อัตราการไหล (ลบ.ม./วิ)": null, "% อัตราการไหล": null, "แนวโน้มอัตราการไหล": "คงที่", "Latitude": 15.773471, "Longitude": 99.66709, "เวลาบันทึกข้อมูล (UTC)": "2026-09-27T17:00:00.000Z", "เวลาบันทึกข้อมูล (เวลาไทย)": null }, "geometry": { "type": "Point", "coordinates": [ 99.66709, 15.773471 ] } },
{ "type": "Feature", "properties": { "รหัสสถานี": "S.42", "ชื่อสถานี": "บ้านบ่อวัง", "จังหวัด": "เพชรบูรณ์", "ระดับน้ำปัจจุบัน (ม.รทก.)": 11.58, "ระดับตลิ่ง (ม.รทก.)": null, "ระดับน้ำเทียบตลิ่ง (%)": 107.08, "แนวโน้มระดับน้ำ": "คงที่", "ระยะจากตลิ่ง (ม.)": "0.58", "อัตราการไหล (ลบ.ม./วิ)": 316.9, "% อัตราการไหล": "126.76", "แนวโน้มอัตราการไหล": "คงที่", "Latitude": 15.5783, "Longitude": 101.08862, "เวลาบันทึกข้อมูล (UTC)": "2026-09-27T17:00:00.000Z", "เวลาบันทึกข้อมูล (เวลาไทย)": null }, "geometry": { "type": "Point", "coordinates": [ 101.08862, 15.5783 ] } },
{ "type": "Feature", "properties": { "รหัสสถานี": "T.1", "ชื่อสถานี": "ที่ว่าการอ.นครชัยศรี", "จังหวัด": "นครปฐม", "ระดับน้ำปัจจุบัน (ม.รทก.)": 11.96, "ระดับตลิ่ง (ม.รทก.)": null, "ระดับน้ำเทียบตลิ่ง (%)": 106.82, "แนวโน้มระดับน้ำ": "ลดลง", "ระยะจากตลิ่ง (ม.)": "0.76", "อัตราการไหล (ลบ.ม./วิ)": null, "% อัตราการไหล": null, "แนวโน้มอัตราการไหล": "คงที่", "Latitude": 13.80096, "Longitude": 100.18803, "เวลาบันทึกข้อมูล (UTC)": "2026-09-27T17:00:00.000Z", "เวลาบันทึกข้อมูล (เวลาไทย)": null }, "geometry": { "type": "Point", "coordinates": [ 100.18803, 13.80096 ] } },
{ "type": "Feature", "properties": { "รหัสสถานี": "TP.101", "ชื่อสถานี": "บ้านโป่งน้ำร้อน", "จังหวัด": "กำแพงเพชร", "ระดับน้ำปัจจุบัน (ม.รทก.)": 4.0999985, "ระดับตลิ่ง (ม.รทก.)": null, "ระดับน้ำเทียบตลิ่ง (%)": 106.73, "แนวโน้มระดับน้ำ": "ลดลง", "ระยะจากตลิ่ง (ม.)": "0.33", "อัตราการไหล (ลบ.ม./วิ)": null, "% อัตราการไหล": null, "แนวโน้มอัตราการไหล": "คงที่", "Latitude": 16.332056, "Longitude": 99.31694, "เวลาบันทึกข้อมูล (UTC)": "2026-09-27T17:00:00.000Z", "เวลาบันทึกข้อมูล (เวลาไทย)": null }, "geometry": { "type": "Point", "coordinates": [ 99.31694, 16.332056 ] } },
{ "type": "Feature", "properties": { "รหัสสถานี": "T.MakhamthaoRegulator", "ชื่อสถานี": "T.ปตร.มะขามเฒ่า", "จังหวัด": "ชัยนาท", "ระดับน้ำปัจจุบัน (ม.รทก.)": 9.6, "ระดับตลิ่ง (ม.รทก.)": null, "ระดับน้ำเทียบตลิ่ง (%)": 106.07, "แนวโน้มระดับน้ำ": "เพิ่มขึ้น", "ระยะจากตลิ่ง (ม.)": "0.31", "อัตราการไหล (ลบ.ม./วิ)": null, "% อัตราการไหล": null, "แนวโน้มอัตราการไหล": "คงที่", "Latitude": 15.222455, "Longitude": 100.06222, "เวลาบันทึกข้อมูล (UTC)": "2026-09-27T17:00:00.000Z", "เวลาบันทึกข้อมูล (เวลาไทย)": null }, "geometry": { "type": "Point", "coordinates": [ 100.06222, 15.222455 ] } },
{ "type": "Feature", "properties": { "รหัสสถานี": "TNy9", "ชื่อสถานี": "สมบูรณ์", "จังหวัด": "นครนายก", "ระดับน้ำปัจจุบัน (ม.รทก.)": 2.48, "ระดับตลิ่ง (ม.รทก.)": null, "ระดับน้ำเทียบตลิ่ง (%)": 105.94, "แนวโน้มระดับน้ำ": "คงที่", "ระยะจากตลิ่ง (ม.)": "0.55", "อัตราการไหล (ลบ.ม./วิ)": null, "% อัตราการไหล": null, "แนวโน้มอัตราการไหล": "คงที่", "Latitude": 13.970388, "Longitude": 101.1387, "เวลาบันทึกข้อมูล (UTC)": "2026-09-27T17:00:00.000Z", "เวลาบันทึกข้อมูล (เวลาไทย)": null }, "geometry": { "type": "Point", "coordinates": [ 101.1387, 13.970388 ] } },
{ "type": "Feature", "properties": { "รหัสสถานี": "P.78", "ชื่อสถานี": "บ้านสามเรือน", "จังหวัด": "กำแพงเพชร", "ระดับน้ำปัจจุบัน (ม.รทก.)": 6.59, "ระดับตลิ่ง (ม.รทก.)": null, "ระดับน้ำเทียบตลิ่ง (%)": 104.81, "แนวโน้มระดับน้ำ": "คงที่", "ระยะจากตลิ่ง (ม.)": "0.30", "อัตราการไหล (ลบ.ม./วิ)": 270.0, "% อัตราการไหล": "114.41", "แนวโน้มอัตราการไหล": "คงที่", "Latitude": 16.18206, "Longitude": 99.59726, "เวลาบันทึกข้อมูล (UTC)": "2026-09-27T17:00:00.000Z", "เวลาบันทึกข้อมูล (เวลาไทย)": null }, "geometry": { "type": "Point", "coordinates": [ 99.59726, 16.18206 ] } },
{ "type": "Feature", "properties": { "รหัสสถานี": "T.PhakhaiRegulator", "ชื่อสถานี": "T.ปตร.ผักไห่", "จังหวัด": "สระบุรี", "ระดับน้ำปัจจุบัน (ม.รทก.)": 4.39, "ระดับตลิ่ง (ม.รทก.)": null, "ระดับน้ำเทียบตลิ่ง (%)": 104.64, "แนวโน้มระดับน้ำ": "คงที่", "ระยะจากตลิ่ง (ม.)": "0.20", "อัตราการไหล (ลบ.ม./วิ)": null, "% อัตราการไหล": null, "แนวโน้มอัตราการไหล": "คงที่", "Latitude": 14.43626, "Longitude": 100.375496, "เวลาบันทึกข้อมูล (UTC)": "2026-09-27T17:00:00.000Z", "เวลาบันทึกข้อมูล (เวลาไทย)": null }, "geometry": { "type": "Point", "coordinates": [ 100.375496, 14.43626 ] } },
{ "type": "Feature", "properties": { "รหัสสถานี": "Kgt.1", "ชื่อสถานี": "บ้านหน้าเมือง", "จังหวัด": "ปราจีนบุรี", "ระดับน้ำปัจจุบัน (ม.รทก.)": 4.58, "ระดับตลิ่ง (ม.รทก.)": null, "ระดับน้ำเทียบตลิ่ง (%)": 104.4, "แนวโน้มระดับน้ำ": "เพิ่มขึ้น", "ระยะจากตลิ่ง (ม.)": "0.45", "อัตราการไหล (ลบ.ม./วิ)": null, "% อัตราการไหล": null, "แนวโน้มอัตราการไหล": "คงที่", "Latitude": 14.05144, "Longitude": 101.36738, "เวลาบันทึกข้อมูล (UTC)": "2026-09-27T17:00:00.000Z", "เวลาบันทึกข้อมูล (เวลาไทย)": null }, "geometry": { "type": "Point", "coordinates": [ 101.36738, 14.05144 ] } },
{ "type": "Feature", "properties": { "รหัสสถานี": "Ny.3", "ชื่อสถานี": "บ้านป่าขะ", "จังหวัด": "นครนายก", "ระดับน้ำปัจจุบัน (ม.รทก.)": 6.49, "ระดับตลิ่ง (ม.รทก.)": null, "ระดับน้ำเทียบตลิ่ง (%)": 104.01, "แนวโน้มระดับน้ำ": "ลดลง", "ระยะจากตลิ่ง (ม.)": "0.23", "อัตราการไหล (ลบ.ม./วิ)": 78.7, "% อัตราการไหล": "109.31", "แนวโน้มอัตราการไหล": "ลดลง", "Latitude": 14.28644, "Longitude": 101.07047, "เวลาบันทึกข้อมูล (UTC)": "2026-09-27T17:00:00.000Z", "เวลาบันทึกข้อมูล (เวลาไทย)": null }, "geometry": { "type": "Point", "coordinates": [ 101.07047, 14.28644 ] } },
{ "type": "Feature", "properties": { "รหัสสถานี": "S.52", "ชื่อสถานี": "บ้านท่าไม้ทอง", "จังหวัด": "เพชรบูรณ์", "ระดับน้ำปัจจุบัน (ม.รทก.)": 12.09, "ระดับตลิ่ง (ม.รทก.)": null, "ระดับน้ำเทียบตลิ่ง (%)": 103.98, "แนวโน้มระดับน้ำ": "เพิ่มขึ้น", "ระยะจากตลิ่ง (ม.)": "0.49", "อัตราการไหล (ลบ.ม./วิ)": 262.1, "% อัตราการไหล": null, "แนวโน้มอัตราการไหล": "เพิ่มขึ้น", "Latitude": 15.43676, "Longitude": 101.10109, "เวลาบันทึกข้อมูล (UTC)": "2026-09-27T17:00:00.000Z", "เวลาบันทึกข้อมูล (เวลาไทย)": null }, "geometry": { "type": "Point", "coordinates": [ 101.10109, 15.43676 ] } },
{ "type": "Feature", "properties": { "รหัสสถานี": "Ct.4", "ชื่อสถานี": "บ้านศาลเจ้าไก่ต่อ", "จังหวัด": "นครสวรรค์", "ระดับน้ำปัจจุบัน (ม.รทก.)": 71.88, "ระดับตลิ่ง (ม.รทก.)": null, "ระดับน้ำเทียบตลิ่ง (%)": 103.54, "แนวโน้มระดับน้ำ": "เพิ่มขึ้น", "ระยะจากตลิ่ง (ม.)": "0.21", "อัตราการไหล (ลบ.ม./วิ)": 217.0, "% อัตราการไหล": "110.15", "แนวโน้มอัตราการไหล": "เพิ่มขึ้น", "Latitude": 15.78585, "Longitude": 99.67833, "เวลาบันทึกข้อมูล (UTC)": "2026-09-27T17:00:00.000Z", "เวลาบันทึกข้อมูล (เวลาไทย)": null }, "geometry": { "type": "Point", "coordinates": [ 99.67833, 15.78585 ] } },
{ "type": "Feature", "properties": { "รหัสสถานี": "TSK.14", "ชื่อสถานี": "อบต.สว่างแจ้งสบายใจ", "จังหวัด": "อุทัยธานี", "ระดับน้ำปัจจุบัน (ม.รทก.)": 5.449999, "ระดับตลิ่ง (ม.รทก.)": null, "ระดับน้ำเทียบตลิ่ง (%)": 103.22, "แนวโน้มระดับน้ำ": "ลดลง", "ระยะจากตลิ่ง (ม.)": "0.17", "อัตราการไหล (ลบ.ม./วิ)": null, "% อัตราการไหล": null, "แนวโน้มอัตราการไหล": "คงที่", "Latitude": 15.559001, "Longitude": 99.86481, "เวลาบันทึกข้อมูล (UTC)": "2026-09-27T17:00:00.000Z", "เวลาบันทึกข้อมูล (เวลาไทย)": null }, "geometry": { "type": "Point", "coordinates": [ 99.86481, 15.559001 ] } },
{ "type": "Feature", "properties": { "รหัสสถานี": "C.35", "ชื่อสถานี": "บ้านป้อม", "จังหวัด": "พระนครศรีอยุธยา", "ระดับน้ำปัจจุบัน (ม.รทก.)": 4.73, "ระดับตลิ่ง (ม.รทก.)": null, "ระดับน้ำเทียบตลิ่ง (%)": 102.79, "แนวโน้มระดับน้ำ": "เพิ่มขึ้น", "ระยะจากตลิ่ง (ม.)": "0.38", "อัตราการไหล (ลบ.ม./วิ)": 1266.0, "% อัตราการไหล": "109.23", "แนวโน้มอัตราการไหล": "เพิ่มขึ้น", "Latitude": 14.3691, "Longitude": 100.52873, "เวลาบันทึกข้อมูล (UTC)": "2026-09-27T17:00:00.000Z", "เวลาบันทึกข้อมูล (เวลาไทย)": null }, "geometry": { "type": "Point", "coordinates": [ 100.52873, 14.3691 ] } },
{ "type": "Feature", "properties": { "รหัสสถานี": "K.11A", "ชื่อสถานี": "บ้านวังขนาย", "จังหวัด": "กาญจนบุรี", "ระดับน้ำปัจจุบัน (ม.รทก.)": 6.24, "ระดับตลิ่ง (ม.รทก.)": null, "ระดับน้ำเทียบตลิ่ง (%)": 100.55, "แนวโน้มระดับน้ำ": "เพิ่มขึ้น", "ระยะจากตลิ่ง (ม.)": "0.04", "อัตราการไหล (ลบ.ม./วิ)": 1317.2, "% อัตราการไหล": "101.32", "แนวโน้มอัตราการไหล": "เพิ่มขึ้น", "Latitude": 13.95094, "Longitude": 99.64548, "เวลาบันทึกข้อมูล (UTC)": "2026-09-27T17:00:00.000Z", "เวลาบันทึกข้อมูล (เวลาไทย)": null }, "geometry": { "type": "Point", "coordinates": [ 99.64548, 13.95094 ] } },
{ "type": "Feature", "properties": { "รหัสสถานี": "TK.72", "ชื่อสถานี": "วัดบางคนฑีใน", "จังหวัด": "สมุทรสงคราม", "ระดับน้ำปัจจุบัน (ม.รทก.)": 2.04, "ระดับตลิ่ง (ม.รทก.)": null, "ระดับน้ำเทียบตลิ่ง (%)": 100.42, "แนวโน้มระดับน้ำ": "ลดลง", "ระยะจากตลิ่ง (ม.)": "0.01", "อัตราการไหล (ลบ.ม./วิ)": null, "% อัตราการไหล": null, "แนวโน้มอัตราการไหล": "คงที่", "Latitude": 13.4913, "Longitude": 99.9445, "เวลาบันทึกข้อมูล (UTC)": "2026-09-27T17:00:00.000Z", "เวลาบันทึกข้อมูล (เวลาไทย)": null }, "geometry": { "type": "Point", "coordinates": [ 99.9445, 13.4913 ] } },
{ "type": "Feature", "properties": { "รหัสสถานี": "T.14", "ชื่อสถานี": "ร.ร.เทศบาลบ้านสามพราน", "จังหวัด": "นครปฐม", "ระดับน้ำปัจจุบัน (ม.รทก.)": 10.34, "ระดับตลิ่ง (ม.รทก.)": null, "ระดับน้ำเทียบตลิ่ง (%)": 100.39, "แนวโน้มระดับน้ำ": "ลดลง", "ระยะจากตลิ่ง (ม.)": "0.04", "อัตราการไหล (ลบ.ม./วิ)": null, "% อัตราการไหล": null, "แนวโน้มอัตราการไหล": "คงที่", "Latitude": 13.72411, "Longitude": 100.21568, "เวลาบันทึกข้อมูล (UTC)": "2026-09-27T17:00:00.000Z", "เวลาบันทึกข้อมูล (เวลาไทย)": null }, "geometry": { "type": "Point", "coordinates": [ 100.21568, 13.72411 ] } },
{ "type": "Feature", "properties": { "รหัสสถานี": "T.PholarhepRegulator", "ชื่อสถานี": "T.ปตร.พลเทพ", "จังหวัด": "ชัยนาท", "ระดับน้ำปัจจุบัน (ม.รทก.)": 18.6, "ระดับตลิ่ง (ม.รทก.)": null, "ระดับน้ำเทียบตลิ่ง (%)": 99.86, "แนวโน้มระดับน้ำ": "เพิ่มขึ้น", "ระยะจากตลิ่ง (ม.)": "-0.01", "อัตราการไหล (ลบ.ม./วิ)": null, "% อัตราการไหล": null, "แนวโน้มอัตราการไหล": "คงที่", "Latitude": 15.214294, "Longitude": 100.073326, "เวลาบันทึกข้อมูล (UTC)": "2026-09-27T17:00:00.000Z", "เวลาบันทึกข้อมูล (เวลาไทย)": null }, "geometry": { "type": "Point", "coordinates": [ 100.073326, 15.214294 ] } },
{ "type": "Feature", "properties": { "รหัสสถานี": "S.26", "ชื่อสถานี": "ท้ายเขื่อนพระรามหก", "จังหวัด": "พระนครศรีอยุธยา", "ระดับน้ำปัจจุบัน (ม.รทก.)": 7.13, "ระดับตลิ่ง (ม.รทก.)": null, "ระดับน้ำเทียบตลิ่ง (%)": 99.42, "แนวโน้มระดับน้ำ": "เพิ่มขึ้น", "ระยะจากตลิ่ง (ม.)": "-0.07", "อัตราการไหล (ลบ.ม./วิ)": 624.0, "% อัตราการไหล": "98.58", "แนวโน้มอัตราการไหล": "เพิ่มขึ้น", "Latitude": 14.56012, "Longitude": 100.71994, "เวลาบันทึกข้อมูล (UTC)": "2026-09-27T17:00:00.000Z", "เวลาบันทึกข้อมูล (เวลาไทย)": null }, "geometry": { "type": "Point", "coordinates": [ 100.71994, 14.56012 ] } },
{ "type": "Feature", "properties": { "รหัสสถานี": "Y.16", "ชื่อสถานี": "บางระกำ", "จังหวัด": "พิษณุโลก", "ระดับน้ำปัจจุบัน (ม.รทก.)": 7.2, "ระดับตลิ่ง (ม.รทก.)": null, "ระดับน้ำเทียบตลิ่ง (%)": 98.76, "แนวโน้มระดับน้ำ": "คงที่", "ระยะจากตลิ่ง (ม.)": "-0.10", "อัตราการไหล (ลบ.ม./วิ)": null, "% อัตราการไหล": null, "แนวโน้มอัตราการไหล": "คงที่", "Latitude": 16.76204, "Longitude": 100.12102, "เวลาบันทึกข้อมูล (UTC)": "2026-09-27T17:00:00.000Z", "เวลาบันทึกข้อมูล (เวลาไทย)": null }, "geometry": { "type": "Point", "coordinates": [ 100.12102, 16.76204 ] } },
{ "type": "Feature", "properties": { "รหัสสถานี": "TP.104", "ชื่อสถานี": "ศูนย์พัฒนาสังคมหน่วยที่ 4", "จังหวัด": "กำแพงเพชร", "ระดับน้ำปัจจุบัน (ม.รทก.)": 4.029999, "ระดับตลิ่ง (ม.รทก.)": null, "ระดับน้ำเทียบตลิ่ง (%)": 98.57, "แนวโน้มระดับน้ำ": "ลดลง", "ระยะจากตลิ่ง (ม.)": "-0.05", "อัตราการไหล (ลบ.ม./วิ)": null, "% อัตราการไหล": null, "แนวโน้มอัตราการไหล": "คงที่", "Latitude": 16.120138, "Longitude": 99.32775, "เวลาบันทึกข้อมูล (UTC)": "2026-09-27T17:00:00.000Z", "เวลาบันทึกข้อมูล (เวลาไทย)": null }, "geometry": { "type": "Point", "coordinates": [ 99.32775, 16.120138 ] } },
{ "type": "Feature", "properties": { "รหัสสถานี": "ST_02", "ชื่อสถานี": "ฝายบ้านน้ำขุ่น", "จังหวัด": "จันทบุรี", "ระดับน้ำปัจจุบัน (ม.รทก.)": 5.3500004, "ระดับตลิ่ง (ม.รทก.)": null, "ระดับน้ำเทียบตลิ่ง (%)": 98.36, "แนวโน้มระดับน้ำ": "ลดลง", "ระยะจากตลิ่ง (ม.)": "-0.29", "อัตราการไหล (ลบ.ม./วิ)": null, "% อัตราการไหล": null, "แนวโน้มอัตราการไหล": "คงที่", "Latitude": 12.905955, "Longitude": 102.03969, "เวลาบันทึกข้อมูล (UTC)": "2026-09-27T17:00:00.000Z", "เวลาบันทึกข้อมูล (เวลาไทย)": null }, "geometry": { "type": "Point", "coordinates": [ 102.03969, 12.905955 ] } },
{ "type": "Feature", "properties": { "รหัสสถานี": "C.29B", "ชื่อสถานี": "วัดกร่าง", "จังหวัด": "ปทุมธานี", "ระดับน้ำปัจจุบัน (ม.รทก.)": 2.55, "ระดับตลิ่ง (ม.รทก.)": null, "ระดับน้ำเทียบตลิ่ง (%)": 97.94, "แนวโน้มระดับน้ำ": "ลดลง", "ระยะจากตลิ่ง (ม.)": "-0.45", "อัตราการไหล (ลบ.ม./วิ)": 1711.0, "% อัตราการไหล": "47.53", "แนวโน้มอัตราการไหล": "ลดลง", "Latitude": 14.116582, "Longitude": 100.53743, "เวลาบันทึกข้อมูล (UTC)": "2026-09-27T17:00:00.000Z", "เวลาบันทึกข้อมูล (เวลาไทย)": null }, "geometry": { "type": "Point", "coordinates": [ 100.53743, 14.116582 ] } },
{ "type": "Feature", "properties": { "รหัสสถานี": "Y.64", "ชื่อสถานี": "บางระกำ", "จังหวัด": "พิษณุโลก", "ระดับน้ำปัจจุบัน (ม.รทก.)": 6.23, "ระดับตลิ่ง (ม.รทก.)": null, "ระดับน้ำเทียบตลิ่ง (%)": 97.91, "แนวโน้มระดับน้ำ": "เพิ่มขึ้น", "ระยะจากตลิ่ง (ม.)": "-0.17", "อัตราการไหล (ลบ.ม./วิ)": null, "% อัตราการไหล": null, "แนวโน้มอัตราการไหล": "คงที่", "Latitude": 16.70811, "Longitude": 100.17184, "เวลาบันทึกข้อมูล (UTC)": "2026-09-27T17:00:00.000Z", "เวลาบันทึกข้อมูล (เวลาไทย)": null }, "geometry": { "type": "Point", "coordinates": [ 100.17184, 16.70811 ] } },
{ "type": "Feature", "properties": { "รหัสสถานี": "T.BorommathatRegulator", "ชื่อสถานี": "T.ปตร.บรมธาตุ", "จังหวัด": "ชัยนาท", "ระดับน้ำปัจจุบัน (ม.รทก.)": 9.210001, "ระดับตลิ่ง (ม.รทก.)": null, "ระดับน้ำเทียบตลิ่ง (%)": 97.36, "แนวโน้มระดับน้ำ": "เพิ่มขึ้น", "ระยะจากตลิ่ง (ม.)": "-0.25", "อัตราการไหล (ลบ.ม./วิ)": null, "% อัตราการไหล": null, "แนวโน้มอัตราการไหล": "คงที่", "Latitude": 15.15713, "Longitude": 100.152985, "เวลาบันทึกข้อมูล (UTC)": "2026-09-27T17:00:00.000Z", "เวลาบันทึกข้อมูล (เวลาไทย)": null }, "geometry": { "type": "Point", "coordinates": [ 100.152985, 15.15713 ] } },
{ "type": "Feature", "properties": { "รหัสสถานี": "Kgt.30", "ชื่อสถานี": "สะพานหน้าสถานีดับเพลิงจังหวัด", "จังหวัด": "ฉะเชิงเทรา", "ระดับน้ำปัจจุบัน (ม.รทก.)": 1.3, "ระดับตลิ่ง (ม.รทก.)": null, "ระดับน้ำเทียบตลิ่ง (%)": 97.23, "แนวโน้มระดับน้ำ": "ลดลง", "ระยะจากตลิ่ง (ม.)": "-0.40", "อัตราการไหล (ลบ.ม./วิ)": null, "% อัตราการไหล": null, "แนวโน้มอัตราการไหล": "คงที่", "Latitude": 13.6888, "Longitude": 101.07701, "เวลาบันทึกข้อมูล (UTC)": "2026-09-27T17:00:00.000Z", "เวลาบันทึกข้อมูล (เวลาไทย)": null }, "geometry": { "type": "Point", "coordinates": [ 101.07701, 13.6888 ] } },
{ "type": "Feature", "properties": { "รหัสสถานี": "TKgt61", "ชื่อสถานี": "หอทอง", "จังหวัด": "ปราจีนบุรี", "ระดับน้ำปัจจุบัน (ม.รทก.)": 4.08, "ระดับตลิ่ง (ม.รทก.)": null, "ระดับน้ำเทียบตลิ่ง (%)": 96.95, "แนวโน้มระดับน้ำ": "เพิ่มขึ้น", "ระยะจากตลิ่ง (ม.)": "-0.42", "อัตราการไหล (ลบ.ม./วิ)": null, "% อัตราการไหล": null, "แนวโน้มอัตราการไหล": "คงที่", "Latitude": 13.960857, "Longitude": 101.21648, "เวลาบันทึกข้อมูล (UTC)": "2026-09-27T17:00:00.000Z", "เวลาบันทึกข้อมูล (เวลาไทย)": null }, "geometry": { "type": "Point", "coordinates": [ 101.21648, 13.960857 ] } },
{ "type": "Feature", "properties": { "รหัสสถานี": "C.37", "ชื่อสถานี": "บ้านบางบาล", "จังหวัด": "พระนครศรีอยุธยา", "ระดับน้ำปัจจุบัน (ม.รทก.)": 3.92, "ระดับตลิ่ง (ม.รทก.)": null, "ระดับน้ำเทียบตลิ่ง (%)": 96.94, "แนวโน้มระดับน้ำ": "เพิ่มขึ้น", "ระยะจากตลิ่ง (ม.)": "-0.22", "อัตราการไหล (ลบ.ม./วิ)": 87.0, "% อัตราการไหล": "89.69", "แนวโน้มอัตราการไหล": "คงที่", "Latitude": 14.36319, "Longitude": 100.48483, "เวลาบันทึกข้อมูล (UTC)": "2026-09-27T17:00:00.000Z", "เวลาบันทึกข้อมูล (เวลาไทย)": null }, "geometry": { "type": "Point", "coordinates": [ 100.48483, 14.36319 ] } },
{ "type": "Feature", "properties": { "รหัสสถานี": "TTR.06", "ชื่อสถานี": "วัดเทพนิมิต", "จังหวัด": "ตราด", "ระดับน้ำปัจจุบัน (ม.รทก.)": 11.7, "ระดับตลิ่ง (ม.รทก.)": null, "ระดับน้ำเทียบตลิ่ง (%)": 96.79, "แนวโน้มระดับน้ำ": "เพิ่มขึ้น", "ระยะจากตลิ่ง (ม.)": "-0.45", "อัตราการไหล (ลบ.ม./วิ)": null, "% อัตราการไหล": null, "แนวโน้มอัตราการไหล": "คงที่", "Latitude": 12.433914, "Longitude": 102.433075, "เวลาบันทึกข้อมูล (UTC)": "2026-09-27T17:00:00.000Z", "เวลาบันทึกข้อมูล (เวลาไทย)": null }, "geometry": { "type": "Point", "coordinates": [ 102.433075, 12.433914 ] } },
{ "type": "Feature", "properties": { "รหัสสถานี": "P.47A", "ชื่อสถานี": "บ้านโป่งน้ำร้อน", "จังหวัด": "กำแพงเพชร", "ระดับน้ำปัจจุบัน (ม.รทก.)": 4.69, "ระดับตลิ่ง (ม.รทก.)": null, "ระดับน้ำเทียบตลิ่ง (%)": 96.77, "แนวโน้มระดับน้ำ": "เพิ่มขึ้น", "ระยะจากตลิ่ง (ม.)": "-0.18", "อัตราการไหล (ลบ.ม./วิ)": 132.4, "% อัตราการไหล": null, "แนวโน้มอัตราการไหล": "เพิ่มขึ้น", "Latitude": 16.32841, "Longitude": 99.29807, "เวลาบันทึกข้อมูล (UTC)": "2026-09-27T17:00:00.000Z", "เวลาบันทึกข้อมูล (เวลาไทย)": null }, "geometry": { "type": "Point", "coordinates": [ 99.29807, 16.32841 ] } },
{ "type": "Feature", "properties": { "รหัสสถานี": "TS.20", "ชื่อสถานี": "คลองท่าเสา", "จังหวัด": "เพชรบูรณ์", "ระดับน้ำปัจจุบัน (ม.รทก.)": 5.310005, "ระดับตลิ่ง (ม.รทก.)": null, "ระดับน้ำเทียบตลิ่ง (%)": 96.5, "แนวโน้มระดับน้ำ": "คงที่", "ระยะจากตลิ่ง (ม.)": "-0.18", "อัตราการไหล (ลบ.ม./วิ)": null, "% อัตราการไหล": null, "แนวโน้มอัตราการไหล": "คงที่", "Latitude": 15.893215, "Longitude": 101.09118, "เวลาบันทึกข้อมูล (UTC)": "2026-09-27T17:00:00.000Z", "เวลาบันทึกข้อมูล (เวลาไทย)": null }, "geometry": { "type": "Point", "coordinates": [ 101.09118, 15.893215 ] } },
{ "type": "Feature", "properties": { "รหัสสถานี": "TKgt58", "ชื่อสถานี": "เขื่อนทดน้ำบางปะกง", "จังหวัด": "ฉะเชิงเทรา", "ระดับน้ำปัจจุบัน (ม.รทก.)": 1.99, "ระดับตลิ่ง (ม.รทก.)": null, "ระดับน้ำเทียบตลิ่ง (%)": 96.19, "แนวโน้มระดับน้ำ": "ลดลง", "ระยะจากตลิ่ง (ม.)": "-0.41", "อัตราการไหล (ลบ.ม./วิ)": null, "% อัตราการไหล": null, "แนวโน้มอัตราการไหล": "คงที่", "Latitude": 13.706797, "Longitude": 101.13695, "เวลาบันทึกข้อมูล (UTC)": "2026-09-27T17:00:00.000Z", "เวลาบันทึกข้อมูล (เวลาไทย)": null }, "geometry": { "type": "Point", "coordinates": [ 101.13695, 13.706797 ] } },
{ "type": "Feature", "properties": { "รหัสสถานี": "Z.58", "ชื่อสถานี": "สะพานอำเภอเขาสมิง", "จังหวัด": "ตราด", "ระดับน้ำปัจจุบัน (ม.รทก.)": 4.14, "ระดับตลิ่ง (ม.รทก.)": null, "ระดับน้ำเทียบตลิ่ง (%)": 96.12, "แนวโน้มระดับน้ำ": "เพิ่มขึ้น", "ระยะจากตลิ่ง (ม.)": "-0.36", "อัตราการไหล (ลบ.ม./วิ)": null, "% อัตราการไหล": null, "แนวโน้มอัตราการไหล": "คงที่", "Latitude": 12.35731, "Longitude": 102.4379, "เวลาบันทึกข้อมูล (UTC)": "2026-09-27T17:00:00.000Z", "เวลาบันทึกข้อมูล (เวลาไทย)": null }, "geometry": { "type": "Point", "coordinates": [ 102.4379, 12.35731 ] } },
{ "type": "Feature", "properties": { "รหัสสถานี": "Z.14", "ชื่อสถานี": "บ้านฉมัน", "จังหวัด": "จันทบุรี", "ระดับน้ำปัจจุบัน (ม.รทก.)": 7.64, "ระดับตลิ่ง (ม.รทก.)": null, "ระดับน้ำเทียบตลิ่ง (%)": 96.05, "แนวโน้มระดับน้ำ": "ลดลง", "ระยะจากตลิ่ง (ม.)": "-0.31", "อัตราการไหล (ลบ.ม./วิ)": 184.4, "% อัตราการไหล": "89.08", "แนวโน้มอัตราการไหล": "ลดลง", "Latitude": 12.74451, "Longitude": 102.20642, "เวลาบันทึกข้อมูล (UTC)": "2026-09-27T17:00:00.000Z", "เวลาบันทึกข้อมูล (เวลาไทย)": null }, "geometry": { "type": "Point", "coordinates": [ 102.20642, 12.74451 ] } },
{ "type": "Feature", "properties": { "รหัสสถานี": "TPB07", "ชื่อสถานี": "เขื่อนแก่งกระจาน (เหนือน้ำ)", "จังหวัด": "เพชรบุรี", "ระดับน้ำปัจจุบัน (ม.รทก.)": 97.84, "ระดับตลิ่ง (ม.รทก.)": null, "ระดับน้ำเทียบตลิ่ง (%)": 95.92, "แนวโน้มระดับน้ำ": "เพิ่มขึ้น", "ระยะจากตลิ่ง (ม.)": "-4.16", "อัตราการไหล (ลบ.ม./วิ)": null, "% อัตราการไหล": null, "แนวโน้มอัตราการไหล": "คงที่", "Latitude": 12.914213, "Longitude": 99.627686, "เวลาบันทึกข้อมูล (UTC)": "2026-09-27T17:00:00.000Z", "เวลาบันทึกข้อมูล (เวลาไทย)": null }, "geometry": { "type": "Point", "coordinates": [ 99.627686, 12.914213 ] } },
{ "type": "Feature", "properties": { "รหัสสถานี": "K.57", "ชื่อสถานี": "บ้านกระดังงา", "จังหวัด": "สมุทรสงคราม", "ระดับน้ำปัจจุบัน (ม.รทก.)": 14.58, "ระดับตลิ่ง (ม.รทก.)": null, "ระดับน้ำเทียบตลิ่ง (%)": 95.77, "แนวโน้มระดับน้ำ": "คงที่", "ระยะจากตลิ่ง (ม.)": "-0.92", "อัตราการไหล (ลบ.ม./วิ)": null, "% อัตราการไหล": null, "แนวโน้มอัตราการไหล": "คงที่", "Latitude": 13.49261, "Longitude": 99.92401, "เวลาบันทึกข้อมูล (UTC)": "2026-09-27T17:00:00.000Z", "เวลาบันทึกข้อมูล (เวลาไทย)": null }, "geometry": { "type": "Point", "coordinates": [ 99.92401, 13.49261 ] } },
{ "type": "Feature", "properties": { "รหัสสถานี": "C.12", "ชื่อสถานี": "กรมชลประทานสามเสน", "จังหวัด": "กรุงเทพมหานคร", "ระดับน้ำปัจจุบัน (ม.รทก.)": 1.54, "ระดับตลิ่ง (ม.รทก.)": null, "ระดับน้ำเทียบตลิ่ง (%)": 95.71, "แนวโน้มระดับน้ำ": "ลดลง", "ระยะจากตลิ่ง (ม.)": "-0.72", "อัตราการไหล (ลบ.ม./วิ)": null, "% อัตราการไหล": null, "แนวโน้มอัตราการไหล": "คงที่", "Latitude": 13.78815, "Longitude": 100.50915, "เวลาบันทึกข้อมูล (UTC)": "2026-09-27T17:00:00.000Z", "เวลาบันทึกข้อมูล (เวลาไทย)": null }, "geometry": { "type": "Point", "coordinates": [ 100.50915, 13.78815 ] } },
{ "type": "Feature", "properties": { "รหัสสถานี": "TS.4", "ชื่อสถานี": "เพชรบูรณ์", "จังหวัด": "เพชรบูรณ์", "ระดับน้ำปัจจุบัน (ม.รทก.)": 4.8700027, "ระดับตลิ่ง (ม.รทก.)": null, "ระดับน้ำเทียบตลิ่ง (%)": 94.98, "แนวโน้มระดับน้ำ": "เพิ่มขึ้น", "ระยะจากตลิ่ง (ม.)": "-0.31", "อัตราการไหล (ลบ.ม./วิ)": null, "% อัตราการไหล": null, "แนวโน้มอัตราการไหล": "คงที่", "Latitude": 16.365005, "Longitude": 101.155815, "เวลาบันทึกข้อมูล (UTC)": "2026-09-27T17:00:00.000Z", "เวลาบันทึกข้อมูล (เวลาไทย)": null }, "geometry": { "type": "Point", "coordinates": [ 101.155815, 16.365005 ] } },
{ "type": "Feature", "properties": { "รหัสสถานี": "C.22A", "ชื่อสถานี": "กรมชลประทานปากเกร็ด", "จังหวัด": "นนทบุรี", "ระดับน้ำปัจจุบัน (ม.รทก.)": 1.84, "ระดับตลิ่ง (ม.รทก.)": null, "ระดับน้ำเทียบตลิ่ง (%)": 94.92, "แนวโน้มระดับน้ำ": "ลดลง", "ระยะจากตลิ่ง (ม.)": "-1.06", "อัตราการไหล (ลบ.ม./วิ)": null, "% อัตราการไหล": null, "แนวโน้มอัตราการไหล": "คงที่", "Latitude": 13.89474, "Longitude": 100.49199, "เวลาบันทึกข้อมูล (UTC)": "2026-09-27T17:00:00.000Z", "เวลาบันทึกข้อมูล (เวลาไทย)": null }, "geometry": { "type": "Point", "coordinates": [ 100.49199, 13.89474 ] } },
{ "type": "Feature", "properties": { "รหัสสถานี": "TK.69", "ชื่อสถานี": "วัดหนองไม้เอื้อย", "จังหวัด": "กาญจนบุรี", "ระดับน้ำปัจจุบัน (ม.รทก.)": 4.8399963, "ระดับตลิ่ง (ม.รทก.)": null, "ระดับน้ำเทียบตลิ่ง (%)": 94.69, "แนวโน้มระดับน้ำ": "เพิ่มขึ้น", "ระยะจากตลิ่ง (ม.)": "-0.31", "อัตราการไหล (ลบ.ม./วิ)": null, "% อัตราการไหล": null, "แนวโน้มอัตราการไหล": "คงที่", "Latitude": 14.547573, "Longitude": 99.4626, "เวลาบันทึกข้อมูล (UTC)": "2026-09-27T17:00:00.000Z", "เวลาบันทึกข้อมูล (เวลาไทย)": null }, "geometry": { "type": "Point", "coordinates": [ 99.4626, 14.547573 ] } },
{ "type": "Feature", "properties": { "รหัสสถานี": "TY.57", "ชื่อสถานี": "ปตร.บ้านวังสะตือ", "จังหวัด": "สุโขทัย", "ระดับน้ำปัจจุบัน (ม.รทก.)": 9.560001, "ระดับตลิ่ง (ม.รทก.)": null, "ระดับน้ำเทียบตลิ่ง (%)": 94.4, "แนวโน้มระดับน้ำ": "คงที่", "ระยะจากตลิ่ง (ม.)": "-0.53", "อัตราการไหล (ลบ.ม./วิ)": null, "% อัตราการไหล": null, "แนวโน้มอัตราการไหล": "คงที่", "Latitude": 16.87341, "Longitude": 100.02551, "เวลาบันทึกข้อมูล (UTC)": "2026-09-27T17:00:00.000Z", "เวลาบันทึกข้อมูล (เวลาไทย)": null }, "geometry": { "type": "Point", "coordinates": [ 100.02551, 16.87341 ] } },
{ "type": "Feature", "properties": { "รหัสสถานี": "C.38", "ชื่อสถานี": "โรงเรียนคณะราษฎร์บำรุง", "จังหวัด": "ปทุมธานี", "ระดับน้ำปัจจุบัน (ม.รทก.)": 2.32, "ระดับตลิ่ง (ม.รทก.)": null, "ระดับน้ำเทียบตลิ่ง (%)": 94.39, "แนวโน้มระดับน้ำ": "ลดลง", "ระยะจากตลิ่ง (ม.)": "-1.13", "อัตราการไหล (ลบ.ม./วิ)": null, "% อัตราการไหล": null, "แนวโน้มอัตราการไหล": "คงที่", "Latitude": 14.01987, "Longitude": 100.53738, "เวลาบันทึกข้อมูล (UTC)": "2026-09-27T17:00:00.000Z", "เวลาบันทึกข้อมูล (เวลาไทย)": null }, "geometry": { "type": "Point", "coordinates": [ 100.53738, 14.01987 ] } },
{ "type": "Feature", "properties": { "รหัสสถานี": "TK.80", "ชื่อสถานี": "ปตร.คลองจระเข้สามพัน", "จังหวัด": "กาญจนบุรี", "ระดับน้ำปัจจุบัน (ม.รทก.)": 3.0300002, "ระดับตลิ่ง (ม.รทก.)": null, "ระดับน้ำเทียบตลิ่ง (%)": 94.34, "แนวโน้มระดับน้ำ": "คงที่", "ระยะจากตลิ่ง (ม.)": "-0.18", "อัตราการไหล (ลบ.ม./วิ)": null, "% อัตราการไหล": null, "แนวโน้มอัตราการไหล": "คงที่", "Latitude": 14.135309, "Longitude": 99.70967, "เวลาบันทึกข้อมูล (UTC)": "2026-09-27T17:00:00.000Z", "เวลาบันทึกข้อมูล (เวลาไทย)": null }, "geometry": { "type": "Point", "coordinates": [ 99.70967, 14.135309 ] } },
{ "type": "Feature", "properties": { "รหัสสถานี": "TKgt52", "ชื่อสถานี": "วัดสง่างาม", "จังหวัด": "ปราจีนบุรี", "ระดับน้ำปัจจุบัน (ม.รทก.)": 5.7, "ระดับตลิ่ง (ม.รทก.)": null, "ระดับน้ำเทียบตลิ่ง (%)": 94.2, "แนวโน้มระดับน้ำ": "เพิ่มขึ้น", "ระยะจากตลิ่ง (ม.)": "-0.79", "อัตราการไหล (ลบ.ม./วิ)": null, "% อัตราการไหล": null, "แนวโน้มอัตราการไหล": "คงที่", "Latitude": 14.031634, "Longitude": 101.42646, "เวลาบันทึกข้อมูล (UTC)": "2026-09-27T17:00:00.000Z", "เวลาบันทึกข้อมูล (เวลาไทย)": null }, "geometry": { "type": "Point", "coordinates": [ 101.42646, 14.031634 ] } },
{ "type": "Feature", "properties": { "รหัสสถานี": "TKgt59", "ชื่อสถานี": "ฝายท่าลาด", "จังหวัด": "ฉะเชิงเทรา", "ระดับน้ำปัจจุบัน (ม.รทก.)": 9.51, "ระดับตลิ่ง (ม.รทก.)": null, "ระดับน้ำเทียบตลิ่ง (%)": 94.01, "แนวโน้มระดับน้ำ": "ลดลง", "ระยะจากตลิ่ง (ม.)": "-0.58", "อัตราการไหล (ลบ.ม./วิ)": null, "% อัตราการไหล": null, "แนวโน้มอัตราการไหล": "คงที่", "Latitude": 13.707719, "Longitude": 101.40141, "เวลาบันทึกข้อมูล (UTC)": "2026-09-27T17:00:00.000Z", "เวลาบันทึกข้อมูล (เวลาไทย)": null }, "geometry": { "type": "Point", "coordinates": [ 101.40141, 13.707719 ] } },
{ "type": "Feature", "properties": { "รหัสสถานี": "M.7", "ชื่อสถานี": "สะพานเสรีประชาธิปไตย", "จังหวัด": "อุบลราชธานี", "ระดับน้ำปัจจุบัน (ม.รทก.)": 6.27, "ระดับตลิ่ง (ม.รทก.)": null, "ระดับน้ำเทียบตลิ่ง (%)": 93.7, "แนวโน้มระดับน้ำ": "คงที่", "ระยะจากตลิ่ง (ม.)": "-0.73", "อัตราการไหล (ลบ.ม./วิ)": 1885.0, "% อัตราการไหล": "81.96", "แนวโน้มอัตราการไหล": "คงที่", "Latitude": 15.22263, "Longitude": 104.85913, "เวลาบันทึกข้อมูล (UTC)": "2026-09-27T17:00:00.000Z", "เวลาบันทึกข้อมูล (เวลาไทย)": null }, "geometry": { "type": "Point", "coordinates": [ 104.85913, 15.22263 ] } },
{ "type": "Feature", "properties": { "รหัสสถานี": "Y.52", "ชื่อสถานี": "บ้านวังจิก", "จังหวัด": "พิจิตร", "ระดับน้ำปัจจุบัน (ม.รทก.)": 6.33, "ระดับตลิ่ง (ม.รทก.)": null, "ระดับน้ำเทียบตลิ่ง (%)": 92.74, "แนวโน้มระดับน้ำ": "คงที่", "ระยะจากตลิ่ง (ม.)": "-0.58", "อัตราการไหล (ลบ.ม./วิ)": null, "% อัตราการไหล": null, "แนวโน้มอัตราการไหล": "คงที่", "Latitude": 16.35742, "Longitude": 100.26379, "เวลาบันทึกข้อมูล (UTC)": "2026-09-27T17:00:00.000Z", "เวลาบันทึกข้อมูล (เวลาไทย)": null }, "geometry": { "type": "Point", "coordinates": [ 100.26379, 16.35742 ] } },
{ "type": "Feature", "properties": { "รหัสสถานี": "TY.42", "ชื่อสถานี": "อำเภอโพธิ์ประทับช้าง จ.พิจิตร", "จังหวัด": "พิจิตร", "ระดับน้ำปัจจุบัน (ม.รทก.)": 7.4699993, "ระดับตลิ่ง (ม.รทก.)": null, "ระดับน้ำเทียบตลิ่ง (%)": 92.66, "แนวโน้มระดับน้ำ": "เพิ่มขึ้น", "ระยะจากตลิ่ง (ม.)": "-2.67", "อัตราการไหล (ลบ.ม./วิ)": null, "% อัตราการไหล": null, "แนวโน้มอัตราการไหล": "คงที่", "Latitude": 16.31032, "Longitude": 100.27146, "เวลาบันทึกข้อมูล (UTC)": "2026-09-27T17:00:00.000Z", "เวลาบันทึกข้อมูล (เวลาไทย)": null }, "geometry": { "type": "Point", "coordinates": [ 100.27146, 16.31032 ] } },
{ "type": "Feature", "properties": { "รหัสสถานี": "S.5", "ชื่อสถานี": "สะพานปรีดี-ธำรง", "จังหวัด": "พระนครศรีอยุธยา", "ระดับน้ำปัจจุบัน (ม.รทก.)": 3.71, "ระดับตลิ่ง (ม.รทก.)": null, "ระดับน้ำเทียบตลิ่ง (%)": 92.55, "แนวโน้มระดับน้ำ": "เพิ่มขึ้น", "ระยะจากตลิ่ง (ม.)": "-0.99", "อัตราการไหล (ลบ.ม./วิ)": null, "% อัตราการไหล": null, "แนวโน้มอัตราการไหล": "คงที่", "Latitude": 14.35872, "Longitude": 100.58045, "เวลาบันทึกข้อมูล (UTC)": "2026-09-27T17:00:00.000Z", "เวลาบันทึกข้อมูล (เวลาไทย)": null }, "geometry": { "type": "Point", "coordinates": [ 100.58045, 14.35872 ] } },
{ "type": "Feature", "properties": { "รหัสสถานี": "TP.111", "ชื่อสถานี": "บ้านวังชะโอน", "จังหวัด": "กำแพงเพชร", "ระดับน้ำปัจจุบัน (ม.รทก.)": 3.3600006, "ระดับตลิ่ง (ม.รทก.)": null, "ระดับน้ำเทียบตลิ่ง (%)": 92.33, "แนวโน้มระดับน้ำ": "คงที่", "ระยะจากตลิ่ง (ม.)": "-0.31", "อัตราการไหล (ลบ.ม./วิ)": null, "% อัตราการไหล": null, "แนวโน้มอัตราการไหล": "คงที่", "Latitude": 16.703333, "Longitude": 99.43528, "เวลาบันทึกข้อมูล (UTC)": "2026-09-27T17:00:00.000Z", "เวลาบันทึกข้อมูล (เวลาไทย)": null }, "geometry": { "type": "Point", "coordinates": [ 99.43528, 16.703333 ] } },
{ "type": "Feature", "properties": { "รหัสสถานี": "TKS.117", "ชื่อสถานี": "บ้านท่าสำราญ", "จังหวัด": "บึงกาฬ", "ระดับน้ำปัจจุบัน (ม.รทก.)": 12.460007, "ระดับตลิ่ง (ม.รทก.)": null, "ระดับน้ำเทียบตลิ่ง (%)": 92.3, "แนวโน้มระดับน้ำ": "ลดลง", "ระยะจากตลิ่ง (ม.)": "-1.04", "อัตราการไหล (ลบ.ม./วิ)": null, "% อัตราการไหล": null, "แนวโน้มอัตราการไหล": "คงที่", "Latitude": 17.77897, "Longitude": 103.95359, "เวลาบันทึกข้อมูล (UTC)": "2026-09-27T17:00:00.000Z", "เวลาบันทึกข้อมูล (เวลาไทย)": null }, "geometry": { "type": "Point", "coordinates": [ 103.95359, 17.77897 ] } },
{ "type": "Feature", "properties": { "รหัสสถานี": "Kh.74", "ชื่อสถานี": "บ้านท่าห้วยหลัว", "จังหวัด": "สกลนคร", "ระดับน้ำปัจจุบัน (ม.รทก.)": 8.73, "ระดับตลิ่ง (ม.รทก.)": null, "ระดับน้ำเทียบตลิ่ง (%)": 92.03, "แนวโน้มระดับน้ำ": "คงที่", "ระยะจากตลิ่ง (ม.)": "-0.77", "อัตราการไหล (ลบ.ม./วิ)": 142.0, "% อัตราการไหล": "56.80", "แนวโน้มอัตราการไหล": "คงที่", "Latitude": 17.82162, "Longitude": 103.38693, "เวลาบันทึกข้อมูล (UTC)": "2026-09-27T17:00:00.000Z", "เวลาบันทึกข้อมูล (เวลาไทย)": null }, "geometry": { "type": "Point", "coordinates": [ 103.38693, 17.82162 ] } },
{ "type": "Feature", "properties": { "รหัสสถานี": "T.ChongKhaeRegulator", "ชื่อสถานี": "T.ปตร.ช่องแค", "จังหวัด": "นครสวรรค์", "ระดับน้ำปัจจุบัน (ม.รทก.)": 4.66, "ระดับตลิ่ง (ม.รทก.)": null, "ระดับน้ำเทียบตลิ่ง (%)": 91.78, "แนวโน้มระดับน้ำ": "ลดลง", "ระยะจากตลิ่ง (ม.)": "-0.44", "อัตราการไหล (ลบ.ม./วิ)": null, "% อัตราการไหล": null, "แนวโน้มอัตราการไหล": "คงที่", "Latitude": 15.145483, "Longitude": 100.41172, "เวลาบันทึกข้อมูล (UTC)": "2026-09-27T17:00:00.000Z", "เวลาบันทึกข้อมูล (เวลาไทย)": null }, "geometry": { "type": "Point", "coordinates": [ 100.41172, 15.145483 ] } },
{ "type": "Feature", "properties": { "รหัสสถานี": "TM.176", "ชื่อสถานี": "TM.176 (วัดลือชัย)", "จังหวัด": "ศรีสะเกษ", "ระดับน้ำปัจจุบัน (ม.รทก.)": 7.3399963, "ระดับตลิ่ง (ม.รทก.)": null, "ระดับน้ำเทียบตลิ่ง (%)": 91.52, "แนวโน้มระดับน้ำ": "คงที่", "ระยะจากตลิ่ง (ม.)": "-0.68", "อัตราการไหล (ลบ.ม./วิ)": null, "% อัตราการไหล": null, "แนวโน้มอัตราการไหล": "คงที่", "Latitude": 15.01284, "Longitude": 104.6566, "เวลาบันทึกข้อมูล (UTC)": "2026-09-27T17:00:00.000Z", "เวลาบันทึกข้อมูล (เวลาไทย)": null }, "geometry": { "type": "Point", "coordinates": [ 104.6566, 15.01284 ] } },
{ "type": "Feature", "properties": { "รหัสสถานี": "M.26A", "ชื่อสถานี": "บ้านละลูน", "จังหวัด": "บุรีรัมย์", "ระดับน้ำปัจจุบัน (ม.รทก.)": 8.29, "ระดับตลิ่ง (ม.รทก.)": null, "ระดับน้ำเทียบตลิ่ง (%)": 91.49, "แนวโน้มระดับน้ำ": "เพิ่มขึ้น", "ระยะจากตลิ่ง (ม.)": "-0.71", "อัตราการไหล (ลบ.ม./วิ)": 102.5, "% อัตราการไหล": "85.42", "แนวโน้มอัตราการไหล": "เพิ่มขึ้น", "Latitude": 14.87545, "Longitude": 103.3788, "เวลาบันทึกข้อมูล (UTC)": "2026-09-27T17:00:00.000Z", "เวลาบันทึกข้อมูล (เวลาไทย)": null }, "geometry": { "type": "Point", "coordinates": [ 103.3788, 14.87545 ] } },
{ "type": "Feature", "properties": { "รหัสสถานี": "TKgt56", "ชื่อสถานี": "บ้านโพธิ์", "จังหวัด": "ฉะเชิงเทรา", "ระดับน้ำปัจจุบัน (ม.รทก.)": 0.96, "ระดับตลิ่ง (ม.รทก.)": null, "ระดับน้ำเทียบตลิ่ง (%)": 91.17, "แนวโน้มระดับน้ำ": "ลดลง", "ระยะจากตลิ่ง (ม.)": "-0.94", "อัตราการไหล (ลบ.ม./วิ)": null, "% อัตราการไหล": null, "แนวโน้มอัตราการไหล": "คงที่", "Latitude": 13.58335, "Longitude": 101.070915, "เวลาบันทึกข้อมูล (UTC)": "2026-09-27T17:00:00.000Z", "เวลาบันทึกข้อมูล (เวลาไทย)": null }, "geometry": { "type": "Point", "coordinates": [ 101.070915, 13.58335 ] } },
{ "type": "Feature", "properties": { "รหัสสถานี": "P.50A", "ชื่อสถานี": "คลองวังเจ้า", "จังหวัด": "กำแพงเพชร", "ระดับน้ำปัจจุบัน (ม.รทก.)": 3.401, "ระดับตลิ่ง (ม.รทก.)": null, "ระดับน้ำเทียบตลิ่ง (%)": 90.88, "แนวโน้มระดับน้ำ": "คงที่", "ระยะจากตลิ่ง (ม.)": "-0.30", "อัตราการไหล (ลบ.ม./วิ)": 91.89, "% อัตราการไหล": "75.32", "แนวโน้มอัตราการไหล": "คงที่", "Latitude": 16.53355, "Longitude": 99.22884, "เวลาบันทึกข้อมูล (UTC)": "2026-09-27T17:00:00.000Z", "เวลาบันทึกข้อมูล (เวลาไทย)": null }, "geometry": { "type": "Point", "coordinates": [ 99.22884, 16.53355 ] } },
{ "type": "Feature", "properties": { "รหัสสถานี": "Y.50", "ชื่อสถานี": "บ้านท่านางงาม", "จังหวัด": "พิษณุโลก", "ระดับน้ำปัจจุบัน (ม.รทก.)": 5.26, "ระดับตลิ่ง (ม.รทก.)": null, "ระดับน้ำเทียบตลิ่ง (%)": 90.88, "แนวโน้มระดับน้ำ": "คงที่", "ระยะจากตลิ่ง (ม.)": "-0.84", "อัตราการไหล (ลบ.ม./วิ)": 230.7, "% อัตราการไหล": "82.39", "แนวโน้มอัตราการไหล": "คงที่", "Latitude": 16.78548, "Longitude": 100.0885, "เวลาบันทึกข้อมูล (UTC)": "2026-09-27T17:00:00.000Z", "เวลาบันทึกข้อมูล (เวลาไทย)": null }, "geometry": { "type": "Point", "coordinates": [ 100.0885, 16.78548 ] } },
{ "type": "Feature", "properties": { "รหัสสถานี": "TM.202 (U/S), (D/S)", "ชื่อสถานี": "Tเขื่อนพิมาย (U/S), (D/S)", "จังหวัด": "นครราชสีมา", "ระดับน้ำปัจจุบัน (ม.รทก.)": 5.5599976, "ระดับตลิ่ง (ม.รทก.)": null, "ระดับน้ำเทียบตลิ่ง (%)": 90.7, "แนวโน้มระดับน้ำ": "คงที่", "ระยะจากตลิ่ง (ม.)": "-0.57", "อัตราการไหล (ลบ.ม./วิ)": null, "% อัตราการไหล": null, "แนวโน้มอัตราการไหล": "คงที่", "Latitude": 15.22783, "Longitude": 102.50134, "เวลาบันทึกข้อมูล (UTC)": "2026-09-27T17:00:00.000Z", "เวลาบันทึกข้อมูล (เวลาไทย)": null }, "geometry": { "type": "Point", "coordinates": [ 102.50134, 15.22783 ] } },
{ "type": "Feature", "properties": { "รหัสสถานี": "TP.107", "ชื่อสถานี": "บ้านคลองสีนวล", "จังหวัด": "กำแพงเพชร", "ระดับน้ำปัจจุบัน (ม.รทก.)": 4.34, "ระดับตลิ่ง (ม.รทก.)": null, "ระดับน้ำเทียบตลิ่ง (%)": 90.43, "แนวโน้มระดับน้ำ": "ลดลง", "ระยะจากตลิ่ง (ม.)": "-0.44", "อัตราการไหล (ลบ.ม./วิ)": null, "% อัตราการไหล": null, "แนวโน้มอัตราการไหล": "คงที่", "Latitude": 16.343056, "Longitude": 99.59839, "เวลาบันทึกข้อมูล (UTC)": "2026-09-27T17:00:00.000Z", "เวลาบันทึกข้อมูล (เวลาไทย)": null }, "geometry": { "type": "Point", "coordinates": [ 99.59839, 16.343056 ] } },
{ "type": "Feature", "properties": { "รหัสสถานี": "TS.19", "ชื่อสถานี": "คลองกองทูล", "จังหวัด": "เพชรบูรณ์", "ระดับน้ำปัจจุบัน (ม.รทก.)": 6.1900024, "ระดับตลิ่ง (ม.รทก.)": null, "ระดับน้ำเทียบตลิ่ง (%)": 89.58, "แนวโน้มระดับน้ำ": "เพิ่มขึ้น", "ระยะจากตลิ่ง (ม.)": "-0.81", "อัตราการไหล (ลบ.ม./วิ)": null, "% อัตราการไหล": null, "แนวโน้มอัตราการไหล": "คงที่", "Latitude": 15.937227, "Longitude": 101.09412, "เวลาบันทึกข้อมูล (UTC)": "2026-09-27T17:00:00.000Z", "เวลาบันทึกข้อมูล (เวลาไทย)": null }, "geometry": { "type": "Point", "coordinates": [ 101.09412, 15.937227 ] } },
{ "type": "Feature", "properties": { "รหัสสถานี": "BNR.08", "ชื่อสถานี": "สะพานยะกัง", "จังหวัด": "นราธิวาส", "ระดับน้ำปัจจุบัน (ม.รทก.)": 2.5300002, "ระดับตลิ่ง (ม.รทก.)": null, "ระดับน้ำเทียบตลิ่ง (%)": 89.02, "แนวโน้มระดับน้ำ": "ลดลง", "ระยะจากตลิ่ง (ม.)": "-0.76", "อัตราการไหล (ลบ.ม./วิ)": null, "% อัตราการไหล": null, "แนวโน้มอัตราการไหล": "คงที่", "Latitude": 6.40016, "Longitude": 101.82338, "เวลาบันทึกข้อมูล (UTC)": "2026-09-27T17:00:00.000Z", "เวลาบันทึกข้อมูล (เวลาไทย)": null }, "geometry": { "type": "Point", "coordinates": [ 101.82338, 6.40016 ] } },
{ "type": "Feature", "properties": { "รหัสสถานี": "TK.65", "ชื่อสถานี": "ฝายทดน้ำลำเหย", "จังหวัด": "กาญจนบุรี", "ระดับน้ำปัจจุบัน (ม.รทก.)": 5.3099976, "ระดับตลิ่ง (ม.รทก.)": null, "ระดับน้ำเทียบตลิ่ง (%)": 88.93, "แนวโน้มระดับน้ำ": "คงที่", "ระยะจากตลิ่ง (ม.)": "-0.64", "อัตราการไหล (ลบ.ม./วิ)": null, "% อัตราการไหล": null, "แนวโน้มอัตราการไหล": "คงที่", "Latitude": 14.4678, "Longitude": 99.4973, "เวลาบันทึกข้อมูล (UTC)": "2026-09-27T17:00:00.000Z", "เวลาบันทึกข้อมูล (เวลาไทย)": null }, "geometry": { "type": "Point", "coordinates": [ 99.4973, 14.4678 ] } },
{ "type": "Feature", "properties": { "รหัสสถานี": "TNy10", "ชื่อสถานี": "คลองแม่น้ำใน(โพธิ์แทน)", "จังหวัด": "นครนายก", "ระดับน้ำปัจจุบัน (ม.รทก.)": 3.35, "ระดับตลิ่ง (ม.รทก.)": null, "ระดับน้ำเทียบตลิ่ง (%)": 88.45, "แนวโน้มระดับน้ำ": "คงที่", "ระยะจากตลิ่ง (ม.)": "-0.59", "อัตราการไหล (ลบ.ม./วิ)": null, "% อัตราการไหล": null, "แนวโน้มอัตราการไหล": "คงที่", "Latitude": 14.212921, "Longitude": 100.94245, "เวลาบันทึกข้อมูล (UTC)": "2026-09-27T17:00:00.000Z", "เวลาบันทึกข้อมูล (เวลาไทย)": null }, "geometry": { "type": "Point", "coordinates": [ 100.94245, 14.212921 ] } },
{ "type": "Feature", "properties": { "รหัสสถานี": "C.7A", "ชื่อสถานี": "บ้านบางแก้ว", "จังหวัด": "อ่างทอง", "ระดับน้ำปัจจุบัน (ม.รทก.)": 7.84, "ระดับตลิ่ง (ม.รทก.)": null, "ระดับน้ำเทียบตลิ่ง (%)": 87.61, "แนวโน้มระดับน้ำ": "เพิ่มขึ้น", "ระยะจากตลิ่ง (ม.)": "-2.06", "อัตราการไหล (ลบ.ม./วิ)": 1974.0, "% อัตราการไหล": "68.97", "แนวโน้มอัตราการไหล": "เพิ่มขึ้น", "Latitude": 14.59044, "Longitude": 100.45329, "เวลาบันทึกข้อมูล (UTC)": "2026-09-27T17:00:00.000Z", "เวลาบันทึกข้อมูล (เวลาไทย)": null }, "geometry": { "type": "Point", "coordinates": [ 100.45329, 14.59044 ] } },
{ "type": "Feature", "properties": { "รหัสสถานี": "TE.120", "ชื่อสถานี": "กุดน้ำใส", "จังหวัด": "ขอนแก่น", "ระดับน้ำปัจจุบัน (ม.รทก.)": 12.25, "ระดับตลิ่ง (ม.รทก.)": null, "ระดับน้ำเทียบตลิ่ง (%)": 87.5, "แนวโน้มระดับน้ำ": "ลดลง", "ระยะจากตลิ่ง (ม.)": "-1.75", "อัตราการไหล (ลบ.ม./วิ)": null, "% อัตราการไหล": null, "แนวโน้มอัตราการไหล": "คงที่", "Latitude": 16.73133, "Longitude": 102.77117, "เวลาบันทึกข้อมูล (UTC)": "2026-09-27T17:00:00.000Z", "เวลาบันทึกข้อมูล (เวลาไทย)": null }, "geometry": { "type": "Point", "coordinates": [ 102.77117, 16.73133 ] } },
{ "type": "Feature", "properties": { "รหัสสถานี": "TE.112", "ชื่อสถานี": "สบห้วยสามหมอแม่น้ำชี (บ.วังสามหมอ)", "จังหวัด": "ชัยภูมิ", "ระดับน้ำปัจจุบัน (ม.รทก.)": 6.9200134, "ระดับตลิ่ง (ม.รทก.)": null, "ระดับน้ำเทียบตลิ่ง (%)": 87.34, "แนวโน้มระดับน้ำ": "ลดลง", "ระยะจากตลิ่ง (ม.)": "-1.10", "อัตราการไหล (ลบ.ม./วิ)": null, "% อัตราการไหล": null, "แนวโน้มอัตราการไหล": "คงที่", "Latitude": 16.003199, "Longitude": 102.372185, "เวลาบันทึกข้อมูล (UTC)": "2026-09-27T17:00:00.000Z", "เวลาบันทึกข้อมูล (เวลาไทย)": null }, "geometry": { "type": "Point", "coordinates": [ 102.372185, 16.003199 ] } },
{ "type": "Feature", "properties": { "รหัสสถานี": "C.13", "ชื่อสถานี": "ท้ายเขื่อนเจ้าพระยา", "จังหวัด": "ชัยนาท", "ระดับน้ำปัจจุบัน (ม.รทก.)": 14.52, "ระดับตลิ่ง (ม.รทก.)": null, "ระดับน้ำเทียบตลิ่ง (%)": 87.24, "แนวโน้มระดับน้ำ": "คงที่", "ระยะจากตลิ่ง (ม.)": "-1.82", "อัตราการไหล (ลบ.ม./วิ)": 1950.0, "% อัตราการไหล": "71.69", "แนวโน้มอัตราการไหล": "คงที่", "Latitude": 15.16384, "Longitude": 100.18792, "เวลาบันทึกข้อมูล (UTC)": "2026-09-27T17:00:00.000Z", "เวลาบันทึกข้อมูล (เวลาไทย)": null }, "geometry": { "type": "Point", "coordinates": [ 100.18792, 15.16384 ] } },
{ "type": "Feature", "properties": { "รหัสสถานี": "K.2B", "ชื่อสถานี": "สะพานธนะรัชต์", "จังหวัด": "ราชบุรี", "ระดับน้ำปัจจุบัน (ม.รทก.)": 12.38, "ระดับตลิ่ง (ม.รทก.)": null, "ระดับน้ำเทียบตลิ่ง (%)": 86.84, "แนวโน้มระดับน้ำ": "คงที่", "ระยะจากตลิ่ง (ม.)": "-1.92", "อัตราการไหล (ลบ.ม./วิ)": null, "% อัตราการไหล": null, "แนวโน้มอัตราการไหล": "คงที่", "Latitude": 13.54115, "Longitude": 99.82413, "เวลาบันทึกข้อมูล (UTC)": "2026-09-27T17:00:00.000Z", "เวลาบันทึกข้อมูล (เวลาไทย)": null }, "geometry": { "type": "Point", "coordinates": [ 99.82413, 13.54115 ] } },
{ "type": "Feature", "properties": { "รหัสสถานี": "C.3", "ชื่อสถานี": "บ้านบางพุทรา", "จังหวัด": "สิงห์บุรี", "ระดับน้ำปัจจุบัน (ม.รทก.)": 11.15, "ระดับตลิ่ง (ม.รทก.)": null, "ระดับน้ำเทียบตลิ่ง (%)": 86.77, "แนวโน้มระดับน้ำ": "เพิ่มขึ้น", "ระยะจากตลิ่ง (ม.)": "-2.05", "อัตราการไหล (ลบ.ม./วิ)": 2079.0, "% อัตราการไหล": "69.37", "แนวโน้มอัตราการไหล": "เพิ่มขึ้น", "Latitude": 14.89868, "Longitude": 100.40186, "เวลาบันทึกข้อมูล (UTC)": "2026-09-27T17:00:00.000Z", "เวลาบันทึกข้อมูล (เวลาไทย)": null }, "geometry": { "type": "Point", "coordinates": [ 100.40186, 14.89868 ] } },
{ "type": "Feature", "properties": { "รหัสสถานี": "M.42", "ชื่อสถานี": "บ้านห้วยทับทัน", "จังหวัด": "สุรินทร์", "ระดับน้ำปัจจุบัน (ม.รทก.)": 7.0, "ระดับตลิ่ง (ม.รทก.)": null, "ระดับน้ำเทียบตลิ่ง (%)": 86.39, "แนวโน้มระดับน้ำ": "เพิ่มขึ้น", "ระยะจากตลิ่ง (ม.)": "-1.30", "อัตราการไหล (ลบ.ม./วิ)": 104.0, "% อัตราการไหล": "68.87", "แนวโน้มอัตราการไหล": "เพิ่มขึ้น", "Latitude": 15.04821, "Longitude": 104.02097, "เวลาบันทึกข้อมูล (UTC)": "2026-09-27T17:00:00.000Z", "เวลาบันทึกข้อมูล (เวลาไทย)": null }, "geometry": { "type": "Point", "coordinates": [ 104.02097, 15.04821 ] } },
{ "type": "Feature", "properties": { "รหัสสถานี": "N.67", "ชื่อสถานี": "วัดเกยไชยเหนือ", "จังหวัด": "นครสวรรค์", "ระดับน้ำปัจจุบัน (ม.รทก.)": 26.07, "ระดับตลิ่ง (ม.รทก.)": null, "ระดับน้ำเทียบตลิ่ง (%)": 86.34, "แนวโน้มระดับน้ำ": "คงที่", "ระยะจากตลิ่ง (ม.)": "-2.14", "อัตราการไหล (ลบ.ม./วิ)": 1038.0, "% อัตราการไหล": "72.33", "แนวโน้มอัตราการไหล": "คงที่", "Latitude": 15.86918, "Longitude": 100.26473, "เวลาบันทึกข้อมูล (UTC)": "2026-09-27T17:00:00.000Z", "เวลาบันทึกข้อมูล (เวลาไทย)": null }, "geometry": { "type": "Point", "coordinates": [ 100.26473, 15.86918 ] } },
{ "type": "Feature", "properties": { "รหัสสถานี": "TM.194 (U/S), (D/S)", "ชื่อสถานี": "T ขรน.มะเกลือใหม่ (U/S), (D/S)", "จังหวัด": "นครราชสีมา", "ระดับน้ำปัจจุบัน (ม.รทก.)": 2.0200043, "ระดับตลิ่ง (ม.รทก.)": null, "ระดับน้ำเทียบตลิ่ง (%)": 86.32, "แนวโน้มระดับน้ำ": "ลดลง", "ระยะจากตลิ่ง (ม.)": "-0.32", "อัตราการไหล (ลบ.ม./วิ)": null, "% อัตราการไหล": null, "แนวโน้มอัตราการไหล": "คงที่", "Latitude": 14.88003, "Longitude": 101.76168, "เวลาบันทึกข้อมูล (UTC)": "2026-09-27T17:00:00.000Z", "เวลาบันทึกข้อมูล (เวลาไทย)": null }, "geometry": { "type": "Point", "coordinates": [ 101.76168, 14.88003 ] } },
{ "type": "Feature", "properties": { "รหัสสถานี": "E.20A", "ชื่อสถานี": "บ้านฟ้าหยาด", "จังหวัด": "ยโสธร", "ระดับน้ำปัจจุบัน (ม.รทก.)": 8.31, "ระดับตลิ่ง (ม.รทก.)": null, "ระดับน้ำเทียบตลิ่ง (%)": 86.17, "แนวโน้มระดับน้ำ": "คงที่", "ระยะจากตลิ่ง (ม.)": "-1.69", "อัตราการไหล (ลบ.ม./วิ)": 759.6, "% อัตราการไหล": "69.05", "แนวโน้มอัตราการไหล": "คงที่", "Latitude": 15.52481, "Longitude": 104.24966, "เวลาบันทึกข้อมูล (UTC)": "2026-09-27T17:00:00.000Z", "เวลาบันทึกข้อมูล (เวลาไทย)": null }, "geometry": { "type": "Point", "coordinates": [ 104.24966, 15.52481 ] } },
{ "type": "Feature", "properties": { "รหัสสถานี": "M.173", "ชื่อสถานี": "บ้านโนนสะอาด", "จังหวัด": "นครราชสีมา", "ระดับน้ำปัจจุบัน (ม.รทก.)": 6.65, "ระดับตลิ่ง (ม.รทก.)": null, "ระดับน้ำเทียบตลิ่ง (%)": 86.15, "แนวโน้มระดับน้ำ": "คงที่", "ระยะจากตลิ่ง (ม.)": "-0.95", "อัตราการไหล (ลบ.ม./วิ)": 80.0, "% อัตราการไหล": "25.64", "แนวโน้มอัตราการไหล": "คงที่", "Latitude": 14.74504, "Longitude": 102.21178, "เวลาบันทึกข้อมูล (UTC)": "2026-09-27T17:00:00.000Z", "เวลาบันทึกข้อมูล (เวลาไทย)": null }, "geometry": { "type": "Point", "coordinates": [ 102.21178, 14.74504 ] } },
{ "type": "Feature", "properties": { "รหัสสถานี": "N.8B", "ชื่อสถานี": "บางมูลนาก", "จังหวัด": "พิจิตร", "ระดับน้ำปัจจุบัน (ม.รทก.)": 13.261, "ระดับตลิ่ง (ม.รทก.)": null, "ระดับน้ำเทียบตลิ่ง (%)": 85.75, "แนวโน้มระดับน้ำ": "ลดลง", "ระยะจากตลิ่ง (ม.)": "-2.19", "อัตราการไหล (ลบ.ม./วิ)": 834.7, "% อัตราการไหล": "67.97", "แนวโน้มอัตราการไหล": "ลดลง", "Latitude": 16.00931, "Longitude": 100.36926, "เวลาบันทึกข้อมูล (UTC)": "2026-09-27T17:00:00.000Z", "เวลาบันทึกข้อมูล (เวลาไทย)": null }, "geometry": { "type": "Point", "coordinates": [ 100.36926, 16.00931 ] } },
{ "type": "Feature", "properties": { "รหัสสถานี": "S.4B", "ชื่อสถานี": "ต.ในเมือง", "จังหวัด": "เพชรบูรณ์", "ระดับน้ำปัจจุบัน (ม.รทก.)": 8.29, "ระดับตลิ่ง (ม.รทก.)": null, "ระดับน้ำเทียบตลิ่ง (%)": 85.53, "แนวโน้มระดับน้ำ": "เพิ่มขึ้น", "ระยะจากตลิ่ง (ม.)": "-0.91", "อัตราการไหล (ลบ.ม./วิ)": 120.7, "% อัตราการไหล": "63.53", "แนวโน้มอัตราการไหล": "เพิ่มขึ้น", "Latitude": 16.42322, "Longitude": 101.16208, "เวลาบันทึกข้อมูล (UTC)": "2026-09-27T17:00:00.000Z", "เวลาบันทึกข้อมูล (เวลาไทย)": null }, "geometry": { "type": "Point", "coordinates": [ 101.16208, 16.42322 ] } },
{ "type": "Feature", "properties": { "รหัสสถานี": "M.199", "ชื่อสถานี": "บ้านขนงพระเหนือ", "จังหวัด": "นครราชสีมา", "ระดับน้ำปัจจุบัน (ม.รทก.)": 4.21, "ระดับตลิ่ง (ม.รทก.)": null, "ระดับน้ำเทียบตลิ่ง (%)": 85.14, "แนวโน้มระดับน้ำ": "ลดลง", "ระยะจากตลิ่ง (ม.)": "-0.79", "อัตราการไหล (ลบ.ม./วิ)": 102.5, "% อัตราการไหล": "53.95", "แนวโน้มอัตราการไหล": "ลดลง", "Latitude": 14.60611, "Longitude": 101.47278, "เวลาบันทึกข้อมูล (UTC)": "2026-09-27T17:00:00.000Z", "เวลาบันทึกข้อมูล (เวลาไทย)": null }, "geometry": { "type": "Point", "coordinates": [ 101.47278, 14.60611 ] } },
{ "type": "Feature", "properties": { "รหัสสถานี": "TTC18", "ชื่อสถานี": "วัดหนองปลิง", "จังหวัด": "กาญจนบุรี", "ระดับน้ำปัจจุบัน (ม.รทก.)": 5.92, "ระดับตลิ่ง (ม.รทก.)": null, "ระดับน้ำเทียบตลิ่ง (%)": 84.57, "แนวโน้มระดับน้ำ": "เพิ่มขึ้น", "ระยะจากตลิ่ง (ม.)": "-1.08", "อัตราการไหล (ลบ.ม./วิ)": null, "% อัตราการไหล": null, "แนวโน้มอัตราการไหล": "คงที่", "Latitude": 14.293831, "Longitude": 99.80741, "เวลาบันทึกข้อมูล (UTC)": "2026-09-27T17:00:00.000Z", "เวลาบันทึกข้อมูล (เวลาไทย)": null }, "geometry": { "type": "Point", "coordinates": [ 99.80741, 14.293831 ] } },
{ "type": "Feature", "properties": { "รหัสสถานี": "TPN08", "ชื่อสถานี": "ฝายเสาธง", "จังหวัด": "นครศรีธรรมราช", "ระดับน้ำปัจจุบัน (ม.รทก.)": 25.36, "ระดับตลิ่ง (ม.รทก.)": null, "ระดับน้ำเทียบตลิ่ง (%)": 84.53, "แนวโน้มระดับน้ำ": "คงที่", "ระยะจากตลิ่ง (ม.)": "-4.64", "อัตราการไหล (ลบ.ม./วิ)": null, "% อัตราการไหล": null, "แนวโน้มอัตราการไหล": "คงที่", "Latitude": 8.340558, "Longitude": 99.82893, "เวลาบันทึกข้อมูล (UTC)": "2026-09-27T17:00:00.000Z", "เวลาบันทึกข้อมูล (เวลาไทย)": null }, "geometry": { "type": "Point", "coordinates": [ 99.82893, 8.340558 ] } },
{ "type": "Feature", "properties": { "รหัสสถานี": "TTP11", "ชื่อสถานี": "บ้านนาสาร (X.81)", "จังหวัด": "สุราษฎร์ธานี", "ระดับน้ำปัจจุบัน (ม.รทก.)": 31.92, "ระดับตลิ่ง (ม.รทก.)": null, "ระดับน้ำเทียบตลิ่ง (%)": 84.4, "แนวโน้มระดับน้ำ": "คงที่", "ระยะจากตลิ่ง (ม.)": "-5.90", "อัตราการไหล (ลบ.ม./วิ)": null, "% อัตราการไหล": null, "แนวโน้มอัตราการไหล": "คงที่", "Latitude": 8.807695, "Longitude": 99.36747, "เวลาบันทึกข้อมูล (UTC)": "2026-09-27T17:00:00.000Z", "เวลาบันทึกข้อมูล (เวลาไทย)": null }, "geometry": { "type": "Point", "coordinates": [ 99.36747, 8.807695 ] } },
{ "type": "Feature", "properties": { "รหัสสถานี": "TUP.02", "ชื่อสถานี": "สถานีน้ำแม่แตง (ฝายแม่แตงเหนือน้ำ)", "จังหวัด": "เชียงใหม่", "ระดับน้ำปัจจุบัน (ม.รทก.)": 3.6700134, "ระดับตลิ่ง (ม.รทก.)": null, "ระดับน้ำเทียบตลิ่ง (%)": 84.35, "แนวโน้มระดับน้ำ": "ลดลง", "ระยะจากตลิ่ง (ม.)": "-0.72", "อัตราการไหล (ลบ.ม./วิ)": null, "% อัตราการไหล": null, "แนวโน้มอัตราการไหล": "คงที่", "Latitude": 19.157295, "Longitude": 98.91881, "เวลาบันทึกข้อมูล (UTC)": "2026-09-27T17:00:00.000Z", "เวลาบันทึกข้อมูล (เวลาไทย)": null }, "geometry": { "type": "Point", "coordinates": [ 98.91881, 19.157295 ] } },
{ "type": "Feature", "properties": { "รหัสสถานี": "M.170", "ชื่อสถานี": "บ้านคำสำราญ", "จังหวัด": "อุบลราชธานี", "ระดับน้ำปัจจุบัน (ม.รทก.)": 7.52, "ระดับตลิ่ง (ม.รทก.)": null, "ระดับน้ำเทียบตลิ่ง (%)": 84.34, "แนวโน้มระดับน้ำ": "คงที่", "ระยะจากตลิ่ง (ม.)": "-1.48", "อัตราการไหล (ลบ.ม./วิ)": 202.0, "% อัตราการไหล": "35.56", "แนวโน้มอัตราการไหล": "คงที่", "Latitude": 14.79088, "Longitude": 105.10277, "เวลาบันทึกข้อมูล (UTC)": "2026-09-27T17:00:00.000Z", "เวลาบันทึกข้อมูล (เวลาไทย)": null }, "geometry": { "type": "Point", "coordinates": [ 105.10277, 14.79088 ] } },
{ "type": "Feature", "properties": { "รหัสสถานี": "TTC03", "ชื่อสถานี": "ปตร.สามชุก", "จังหวัด": "สุพรรณบุรี", "ระดับน้ำปัจจุบัน (ม.รทก.)": 3.7099996, "ระดับตลิ่ง (ม.รทก.)": null, "ระดับน้ำเทียบตลิ่ง (%)": 83.94, "แนวโน้มระดับน้ำ": "คงที่", "ระยะจากตลิ่ง (ม.)": "-0.71", "อัตราการไหล (ลบ.ม./วิ)": null, "% อัตราการไหล": null, "แนวโน้มอัตราการไหล": "คงที่", "Latitude": 14.772463, "Longitude": 100.08828, "เวลาบันทึกข้อมูล (UTC)": "2026-09-27T17:00:00.000Z", "เวลาบันทึกข้อมูล (เวลาไทย)": null }, "geometry": { "type": "Point", "coordinates": [ 100.08828, 14.772463 ] } },
{ "type": "Feature", "properties": { "รหัสสถานี": "Y.5", "ชื่อสถานี": "หน้าอำเภอโพทะเล", "จังหวัด": "พิจิตร", "ระดับน้ำปัจจุบัน (ม.รทก.)": 7.14, "ระดับตลิ่ง (ม.รทก.)": null, "ระดับน้ำเทียบตลิ่ง (%)": 83.89, "แนวโน้มระดับน้ำ": "คงที่", "ระยะจากตลิ่ง (ม.)": "-0.96", "อัตราการไหล (ลบ.ม./วิ)": null, "% อัตราการไหล": null, "แนวโน้มอัตราการไหล": "คงที่", "Latitude": 16.09481, "Longitude": 100.2599, "เวลาบันทึกข้อมูล (UTC)": "2026-09-27T17:00:00.000Z", "เวลาบันทึกข้อมูล (เวลาไทย)": null }, "geometry": { "type": "Point", "coordinates": [ 100.2599, 16.09481 ] } },
{ "type": "Feature", "properties": { "รหัสสถานี": "K.54", "ชื่อสถานี": "สะพานรถยนต์บ้านลิ่นถิ่น", "จังหวัด": "กาญจนบุรี", "ระดับน้ำปัจจุบัน (ม.รทก.)": 6.61, "ระดับตลิ่ง (ม.รทก.)": null, "ระดับน้ำเทียบตลิ่ง (%)": 83.23, "แนวโน้มระดับน้ำ": "เพิ่มขึ้น", "ระยะจากตลิ่ง (ม.)": "-1.39", "อัตราการไหล (ลบ.ม./วิ)": 828.58, "% อัตราการไหล": "76.72", "แนวโน้มอัตราการไหล": "เพิ่มขึ้น", "Latitude": 14.53557, "Longitude": 98.78765, "เวลาบันทึกข้อมูล (UTC)": "2026-09-27T17:00:00.000Z", "เวลาบันทึกข้อมูล (เวลาไทย)": null }, "geometry": { "type": "Point", "coordinates": [ 98.78765, 14.53557 ] } },
{ "type": "Feature", "properties": { "รหัสสถานี": "TY.58", "ชื่อสถานี": "วัดท่าไม้", "จังหวัด": "นครสวรรค์", "ระดับน้ำปัจจุบัน (ม.รทก.)": 7.450001, "ระดับตลิ่ง (ม.รทก.)": null, "ระดับน้ำเทียบตลิ่ง (%)": 82.38, "แนวโน้มระดับน้ำ": "คงที่", "ระยะจากตลิ่ง (ม.)": "-1.57", "อัตราการไหล (ลบ.ม./วิ)": null, "% อัตราการไหล": null, "แนวโน้มอัตราการไหล": "คงที่", "Latitude": 15.915064, "Longitude": 100.24716, "เวลาบันทึกข้อมูล (UTC)": "2026-09-27T17:00:00.000Z", "เวลาบันทึกข้อมูล (เวลาไทย)": null }, "geometry": { "type": "Point", "coordinates": [ 100.24716, 15.915064 ] } },
{ "type": "Feature", "properties": { "รหัสสถานี": "P.26A", "ชื่อสถานี": "คลองสวนหมาก", "จังหวัด": "กำแพงเพชร", "ระดับน้ำปัจจุบัน (ม.รทก.)": 3.34, "ระดับตลิ่ง (ม.รทก.)": null, "ระดับน้ำเทียบตลิ่ง (%)": 82.24, "แนวโน้มระดับน้ำ": "เพิ่มขึ้น", "ระยะจากตลิ่ง (ม.)": "-1.66", "อัตราการไหล (ลบ.ม./วิ)": 186.7, "% อัตราการไหล": "55.57", "แนวโน้มอัตราการไหล": "เพิ่มขึ้น", "Latitude": 16.45741, "Longitude": 99.45606, "เวลาบันทึกข้อมูล (UTC)": "2026-09-27T17:00:00.000Z", "เวลาบันทึกข้อมูล (เวลาไทย)": null }, "geometry": { "type": "Point", "coordinates": [ 99.45606, 16.45741 ] } },
{ "type": "Feature", "properties": { "รหัสสถานี": "TY.55", "ชื่อสถานี": "แม่น้ำยม ปากคลองเข้า ปตร.บางพระ", "จังหวัด": "สุโขทัย", "ระดับน้ำปัจจุบัน (ม.รทก.)": 6.799999, "ระดับตลิ่ง (ม.รทก.)": null, "ระดับน้ำเทียบตลิ่ง (%)": 82.13, "แนวโน้มระดับน้ำ": "คงที่", "ระยะจากตลิ่ง (ม.)": "-1.53", "อัตราการไหล (ลบ.ม./วิ)": null, "% อัตราการไหล": null, "แนวโน้มอัตราการไหล": "คงที่", "Latitude": 16.9145, "Longitude": 99.8438, "เวลาบันทึกข้อมูล (UTC)": "2026-09-27T17:00:00.000Z", "เวลาบันทึกข้อมูล (เวลาไทย)": null }, "geometry": { "type": "Point", "coordinates": [ 99.8438, 16.9145 ] } },
{ "type": "Feature", "properties": { "รหัสสถานี": "Ct.2A", "ชื่อสถานี": "บ้านหาดทนง", "จังหวัด": "อุทัยธานี", "ระดับน้ำปัจจุบัน (ม.รทก.)": 19.54, "ระดับตลิ่ง (ม.รทก.)": null, "ระดับน้ำเทียบตลิ่ง (%)": 82.07, "แนวโน้มระดับน้ำ": "เพิ่มขึ้น", "ระยะจากตลิ่ง (ม.)": "-1.80", "อัตราการไหล (ลบ.ม./วิ)": null, "% อัตราการไหล": null, "แนวโน้มอัตราการไหล": "คงที่", "Latitude": 15.41085, "Longitude": 100.05707, "เวลาบันทึกข้อมูล (UTC)": "2026-09-27T17:00:00.000Z", "เวลาบันทึกข้อมูล (เวลาไทย)": null }, "geometry": { "type": "Point", "coordinates": [ 100.05707, 15.41085 ] } },
{ "type": "Feature", "properties": { "รหัสสถานี": "TTr12", "ชื่อสถานี": "ฝายคลองนางน้อย", "จังหวัด": "ตรัง", "ระดับน้ำปัจจุบัน (ม.รทก.)": 29.47, "ระดับตลิ่ง (ม.รทก.)": null, "ระดับน้ำเทียบตลิ่ง (%)": 81.86, "แนวโน้มระดับน้ำ": "คงที่", "ระยะจากตลิ่ง (ม.)": "-6.53", "อัตราการไหล (ลบ.ม./วิ)": null, "% อัตราการไหล": null, "แนวโน้มอัตราการไหล": "คงที่", "Latitude": 7.549089, "Longitude": 99.72682, "เวลาบันทึกข้อมูล (UTC)": "2026-09-27T17:00:00.000Z", "เวลาบันทึกข้อมูล (เวลาไทย)": null }, "geometry": { "type": "Point", "coordinates": [ 99.72682, 7.549089 ] } },
{ "type": "Feature", "properties": { "รหัสสถานี": "TC.60", "ชื่อสถานี": "TC.60", "จังหวัด": "นครสวรรค์", "ระดับน้ำปัจจุบัน (ม.รทก.)": 4.6800003, "ระดับตลิ่ง (ม.รทก.)": null, "ระดับน้ำเทียบตลิ่ง (%)": 81.82, "แนวโน้มระดับน้ำ": "คงที่", "ระยะจากตลิ่ง (ม.)": "-1.04", "อัตราการไหล (ลบ.ม./วิ)": null, "% อัตราการไหล": null, "แนวโน้มอัตราการไหล": "คงที่", "Latitude": 15.67, "Longitude": 100.33417, "เวลาบันทึกข้อมูล (UTC)": "2026-09-27T17:00:00.000Z", "เวลาบันทึกข้อมูล (เวลาไทย)": null }, "geometry": { "type": "Point", "coordinates": [ 100.33417, 15.67 ] } },
{ "type": "Feature", "properties": { "รหัสสถานี": "TS.16", "ชื่อสถานี": "คลองปู่เจ้า", "จังหวัด": "เพชรบูรณ์", "ระดับน้ำปัจจุบัน (ม.รทก.)": 4.0200043, "ระดับตลิ่ง (ม.รทก.)": null, "ระดับน้ำเทียบตลิ่ง (%)": 81.64, "แนวโน้มระดับน้ำ": "คงที่", "ระยะจากตลิ่ง (ม.)": "-0.76", "อัตราการไหล (ลบ.ม./วิ)": null, "% อัตราการไหล": null, "แนวโน้มอัตราการไหล": "คงที่", "Latitude": 16.146187, "Longitude": 101.08415, "เวลาบันทึกข้อมูล (UTC)": "2026-09-27T17:00:00.000Z", "เวลาบันทึกข้อมูล (เวลาไทย)": null }, "geometry": { "type": "Point", "coordinates": [ 101.08415, 16.146187 ] } },
{ "type": "Feature", "properties": { "รหัสสถานี": "TPB06", "ชื่อสถานี": "บ้านห้วยกวางจริง", "จังหวัด": "เพชรบุรี", "ระดับน้ำปัจจุบัน (ม.รทก.)": 33.78, "ระดับตลิ่ง (ม.รทก.)": null, "ระดับน้ำเทียบตลิ่ง (%)": 81.39, "แนวโน้มระดับน้ำ": "คงที่", "ระยะจากตลิ่ง (ม.)": "-10.22", "อัตราการไหล (ลบ.ม./วิ)": null, "% อัตราการไหล": null, "แนวโน้มอัตราการไหล": "คงที่", "Latitude": 13.005179, "Longitude": 99.74277, "เวลาบันทึกข้อมูล (UTC)": "2026-09-27T17:00:00.000Z", "เวลาบันทึกข้อมูล (เวลาไทย)": null }, "geometry": { "type": "Point", "coordinates": [ 99.74277, 13.005179 ] } },
{ "type": "Feature", "properties": { "รหัสสถานี": "N.7A", "ชื่อสถานี": "บ้านราชช้างขวัญ", "จังหวัด": "พิจิตร", "ระดับน้ำปัจจุบัน (ม.รทก.)": 7.48, "ระดับตลิ่ง (ม.รทก.)": null, "ระดับน้ำเทียบตลิ่ง (%)": 81.23, "แนวโน้มระดับน้ำ": "ลดลง", "ระยะจากตลิ่ง (ม.)": "-2.39", "อัตราการไหล (ลบ.ม./วิ)": 694.4, "% อัตราการไหล": "69.65", "แนวโน้มอัตราการไหล": "ลดลง", "Latitude": 16.4695, "Longitude": 100.33087, "เวลาบันทึกข้อมูล (UTC)": "2026-09-27T17:00:00.000Z", "เวลาบันทึกข้อมูล (เวลาไทย)": null }, "geometry": { "type": "Point", "coordinates": [ 100.33087, 16.4695 ] } },
{ "type": "Feature", "properties": { "รหัสสถานี": "TM.145", "ชื่อสถานี": "TM.145", "จังหวัด": "นครราชสีมา", "ระดับน้ำปัจจุบัน (ม.รทก.)": 4.4400024, "ระดับตลิ่ง (ม.รทก.)": null, "ระดับน้ำเทียบตลิ่ง (%)": 81.17, "แนวโน้มระดับน้ำ": "เพิ่มขึ้น", "ระยะจากตลิ่ง (ม.)": "-1.03", "อัตราการไหล (ลบ.ม./วิ)": null, "% อัตราการไหล": null, "แนวโน้มอัตราการไหล": "คงที่", "Latitude": 14.49238, "Longitude": 101.6835, "เวลาบันทึกข้อมูล (UTC)": "2026-09-27T17:00:00.000Z", "เวลาบันทึกข้อมูล (เวลาไทย)": null }, "geometry": { "type": "Point", "coordinates": [ 101.6835, 14.49238 ] } },
{ "type": "Feature", "properties": { "รหัสสถานี": "TS.10", "ชื่อสถานี": "เหนือเขื่อนป่าสัก", "จังหวัด": "ลพบุรี", "ระดับน้ำปัจจุบัน (ม.รทก.)": 41.74, "ระดับตลิ่ง (ม.รทก.)": null, "ระดับน้ำเทียบตลิ่ง (%)": 81.12, "แนวโน้มระดับน้ำ": "เพิ่มขึ้น", "ระยะจากตลิ่ง (ม.)": "-5.06", "อัตราการไหล (ลบ.ม./วิ)": null, "% อัตราการไหล": null, "แนวโน้มอัตราการไหล": "คงที่", "Latitude": 14.848254, "Longitude": 101.0902, "เวลาบันทึกข้อมูล (UTC)": "2026-09-27T17:00:00.000Z", "เวลาบันทึกข้อมูล (เวลาไทย)": null }, "geometry": { "type": "Point", "coordinates": [ 101.0902, 14.848254 ] } },
{ "type": "Feature", "properties": { "รหัสสถานี": "M.192", "ชื่อสถานี": "บ้านโนนค่า", "จังหวัด": "นครราชสีมา", "ระดับน้ำปัจจุบัน (ม.รทก.)": 3.54, "ระดับตลิ่ง (ม.รทก.)": null, "ระดับน้ำเทียบตลิ่ง (%)": 80.86, "แนวโน้มระดับน้ำ": "เพิ่มขึ้น", "ระยะจากตลิ่ง (ม.)": "-0.76", "อัตราการไหล (ลบ.ม./วิ)": 7.56, "% อัตราการไหล": "21.60", "แนวโน้มอัตราการไหล": "เพิ่มขึ้น", "Latitude": 14.93225, "Longitude": 101.86788, "เวลาบันทึกข้อมูล (UTC)": "2026-09-27T17:00:00.000Z", "เวลาบันทึกข้อมูล (เวลาไทย)": null }, "geometry": { "type": "Point", "coordinates": [ 101.86788, 14.93225 ] } },
{ "type": "Feature", "properties": { "รหัสสถานี": "M.9", "ชื่อสถานี": "ชุมชนสะพานขาว", "จังหวัด": "ศรีสะเกษ", "ระดับน้ำปัจจุบัน (ม.รทก.)": 7.29, "ระดับตลิ่ง (ม.รทก.)": null, "ระดับน้ำเทียบตลิ่ง (%)": 80.85, "แนวโน้มระดับน้ำ": "คงที่", "ระยะจากตลิ่ง (ม.)": "-1.71", "อัตราการไหล (ลบ.ม./วิ)": 86.6, "% อัตราการไหล": "43.30", "แนวโน้มอัตราการไหล": "คงที่", "Latitude": 15.11808, "Longitude": 104.31864, "เวลาบันทึกข้อมูล (UTC)": "2026-09-27T17:00:00.000Z", "เวลาบันทึกข้อมูล (เวลาไทย)": null }, "geometry": { "type": "Point", "coordinates": [ 104.31864, 15.11808 ] } },
{ "type": "Feature", "properties": { "รหัสสถานี": "S.32", "ชื่อสถานี": "สถานีแพดับเพลิง", "จังหวัด": "สระบุรี", "ระดับน้ำปัจจุบัน (ม.รทก.)": 10.6, "ระดับตลิ่ง (ม.รทก.)": null, "ระดับน้ำเทียบตลิ่ง (%)": 80.77, "แนวโน้มระดับน้ำ": "เพิ่มขึ้น", "ระยะจากตลิ่ง (ม.)": "-2.20", "อัตราการไหล (ลบ.ม./วิ)": 548.0, "% อัตราการไหล": "64.93", "แนวโน้มอัตราการไหล": "เพิ่มขึ้น", "Latitude": 14.55752, "Longitude": 100.92422, "เวลาบันทึกข้อมูล (UTC)": "2026-09-27T17:00:00.000Z", "เวลาบันทึกข้อมูล (เวลาไทย)": null }, "geometry": { "type": "Point", "coordinates": [ 100.92422, 14.55752 ] } },
{ "type": "Feature", "properties": { "รหัสสถานี": "TKS.116", "ชื่อสถานี": "บ้านสุขสำราญ", "จังหวัด": "สกลนคร", "ระดับน้ำปัจจุบัน (ม.รทก.)": 12.869995, "ระดับตลิ่ง (ม.รทก.)": null, "ระดับน้ำเทียบตลิ่ง (%)": 80.44, "แนวโน้มระดับน้ำ": "คงที่", "ระยะจากตลิ่ง (ม.)": "-3.13", "อัตราการไหล (ลบ.ม./วิ)": null, "% อัตราการไหล": null, "แนวโน้มอัตราการไหล": "คงที่", "Latitude": 17.95482, "Longitude": 103.68074, "เวลาบันทึกข้อมูล (UTC)": "2026-09-27T17:00:00.000Z", "เวลาบันทึกข้อมูล (เวลาไทย)": null }, "geometry": { "type": "Point", "coordinates": [ 103.68074, 17.95482 ] } },
{ "type": "Feature", "properties": { "รหัสสถานี": "TTr6", "ชื่อสถานี": "บ้านนิคม", "จังหวัด": "นครศรีธรรมราช", "ระดับน้ำปัจจุบัน (ม.รทก.)": 5.049999, "ระดับตลิ่ง (ม.รทก.)": null, "ระดับน้ำเทียบตลิ่ง (%)": 80.2, "แนวโน้มระดับน้ำ": "เพิ่มขึ้น", "ระยะจากตลิ่ง (ม.)": "-4.95", "อัตราการไหล (ลบ.ม./วิ)": null, "% อัตราการไหล": null, "แนวโน้มอัตราการไหล": "คงที่", "Latitude": 7.949661, "Longitude": 99.52943, "เวลาบันทึกข้อมูล (UTC)": "2026-09-27T17:00:00.000Z", "เวลาบันทึกข้อมูล (เวลาไทย)": null }, "geometry": { "type": "Point", "coordinates": [ 99.52943, 7.949661 ] } },
{ "type": "Feature", "properties": { "รหัสสถานี": "TPB08", "ชื่อสถานี": "เขื่อนแก่งกระจาน (ท้ายน้ำ)", "จังหวัด": "เพชรบุรี", "ระดับน้ำปัจจุบัน (ม.รทก.)": 49.7, "ระดับตลิ่ง (ม.รทก.)": null, "ระดับน้ำเทียบตลิ่ง (%)": 80.16, "แนวโน้มระดับน้ำ": "คงที่", "ระยะจากตลิ่ง (ม.)": "-12.30", "อัตราการไหล (ลบ.ม./วิ)": null, "% อัตราการไหล": null, "แนวโน้มอัตราการไหล": "คงที่", "Latitude": 12.909761, "Longitude": 99.64162, "เวลาบันทึกข้อมูล (UTC)": "2026-09-27T17:00:00.000Z", "เวลาบันทึกข้อมูล (เวลาไทย)": null }, "geometry": { "type": "Point", "coordinates": [ 99.64162, 12.909761 ] } },
{ "type": "Feature", "properties": { "รหัสสถานี": "Ct.19", "ชื่อสถานี": "บ้านดอนใหญ่", "จังหวัด": "อุทัยธานี", "ระดับน้ำปัจจุบัน (ม.รทก.)": 22.95, "ระดับตลิ่ง (ม.รทก.)": null, "ระดับน้ำเทียบตลิ่ง (%)": 79.72, "แนวโน้มระดับน้ำ": "ลดลง", "ระยะจากตลิ่ง (ม.)": "-1.57", "อัตราการไหล (ลบ.ม./วิ)": 342.0, "% อัตราการไหล": "53.69", "แนวโน้มอัตราการไหล": "ลดลง", "Latitude": 15.45274, "Longitude": 100.03189, "เวลาบันทึกข้อมูล (UTC)": "2026-09-27T17:00:00.000Z", "เวลาบันทึกข้อมูล (เวลาไทย)": null }, "geometry": { "type": "Point", "coordinates": [ 100.03189, 15.45274 ] } },
{ "type": "Feature", "properties": { "รหัสสถานี": "TY.56", "ชื่อสถานี": "สะพานเขาโค้ง", "จังหวัด": "สุโขทัย", "ระดับน้ำปัจจุบัน (ม.รทก.)": 5.4399986, "ระดับตลิ่ง (ม.รทก.)": null, "ระดับน้ำเทียบตลิ่ง (%)": 79.5, "แนวโน้มระดับน้ำ": "ลดลง", "ระยะจากตลิ่ง (ม.)": "-1.63", "อัตราการไหล (ลบ.ม./วิ)": null, "% อัตราการไหล": null, "แนวโน้มอัตราการไหล": "คงที่", "Latitude": 16.925978, "Longitude": 99.890305, "เวลาบันทึกข้อมูล (UTC)": "2026-09-27T17:00:00.000Z", "เวลาบันทึกข้อมูล (เวลาไทย)": null }, "geometry": { "type": "Point", "coordinates": [ 99.890305, 16.925978 ] } },
{ "type": "Feature", "properties": { "รหัสสถานี": "TKL.126", "ชื่อสถานี": "บ้านโป่ง", "จังหวัด": "เลย", "ระดับน้ำปัจจุบัน (ม.รทก.)": 4.149994, "ระดับตลิ่ง (ม.รทก.)": null, "ระดับน้ำเทียบตลิ่ง (%)": 79.41, "แนวโน้มระดับน้ำ": "เพิ่มขึ้น", "ระยะจากตลิ่ง (ม.)": "-3.69", "อัตราการไหล (ลบ.ม./วิ)": null, "% อัตราการไหล": null, "แนวโน้มอัตราการไหล": "คงที่", "Latitude": 17.71032, "Longitude": 101.7109, "เวลาบันทึกข้อมูล (UTC)": "2026-09-27T17:00:00.000Z", "เวลาบันทึกข้อมูล (เวลาไทย)": null }, "geometry": { "type": "Point", "coordinates": [ 101.7109, 17.71032 ] } },
{ "type": "Feature", "properties": { "รหัสสถานี": "X.207", "ชื่อสถานี": "บ้านน้ำจืด", "จังหวัด": "ระนอง", "ระดับน้ำปัจจุบัน (ม.รทก.)": 3.34, "ระดับตลิ่ง (ม.รทก.)": null, "ระดับน้ำเทียบตลิ่ง (%)": 79.4, "แนวโน้มระดับน้ำ": "ลดลง", "ระยะจากตลิ่ง (ม.)": "-0.76", "อัตราการไหล (ลบ.ม./วิ)": 20.4, "% อัตราการไหล": "61.82", "แนวโน้มอัตราการไหล": "ลดลง", "Latitude": 10.400022, "Longitude": 98.78648, "เวลาบันทึกข้อมูล (UTC)": "2026-09-27T17:00:00.000Z", "เวลาบันทึกข้อมูล (เวลาไทย)": null }, "geometry": { "type": "Point", "coordinates": [ 98.78648, 10.400022 ] } },
{ "type": "Feature", "properties": { "รหัสสถานี": "K.37", "ชื่อสถานี": "บ้านวังเย็น", "จังหวัด": "กาญจนบุรี", "ระดับน้ำปัจจุบัน (ม.รทก.)": 8.88, "ระดับตลิ่ง (ม.รทก.)": null, "ระดับน้ำเทียบตลิ่ง (%)": 79.36, "แนวโน้มระดับน้ำ": "เพิ่มขึ้น", "ระยะจากตลิ่ง (ม.)": "-2.77", "อัตราการไหล (ลบ.ม./วิ)": 1189.26, "% อัตราการไหล": "62.26", "แนวโน้มอัตราการไหล": "เพิ่มขึ้น", "Latitude": 13.93906, "Longitude": 99.41625, "เวลาบันทึกข้อมูล (UTC)": "2026-09-27T17:00:00.000Z", "เวลาบันทึกข้อมูล (เวลาไทย)": null }, "geometry": { "type": "Point", "coordinates": [ 99.41625, 13.93906 ] } },
{ "type": "Feature", "properties": { "รหัสสถานี": "M.43A", "ชื่อสถานี": "บ้านท่ามะปรางค์", "จังหวัด": "นครราชสีมา", "ระดับน้ำปัจจุบัน (ม.รทก.)": 2.8, "ระดับตลิ่ง (ม.รทก.)": null, "ระดับน้ำเทียบตลิ่ง (%)": 79.23, "แนวโน้มระดับน้ำ": "ลดลง", "ระยะจากตลิ่ง (ม.)": "-0.70", "อัตราการไหล (ลบ.ม./วิ)": 76.48, "% อัตราการไหล": "68.29", "แนวโน้มอัตราการไหล": "ลดลง", "Latitude": 14.51204, "Longitude": 101.38035, "เวลาบันทึกข้อมูล (UTC)": "2026-09-27T17:00:00.000Z", "เวลาบันทึกข้อมูล (เวลาไทย)": null }, "geometry": { "type": "Point", "coordinates": [ 101.38035, 14.51204 ] } },
{ "type": "Feature", "properties": { "รหัสสถานี": "TSK.9", "ชื่อสถานี": "ฝายทับเสลา", "จังหวัด": "อุทัยธานี", "ระดับน้ำปัจจุบัน (ม.รทก.)": 3.3899994, "ระดับตลิ่ง (ม.รทก.)": null, "ระดับน้ำเทียบตลิ่ง (%)": 79.23, "แนวโน้มระดับน้ำ": "ลดลง", "ระยะจากตลิ่ง (ม.)": "-1.13", "อัตราการไหล (ลบ.ม./วิ)": null, "% อัตราการไหล": null, "แนวโน้มอัตราการไหล": "คงที่", "Latitude": 15.407623, "Longitude": 99.714455, "เวลาบันทึกข้อมูล (UTC)": "2026-09-27T17:00:00.000Z", "เวลาบันทึกข้อมูล (เวลาไทย)": null }, "geometry": { "type": "Point", "coordinates": [ 99.714455, 15.407623 ] } },
{ "type": "Feature", "properties": { "รหัสสถานี": "M.184", "ชื่อสถานี": "บ้านซึม", "จังหวัด": "นครราชสีมา", "ระดับน้ำปัจจุบัน (ม.รทก.)": 4.09, "ระดับตลิ่ง (ม.รทก.)": null, "ระดับน้ำเทียบตลิ่ง (%)": 78.77, "แนวโน้มระดับน้ำ": "เพิ่มขึ้น", "ระยะจากตลิ่ง (ม.)": "-1.21", "อัตราการไหล (ลบ.ม./วิ)": 55.05, "% อัตราการไหล": "43.69", "แนวโน้มอัตราการไหล": "เพิ่มขึ้น", "Latitude": 15.21996, "Longitude": 102.4283, "เวลาบันทึกข้อมูล (UTC)": "2026-09-27T17:00:00.000Z", "เวลาบันทึกข้อมูล (เวลาไทย)": null }, "geometry": { "type": "Point", "coordinates": [ 102.4283, 15.21996 ] } },
{ "type": "Feature", "properties": { "รหัสสถานี": "E.2A", "ชื่อสถานี": "ประปายโสธร", "จังหวัด": "ยโสธร", "ระดับน้ำปัจจุบัน (ม.รทก.)": 9.36, "ระดับตลิ่ง (ม.รทก.)": null, "ระดับน้ำเทียบตลิ่ง (%)": 77.55, "แนวโน้มระดับน้ำ": "ลดลง", "ระยะจากตลิ่ง (ม.)": "-2.64", "อัตราการไหล (ลบ.ม./วิ)": null, "% อัตราการไหล": null, "แนวโน้มอัตราการไหล": "คงที่", "Latitude": 15.79962, "Longitude": 104.13486, "เวลาบันทึกข้อมูล (UTC)": "2026-09-27T17:00:00.000Z", "เวลาบันทึกข้อมูล (เวลาไทย)": null }, "geometry": { "type": "Point", "coordinates": [ 104.13486, 15.79962 ] } },
{ "type": "Feature", "properties": { "รหัสสถานี": "TUP.16", "ชื่อสถานี": "สถานีเขื่อนแม่งัดสมบูรณ์ชล", "จังหวัด": "เชียงใหม่", "ระดับน้ำปัจจุบัน (ม.รทก.)": 395.3, "ระดับตลิ่ง (ม.รทก.)": null, "ระดับน้ำเทียบตลิ่ง (%)": 77.2, "แนวโน้มระดับน้ำ": "คงที่", "ระยะจากตลิ่ง (ม.)": "-5.70", "อัตราการไหล (ลบ.ม./วิ)": null, "% อัตราการไหล": null, "แนวโน้มอัตราการไหล": "คงที่", "Latitude": 19.16155, "Longitude": 99.03961, "เวลาบันทึกข้อมูล (UTC)": "2026-09-27T17:00:00.000Z", "เวลาบันทึกข้อมูล (เวลาไทย)": null }, "geometry": { "type": "Point", "coordinates": [ 99.03961, 19.16155 ] } },
{ "type": "Feature", "properties": { "รหัสสถานี": "TTC15", "ชื่อสถานี": "ไซฟอนกระเสียว", "จังหวัด": "สุพรรณบุรี", "ระดับน้ำปัจจุบัน (ม.รทก.)": 3.87, "ระดับตลิ่ง (ม.รทก.)": null, "ระดับน้ำเทียบตลิ่ง (%)": 76.92, "แนวโน้มระดับน้ำ": "เพิ่มขึ้น", "ระยะจากตลิ่ง (ม.)": "-1.71", "อัตราการไหล (ลบ.ม./วิ)": null, "% อัตราการไหล": null, "แนวโน้มอัตราการไหล": "คงที่", "Latitude": 14.844778, "Longitude": 100.015495, "เวลาบันทึกข้อมูล (UTC)": "2026-09-27T17:00:00.000Z", "เวลาบันทึกข้อมูล (เวลาไทย)": null }, "geometry": { "type": "Point", "coordinates": [ 100.015495, 14.844778 ] } },
{ "type": "Feature", "properties": { "รหัสสถานี": "TTP28", "ชื่อสถานี": "สถานีวัดบางเงิน", "จังหวัด": "กระบี่", "ระดับน้ำปัจจุบัน (ม.รทก.)": 35.37, "ระดับตลิ่ง (ม.รทก.)": null, "ระดับน้ำเทียบตลิ่ง (%)": 76.89, "แนวโน้มระดับน้ำ": "ลดลง", "ระยะจากตลิ่ง (ม.)": "-10.63", "อัตราการไหล (ลบ.ม./วิ)": null, "% อัตราการไหล": null, "แนวโน้มอัตราการไหล": "คงที่", "Latitude": 8.554306, "Longitude": 98.90861, "เวลาบันทึกข้อมูล (UTC)": "2026-09-27T17:00:00.000Z", "เวลาบันทึกข้อมูล (เวลาไทย)": null }, "geometry": { "type": "Point", "coordinates": [ 98.90861, 8.554306 ] } },
{ "type": "Feature", "properties": { "รหัสสถานี": "E.97", "ชื่อสถานี": "บ้านดอนขยอม", "จังหวัด": "ร้อยเอ็ด", "ระดับน้ำปัจจุบัน (ม.รทก.)": 9.08, "ระดับตลิ่ง (ม.รทก.)": null, "ระดับน้ำเทียบตลิ่ง (%)": 76.4, "แนวโน้มระดับน้ำ": "คงที่", "ระยะจากตลิ่ง (ม.)": "-3.42", "อัตราการไหล (ลบ.ม./วิ)": 537.0, "% อัตราการไหล": "44.75", "แนวโน้มอัตราการไหล": "คงที่", "Latitude": 15.73111, "Longitude": 104.13098, "เวลาบันทึกข้อมูล (UTC)": "2026-09-27T17:00:00.000Z", "เวลาบันทึกข้อมูล (เวลาไทย)": null }, "geometry": { "type": "Point", "coordinates": [ 104.13098, 15.73111 ] } },
{ "type": "Feature", "properties": { "รหัสสถานี": "Tpat.1", "ชื่อสถานี": "ปากแม่น้ำปัตตานี", "จังหวัด": "ปัตตานี", "ระดับน้ำปัจจุบัน (ม.รทก.)": 2.21, "ระดับตลิ่ง (ม.รทก.)": null, "ระดับน้ำเทียบตลิ่ง (%)": 76.21, "แนวโน้มระดับน้ำ": "ลดลง", "ระยะจากตลิ่ง (ม.)": "-0.69", "อัตราการไหล (ลบ.ม./วิ)": null, "% อัตราการไหล": null, "แนวโน้มอัตราการไหล": "คงที่", "Latitude": 6.895837, "Longitude": 101.25107, "เวลาบันทึกข้อมูล (UTC)": "2026-09-27T17:00:00.000Z", "เวลาบันทึกข้อมูล (เวลาไทย)": null }, "geometry": { "type": "Point", "coordinates": [ 101.25107, 6.895837 ] } },
{ "type": "Feature", "properties": { "รหัสสถานี": "K.55A", "ชื่อสถานี": "สะพานค่ายหลวง", "จังหวัด": "ราชบุรี", "ระดับน้ำปัจจุบัน (ม.รทก.)": 6.7, "ระดับตลิ่ง (ม.รทก.)": null, "ระดับน้ำเทียบตลิ่ง (%)": 75.87, "แนวโน้มระดับน้ำ": "เพิ่มขึ้น", "ระยะจากตลิ่ง (ม.)": "-2.30", "อัตราการไหล (ลบ.ม./วิ)": 1027.0, "% อัตราการไหล": "59.36", "แนวโน้มอัตราการไหล": "เพิ่มขึ้น", "Latitude": 13.80568, "Longitude": 99.87159, "เวลาบันทึกข้อมูล (UTC)": "2026-09-27T17:00:00.000Z", "เวลาบันทึกข้อมูล (เวลาไทย)": null }, "geometry": { "type": "Point", "coordinates": [ 99.87159, 13.80568 ] } },
{ "type": "Feature", "properties": { "รหัสสถานี": "Y.15", "ชื่อสถานี": "บ้านกง", "จังหวัด": "สุโขทัย", "ระดับน้ำปัจจุบัน (ม.รทก.)": 7.33, "ระดับตลิ่ง (ม.รทก.)": null, "ระดับน้ำเทียบตลิ่ง (%)": 75.69, "แนวโน้มระดับน้ำ": "เพิ่มขึ้น", "ระยะจากตลิ่ง (ม.)": "-2.99", "อัตราการไหล (ลบ.ม./วิ)": 177.6, "% อัตราการไหล": "36.10", "แนวโน้มอัตราการไหล": "เพิ่มขึ้น", "Latitude": 16.92743, "Longitude": 99.95943, "เวลาบันทึกข้อมูล (UTC)": "2026-09-27T17:00:00.000Z", "เวลาบันทึกข้อมูล (เวลาไทย)": null }, "geometry": { "type": "Point", "coordinates": [ 99.95943, 16.92743 ] } },
{ "type": "Feature", "properties": { "รหัสสถานี": "TK.81", "ชื่อสถานี": "สำนักงานประปา  อบต.ท่ากระดาน สาขาแก่งแคบ", "จังหวัด": "กาญจนบุรี", "ระดับน้ำปัจจุบัน (ม.รทก.)": 1.9800034, "ระดับตลิ่ง (ม.รทก.)": null, "ระดับน้ำเทียบตลิ่ง (%)": 75.42, "แนวโน้มระดับน้ำ": "ลดลง", "ระยะจากตลิ่ง (ม.)": "-3.08", "อัตราการไหล (ลบ.ม./วิ)": null, "% อัตราการไหล": null, "แนวโน้มอัตราการไหล": "คงที่", "Latitude": 14.365097, "Longitude": 99.15402, "เวลาบันทึกข้อมูล (UTC)": "2026-09-27T17:00:00.000Z", "เวลาบันทึกข้อมูล (เวลาไทย)": null }, "geometry": { "type": "Point", "coordinates": [ 99.15402, 14.365097 ] } },
{ "type": "Feature", "properties": { "รหัสสถานี": "N.36", "ชื่อสถานี": "บ้านหนองกระท้าว", "จังหวัด": "พิษณุโลก", "ระดับน้ำปัจจุบัน (ม.รทก.)": 5.77, "ระดับตลิ่ง (ม.รทก.)": null, "ระดับน้ำเทียบตลิ่ง (%)": 75.31, "แนวโน้มระดับน้ำ": "ลดลง", "ระยะจากตลิ่ง (ม.)": "-2.73", "อัตราการไหล (ลบ.ม./วิ)": 34.28, "% อัตราการไหล": "30.61", "แนวโน้มอัตราการไหล": "ลดลง", "Latitude": 17.0851, "Longitude": 100.82467, "เวลาบันทึกข้อมูล (UTC)": "2026-09-27T17:00:00.000Z", "เวลาบันทึกข้อมูล (เวลาไทย)": null }, "geometry": { "type": "Point", "coordinates": [ 100.82467, 17.0851 ] } },
{ "type": "Feature", "properties": { "รหัสสถานี": "TS.24", "ชื่อสถานี": "คลองเพรียว", "จังหวัด": "สระบุรี", "ระดับน้ำปัจจุบัน (ม.รทก.)": 5.97, "ระดับตลิ่ง (ม.รทก.)": null, "ระดับน้ำเทียบตลิ่ง (%)": 75.28, "แนวโน้มระดับน้ำ": "ลดลง", "ระยะจากตลิ่ง (ม.)": "-1.96", "อัตราการไหล (ลบ.ม./วิ)": null, "% อัตราการไหล": null, "แนวโน้มอัตราการไหล": "คงที่", "Latitude": 14.529712, "Longitude": 100.93149, "เวลาบันทึกข้อมูล (UTC)": "2026-09-27T17:00:00.000Z", "เวลาบันทึกข้อมูล (เวลาไทย)": null }, "geometry": { "type": "Point", "coordinates": [ 100.93149, 14.529712 ] } },
{ "type": "Feature", "properties": { "รหัสสถานี": "TTC02", "ชื่อสถานี": "ปตร.ท่าโบสถ์", "จังหวัด": "ชัยนาท", "ระดับน้ำปัจจุบัน (ม.รทก.)": 7.2400002, "ระดับตลิ่ง (ม.รทก.)": null, "ระดับน้ำเทียบตลิ่ง (%)": 75.26, "แนวโน้มระดับน้ำ": "คงที่", "ระยะจากตลิ่ง (ม.)": "-2.38", "อัตราการไหล (ลบ.ม./วิ)": null, "% อัตราการไหล": null, "แนวโน้มอัตราการไหล": "คงที่", "Latitude": 15.05395, "Longitude": 100.01206, "เวลาบันทึกข้อมูล (UTC)": "2026-09-27T17:00:00.000Z", "เวลาบันทึกข้อมูล (เวลาไทย)": null }, "geometry": { "type": "Point", "coordinates": [ 100.01206, 15.05395 ] } },
{ "type": "Feature", "properties": { "รหัสสถานี": "TS.15", "ชื่อสถานี": "วัดท่าแร่", "จังหวัด": "เพชรบูรณ์", "ระดับน้ำปัจจุบัน (ม.รทก.)": 4.350006, "ระดับตลิ่ง (ม.รทก.)": null, "ระดับน้ำเทียบตลิ่ง (%)": 74.77, "แนวโน้มระดับน้ำ": "เพิ่มขึ้น", "ระยะจากตลิ่ง (ม.)": "-1.09", "อัตราการไหล (ลบ.ม./วิ)": null, "% อัตราการไหล": null, "แนวโน้มอัตราการไหล": "คงที่", "Latitude": 16.744616, "Longitude": 101.228165, "เวลาบันทึกข้อมูล (UTC)": "2026-09-27T17:00:00.000Z", "เวลาบันทึกข้อมูล (เวลาไทย)": null }, "geometry": { "type": "Point", "coordinates": [ 101.228165, 16.744616 ] } },
{ "type": "Feature", "properties": { "รหัสสถานี": "M.95A", "ชื่อสถานี": "บ้านดอนยาง", "จังหวัด": "ร้อยเอ็ด", "ระดับน้ำปัจจุบัน (ม.รทก.)": 5.43, "ระดับตลิ่ง (ม.รทก.)": null, "ระดับน้ำเทียบตลิ่ง (%)": 74.59, "แนวโน้มระดับน้ำ": "คงที่", "ระยะจากตลิ่ง (ม.)": "-1.87", "อัตราการไหล (ลบ.ม./วิ)": 25.1, "% อัตราการไหล": "17.93", "แนวโน้มอัตราการไหล": "คงที่", "Latitude": 15.57186, "Longitude": 103.81985, "เวลาบันทึกข้อมูล (UTC)": "2026-09-27T17:00:00.000Z", "เวลาบันทึกข้อมูล (เวลาไทย)": null }, "geometry": { "type": "Point", "coordinates": [ 103.81985, 15.57186 ] } },
{ "type": "Feature", "properties": { "รหัสสถานี": "K.3A", "ชื่อสถานี": "สะพานข้ามแม่น้ำแม่กลองหน้าศาลากลางจ.กาญจนบุรี", "จังหวัด": "กาญจนบุรี", "ระดับน้ำปัจจุบัน (ม.รทก.)": 8.7, "ระดับตลิ่ง (ม.รทก.)": null, "ระดับน้ำเทียบตลิ่ง (%)": 74.27, "แนวโน้มระดับน้ำ": "ลดลง", "ระยะจากตลิ่ง (ม.)": "-3.10", "อัตราการไหล (ลบ.ม./วิ)": null, "% อัตราการไหล": null, "แนวโน้มอัตราการไหล": "คงที่", "Latitude": 13.99597, "Longitude": 99.53882, "เวลาบันทึกข้อมูล (UTC)": "2026-09-27T17:00:00.000Z", "เวลาบันทึกข้อมูล (เวลาไทย)": null }, "geometry": { "type": "Point", "coordinates": [ 99.53882, 13.99597 ] } },
{ "type": "Feature", "properties": { "รหัสสถานี": "S.14", "ชื่อสถานี": "บ้านท่ารวก", "จังหวัด": "ลพบุรี", "ระดับน้ำปัจจุบัน (ม.รทก.)": 59.72, "ระดับตลิ่ง (ม.รทก.)": null, "ระดับน้ำเทียบตลิ่ง (%)": 74.12, "แนวโน้มระดับน้ำ": "ลดลง", "ระยะจากตลิ่ง (ม.)": "-2.28", "อัตราการไหล (ลบ.ม./วิ)": 54.0, "% อัตราการไหล": "26.47", "แนวโน้มอัตราการไหล": "คงที่", "Latitude": 15.22528, "Longitude": 101.27746, "เวลาบันทึกข้อมูล (UTC)": "2026-09-27T17:00:00.000Z", "เวลาบันทึกข้อมูล (เวลาไทย)": null }, "geometry": { "type": "Point", "coordinates": [ 101.27746, 15.22528 ] } },
{ "type": "Feature", "properties": { "รหัสสถานี": "TM.50", "ชื่อสถานี": "TM.50 (วัดแชะ)", "จังหวัด": "นครราชสีมา", "ระดับน้ำปัจจุบัน (ม.รทก.)": 3.2299957, "ระดับตลิ่ง (ม.รทก.)": null, "ระดับน้ำเทียบตลิ่ง (%)": 74.08, "แนวโน้มระดับน้ำ": "ลดลง", "ระยะจากตลิ่ง (ม.)": "-1.13", "อัตราการไหล (ลบ.ม./วิ)": null, "% อัตราการไหล": null, "แนวโน้มอัตราการไหล": "คงที่", "Latitude": 14.51989, "Longitude": 102.2431, "เวลาบันทึกข้อมูล (UTC)": "2026-09-27T17:00:00.000Z", "เวลาบันทึกข้อมูล (เวลาไทย)": null }, "geometry": { "type": "Point", "coordinates": [ 102.2431, 14.51989 ] } },
{ "type": "Feature", "properties": { "รหัสสถานี": "K.12", "ชื่อสถานี": "บ้านทุ่งนานางหรอก", "จังหวัด": "กาญจนบุรี", "ระดับน้ำปัจจุบัน (ม.รทก.)": 4.45, "ระดับตลิ่ง (ม.รทก.)": null, "ระดับน้ำเทียบตลิ่ง (%)": 73.52, "แนวโน้มระดับน้ำ": "เพิ่มขึ้น", "ระยะจากตลิ่ง (ม.)": "-1.65", "อัตราการไหล (ลบ.ม./วิ)": 116.5, "% อัตราการไหล": "50.65", "แนวโน้มอัตราการไหล": "เพิ่มขึ้น", "Latitude": 14.17522, "Longitude": 99.43407, "เวลาบันทึกข้อมูล (UTC)": "2026-09-27T17:00:00.000Z", "เวลาบันทึกข้อมูล (เวลาไทย)": null }, "geometry": { "type": "Point", "coordinates": [ 99.43407, 14.17522 ] } },
{ "type": "Feature", "properties": { "รหัสสถานี": "C.2", "ชื่อสถานี": "ค่ายจิรประวัติ", "จังหวัด": "นครสวรรค์", "ระดับน้ำปัจจุบัน (ม.รทก.)": 22.41, "ระดับตลิ่ง (ม.รทก.)": null, "ระดับน้ำเทียบตลิ่ง (%)": 73.42, "แนวโน้มระดับน้ำ": "เพิ่มขึ้น", "ระยะจากตลิ่ง (ม.)": "-3.29", "อัตราการไหล (ลบ.ม./วิ)": 1882.0, "% อัตราการไหล": "50.39", "แนวโน้มอัตราการไหล": "เพิ่มขึ้น", "Latitude": 15.67059, "Longitude": 100.10936, "เวลาบันทึกข้อมูล (UTC)": "2026-09-27T17:00:00.000Z", "เวลาบันทึกข้อมูล (เวลาไทย)": null }, "geometry": { "type": "Point", "coordinates": [ 100.10936, 15.67059 ] } },
{ "type": "Feature", "properties": { "รหัสสถานี": "TSK.7", "ชื่อสถานี": "บ้านท่ามะนาว", "จังหวัด": "อุทัยธานี", "ระดับน้ำปัจจุบัน (ม.รทก.)": 0.91999817, "ระดับตลิ่ง (ม.รทก.)": null, "ระดับน้ำเทียบตลิ่ง (%)": 73.17, "แนวโน้มระดับน้ำ": "ลดลง", "ระยะจากตลิ่ง (ม.)": "-0.99", "อัตราการไหล (ลบ.ม./วิ)": null, "% อัตราการไหล": null, "แนวโน้มอัตราการไหล": "คงที่", "Latitude": 15.474444, "Longitude": 99.518585, "เวลาบันทึกข้อมูล (UTC)": "2026-09-27T17:00:00.000Z", "เวลาบันทึกข้อมูล (เวลาไทย)": null }, "geometry": { "type": "Point", "coordinates": [ 99.518585, 15.474444 ] } },
{ "type": "Feature", "properties": { "รหัสสถานี": "TTR.03", "ชื่อสถานี": "บ้านปลายคลอง", "จังหวัด": "ตราด", "ระดับน้ำปัจจุบัน (ม.รทก.)": 5.12, "ระดับตลิ่ง (ม.รทก.)": null, "ระดับน้ำเทียบตลิ่ง (%)": 73.14, "แนวโน้มระดับน้ำ": "ลดลง", "ระยะจากตลิ่ง (ม.)": "-1.88", "อัตราการไหล (ลบ.ม./วิ)": null, "% อัตราการไหล": null, "แนวโน้มอัตราการไหล": "คงที่", "Latitude": 12.260545, "Longitude": 102.46482, "เวลาบันทึกข้อมูล (UTC)": "2026-09-27T17:00:00.000Z", "เวลาบันทึกข้อมูล (เวลาไทย)": null }, "geometry": { "type": "Point", "coordinates": [ 102.46482, 12.260545 ] } },
{ "type": "Feature", "properties": { "รหัสสถานี": "S.43", "ชื่อสถานี": "บ้านพูลทรัพย์", "จังหวัด": "ลพบุรี", "ระดับน้ำปัจจุบัน (ม.รทก.)": 47.81, "ระดับตลิ่ง (ม.รทก.)": null, "ระดับน้ำเทียบตลิ่ง (%)": 73.02, "แนวโน้มระดับน้ำ": "คงที่", "ระยะจากตลิ่ง (ม.)": "-4.09", "อัตราการไหล (ลบ.ม./วิ)": 449.0, "% อัตราการไหล": "48.49", "แนวโน้มอัตราการไหล": "คงที่", "Latitude": 15.32743, "Longitude": 101.2124, "เวลาบันทึกข้อมูล (UTC)": "2026-09-27T17:00:00.000Z", "เวลาบันทึกข้อมูล (เวลาไทย)": null }, "geometry": { "type": "Point", "coordinates": [ 101.2124, 15.32743 ] } },
{ "type": "Feature", "properties": { "รหัสสถานี": "E.98", "ชื่อสถานี": "บ้านเขื่องใน", "จังหวัด": "อุบลราชธานี", "ระดับน้ำปัจจุบัน (ม.รทก.)": 8.37, "ระดับตลิ่ง (ม.รทก.)": null, "ระดับน้ำเทียบตลิ่ง (%)": 73.01, "แนวโน้มระดับน้ำ": "คงที่", "ระยะจากตลิ่ง (ม.)": "-3.43", "อัตราการไหล (ลบ.ม./วิ)": 758.75, "% อัตราการไหล": "35.29", "แนวโน้มอัตราการไหล": "คงที่", "Latitude": 15.30323, "Longitude": 104.50032, "เวลาบันทึกข้อมูล (UTC)": "2026-09-27T17:00:00.000Z", "เวลาบันทึกข้อมูล (เวลาไทย)": null }, "geometry": { "type": "Point", "coordinates": [ 104.50032, 15.30323 ] } },
{ "type": "Feature", "properties": { "รหัสสถานี": "TS.22", "ชื่อสถานี": "ฝายคลองสุคต", "จังหวัด": "สระบุรี", "ระดับน้ำปัจจุบัน (ม.รทก.)": 2.3499985, "ระดับตลิ่ง (ม.รทก.)": null, "ระดับน้ำเทียบตลิ่ง (%)": 72.98, "แนวโน้มระดับน้ำ": "ลดลง", "ระยะจากตลิ่ง (ม.)": "-0.87", "อัตราการไหล (ลบ.ม./วิ)": null, "% อัตราการไหล": null, "แนวโน้มอัตราการไหล": "คงที่", "Latitude": 14.863621, "Longitude": 101.11996, "เวลาบันทึกข้อมูล (UTC)": "2026-09-27T17:00:00.000Z", "เวลาบันทึกข้อมูล (เวลาไทย)": null }, "geometry": { "type": "Point", "coordinates": [ 101.11996, 14.863621 ] } },
{ "type": "Feature", "properties": { "รหัสสถานี": "TSL17", "ชื่อสถานี": "เขาชัยสน", "จังหวัด": "พัทลุง", "ระดับน้ำปัจจุบัน (ม.รทก.)": 5.5099998, "ระดับตลิ่ง (ม.รทก.)": null, "ระดับน้ำเทียบตลิ่ง (%)": 72.92, "แนวโน้มระดับน้ำ": "คงที่", "ระยะจากตลิ่ง (ม.)": "-1.66", "อัตราการไหล (ลบ.ม./วิ)": null, "% อัตราการไหล": null, "แนวโน้มอัตราการไหล": "คงที่", "Latitude": 7.47076, "Longitude": 100.138, "เวลาบันทึกข้อมูล (UTC)": "2026-09-27T17:00:00.000Z", "เวลาบันทึกข้อมูล (เวลาไทย)": null }, "geometry": { "type": "Point", "coordinates": [ 100.138, 7.47076 ] } },
{ "type": "Feature", "properties": { "รหัสสถานี": "Y.17", "ชื่อสถานี": "สามง่าม", "จังหวัด": "พิจิตร", "ระดับน้ำปัจจุบัน (ม.รทก.)": 4.53, "ระดับตลิ่ง (ม.รทก.)": null, "ระดับน้ำเทียบตลิ่ง (%)": 72.87, "แนวโน้มระดับน้ำ": "คงที่", "ระยะจากตลิ่ง (ม.)": "-2.23", "อัตราการไหล (ลบ.ม./วิ)": null, "% อัตราการไหล": null, "แนวโน้มอัตราการไหล": "คงที่", "Latitude": 16.50744, "Longitude": 100.20409, "เวลาบันทึกข้อมูล (UTC)": "2026-09-27T17:00:00.000Z", "เวลาบันทึกข้อมูล (เวลาไทย)": null }, "geometry": { "type": "Point", "coordinates": [ 100.20409, 16.50744 ] } },
{ "type": "Feature", "properties": { "รหัสสถานี": "TTr3", "ชื่อสถานี": "บ้านวังปราง", "จังหวัด": "นครศรีธรรมราช", "ระดับน้ำปัจจุบัน (ม.รทก.)": 5.41, "ระดับตลิ่ง (ม.รทก.)": null, "ระดับน้ำเทียบตลิ่ง (%)": 72.6, "แนวโน้มระดับน้ำ": "คงที่", "ระยะจากตลิ่ง (ม.)": "-9.59", "อัตราการไหล (ลบ.ม./วิ)": null, "% อัตราการไหล": null, "แนวโน้มอัตราการไหล": "คงที่", "Latitude": 8.025506, "Longitude": 99.631516, "เวลาบันทึกข้อมูล (UTC)": "2026-09-27T17:00:00.000Z", "เวลาบันทึกข้อมูล (เวลาไทย)": null }, "geometry": { "type": "Point", "coordinates": [ 99.631516, 8.025506 ] } },
{ "type": "Feature", "properties": { "รหัสสถานี": "TP.100", "ชื่อสถานี": "ฝายคลองสวนหมาก", "จังหวัด": "กำแพงเพชร", "ระดับน้ำปัจจุบัน (ม.รทก.)": 2.4400024, "ระดับตลิ่ง (ม.รทก.)": null, "ระดับน้ำเทียบตลิ่ง (%)": 72.42, "แนวโน้มระดับน้ำ": "เพิ่มขึ้น", "ระยะจากตลิ่ง (ม.)": "-0.91", "อัตราการไหล (ลบ.ม./วิ)": null, "% อัตราการไหล": null, "แนวโน้มอัตราการไหล": "คงที่", "Latitude": 16.330917, "Longitude": 99.26475, "เวลาบันทึกข้อมูล (UTC)": "2026-09-27T17:00:00.000Z", "เวลาบันทึกข้อมูล (เวลาไทย)": null }, "geometry": { "type": "Point", "coordinates": [ 99.26475, 16.330917 ] } },
{ "type": "Feature", "properties": { "รหัสสถานี": "M.190", "ชื่อสถานี": "บ้านเขวา", "จังหวัด": "ศรีสะเกษ", "ระดับน้ำปัจจุบัน (ม.รทก.)": 5.79, "ระดับตลิ่ง (ม.รทก.)": null, "ระดับน้ำเทียบตลิ่ง (%)": 72.37, "แนวโน้มระดับน้ำ": "คงที่", "ระยะจากตลิ่ง (ม.)": "-1.81", "อัตราการไหล (ลบ.ม./วิ)": 87.0, "% อัตราการไหล": "39.73", "แนวโน้มอัตราการไหล": "คงที่", "Latitude": 15.01052, "Longitude": 104.12845, "เวลาบันทึกข้อมูล (UTC)": "2026-09-27T17:00:00.000Z", "เวลาบันทึกข้อมูล (เวลาไทย)": null }, "geometry": { "type": "Point", "coordinates": [ 104.12845, 15.01052 ] } },
{ "type": "Feature", "properties": { "รหัสสถานี": "TTP18", "ชื่อสถานี": "บ้านโพธิ์น้อย", "จังหวัด": "สุราษฎร์ธานี", "ระดับน้ำปัจจุบัน (ม.รทก.)": 17.37, "ระดับตลิ่ง (ม.รทก.)": null, "ระดับน้ำเทียบตลิ่ง (%)": 72.19, "แนวโน้มระดับน้ำ": "คงที่", "ระยะจากตลิ่ง (ม.)": "-6.69", "อัตราการไหล (ลบ.ม./วิ)": null, "% อัตราการไหล": null, "แนวโน้มอัตราการไหล": "คงที่", "Latitude": 9.137005, "Longitude": 98.95723, "เวลาบันทึกข้อมูล (UTC)": "2026-09-27T17:00:00.000Z", "เวลาบันทึกข้อมูล (เวลาไทย)": null }, "geometry": { "type": "Point", "coordinates": [ 98.95723, 9.137005 ] } },
{ "type": "Feature", "properties": { "รหัสสถานี": "S.51", "ชื่อสถานี": "บ้านใหม่วังสีมา", "จังหวัด": "เพชรบูรณ์", "ระดับน้ำปัจจุบัน (ม.รทก.)": 6.53, "ระดับตลิ่ง (ม.รทก.)": null, "ระดับน้ำเทียบตลิ่ง (%)": 72.03, "แนวโน้มระดับน้ำ": "คงที่", "ระยะจากตลิ่ง (ม.)": "-2.65", "อัตราการไหล (ลบ.ม./วิ)": 66.01, "% อัตราการไหล": null, "แนวโน้มอัตราการไหล": "คงที่", "Latitude": 16.11496, "Longitude": 101.09702, "เวลาบันทึกข้อมูล (UTC)": "2026-09-27T17:00:00.000Z", "เวลาบันทึกข้อมูล (เวลาไทย)": null }, "geometry": { "type": "Point", "coordinates": [ 101.09702, 16.11496 ] } },
{ "type": "Feature", "properties": { "รหัสสถานี": "M.185A", "ชื่อสถานี": "บ้านหินโคนเก่า", "จังหวัด": "บุรีรัมย์", "ระดับน้ำปัจจุบัน (ม.รทก.)": 5.91, "ระดับตลิ่ง (ม.รทก.)": null, "ระดับน้ำเทียบตลิ่ง (%)": 71.59, "แนวโน้มระดับน้ำ": "คงที่", "ระยะจากตลิ่ง (ม.)": "-2.54", "อัตราการไหล (ลบ.ม./วิ)": 85.75, "% อัตราการไหล": "18.32", "แนวโน้มอัตราการไหล": "คงที่", "Latitude": 15.02688, "Longitude": 102.80569, "เวลาบันทึกข้อมูล (UTC)": "2026-09-27T17:00:00.000Z", "เวลาบันทึกข้อมูล (เวลาไทย)": null }, "geometry": { "type": "Point", "coordinates": [ 102.80569, 15.02688 ] } },
{ "type": "Feature", "properties": { "รหัสสถานี": "M.186", "ชื่อสถานี": "บ้านโนนคอย", "จังหวัด": "นครราชสีมา", "ระดับน้ำปัจจุบัน (ม.รทก.)": 3.23, "ระดับตลิ่ง (ม.รทก.)": null, "ระดับน้ำเทียบตลิ่ง (%)": 71.58, "แนวโน้มระดับน้ำ": "คงที่", "ระยะจากตลิ่ง (ม.)": "-1.37", "อัตราการไหล (ลบ.ม./วิ)": 2.36, "% อัตราการไหล": "2.15", "แนวโน้มอัตราการไหล": "คงที่", "Latitude": 15.06611, "Longitude": 102.4025, "เวลาบันทึกข้อมูล (UTC)": "2026-09-27T17:00:00.000Z", "เวลาบันทึกข้อมูล (เวลาไทย)": null }, "geometry": { "type": "Point", "coordinates": [ 102.4025, 15.06611 ] } },
{ "type": "Feature", "properties": { "รหัสสถานี": "TX.139B", "ชื่อสถานี": "บ้านปากแครง", "จังหวัด": "ตรัง", "ระดับน้ำปัจจุบัน (ม.รทก.)": 25.72, "ระดับตลิ่ง (ม.รทก.)": null, "ระดับน้ำเทียบตลิ่ง (%)": 71.44, "แนวโน้มระดับน้ำ": "คงที่", "ระยะจากตลิ่ง (ม.)": "-10.28", "อัตราการไหล (ลบ.ม./วิ)": null, "% อัตราการไหล": null, "แนวโน้มอัตราการไหล": "คงที่", "Latitude": 7.314746, "Longitude": 99.8254, "เวลาบันทึกข้อมูล (UTC)": "2026-09-27T17:00:00.000Z", "เวลาบันทึกข้อมูล (เวลาไทย)": null }, "geometry": { "type": "Point", "coordinates": [ 99.8254, 7.314746 ] } },
{ "type": "Feature", "properties": { "รหัสสถานี": "M.179A", "ชื่อสถานี": "บ้านป่าก่อ", "จังหวัด": "อุบลราชธานี", "ระดับน้ำปัจจุบัน (ม.รทก.)": 7.04, "ระดับตลิ่ง (ม.รทก.)": null, "ระดับน้ำเทียบตลิ่ง (%)": 71.43, "แนวโน้มระดับน้ำ": "ลดลง", "ระยะจากตลิ่ง (ม.)": "-2.96", "อัตราการไหล (ลบ.ม./วิ)": 229.8, "% อัตราการไหล": "57.45", "แนวโน้มอัตราการไหล": "ลดลง", "Latitude": 15.50299, "Longitude": 104.59544, "เวลาบันทึกข้อมูล (UTC)": "2026-09-27T17:00:00.000Z", "เวลาบันทึกข้อมูล (เวลาไทย)": null }, "geometry": { "type": "Point", "coordinates": [ 104.59544, 15.50299 ] } },
{ "type": "Feature", "properties": { "รหัสสถานี": "M.11B", "ชื่อสถานี": "บ้านโพธิ์ตาก", "จังหวัด": "อุบลราชธานี", "ระดับน้ำปัจจุบัน (ม.รทก.)": 5.49, "ระดับตลิ่ง (ม.รทก.)": null, "ระดับน้ำเทียบตลิ่ง (%)": 71.41, "แนวโน้มระดับน้ำ": "ลดลง", "ระยะจากตลิ่ง (ม.)": "-2.51", "อัตราการไหล (ลบ.ม./วิ)": 2539.0, "% อัตราการไหล": "49.02", "แนวโน้มอัตราการไหล": "ลดลง", "Latitude": 15.24992, "Longitude": 105.23924, "เวลาบันทึกข้อมูล (UTC)": "2026-09-27T17:00:00.000Z", "เวลาบันทึกข้อมูล (เวลาไทย)": null }, "geometry": { "type": "Point", "coordinates": [ 105.23924, 15.24992 ] } },
{ "type": "Feature", "properties": { "รหัสสถานี": "Y.51", "ชื่อสถานี": "บ้านท่าแห", "จังหวัด": "พิษณุโลก", "ระดับน้ำปัจจุบัน (ม.รทก.)": 8.93, "ระดับตลิ่ง (ม.รทก.)": null, "ระดับน้ำเทียบตลิ่ง (%)": 71.0, "แนวโน้มระดับน้ำ": "คงที่", "ระยะจากตลิ่ง (ม.)": "-4.76", "อัตราการไหล (ลบ.ม./วิ)": null, "% อัตราการไหล": null, "แนวโน้มอัตราการไหล": "คงที่", "Latitude": 16.65573, "Longitude": 100.19112, "เวลาบันทึกข้อมูล (UTC)": "2026-09-27T17:00:00.000Z", "เวลาบันทึกข้อมูล (เวลาไทย)": null }, "geometry": { "type": "Point", "coordinates": [ 100.19112, 16.65573 ] } },
{ "type": "Feature", "properties": { "รหัสสถานี": "TTC09", "ชื่อสถานี": "วัดท่ากระบือ", "จังหวัด": "สมุทรสาคร", "ระดับน้ำปัจจุบัน (ม.รทก.)": 0.83, "ระดับตลิ่ง (ม.รทก.)": null, "ระดับน้ำเทียบตลิ่ง (%)": 70.75, "แนวโน้มระดับน้ำ": "ลดลง", "ระยะจากตลิ่ง (ม.)": "-1.17", "อัตราการไหล (ลบ.ม./วิ)": null, "% อัตราการไหล": null, "แนวโน้มอัตราการไหล": "คงที่", "Latitude": 13.662052, "Longitude": 100.223335, "เวลาบันทึกข้อมูล (UTC)": "2026-09-27T17:00:00.000Z", "เวลาบันทึกข้อมูล (เวลาไทย)": null }, "geometry": { "type": "Point", "coordinates": [ 100.223335, 13.662052 ] } },
{ "type": "Feature", "properties": { "รหัสสถานี": "M.164", "ชื่อสถานี": "ตำบลในเมือง", "จังหวัด": "นครราชสีมา", "ระดับน้ำปัจจุบัน (ม.รทก.)": 2.57, "ระดับตลิ่ง (ม.รทก.)": null, "ระดับน้ำเทียบตลิ่ง (%)": 70.38, "แนวโน้มระดับน้ำ": "คงที่", "ระยะจากตลิ่ง (ม.)": "-0.93", "อัตราการไหล (ลบ.ม./วิ)": 3.4, "% อัตราการไหล": "10.63", "แนวโน้มอัตราการไหล": "คงที่", "Latitude": 14.98457, "Longitude": 102.09294, "เวลาบันทึกข้อมูล (UTC)": "2026-09-27T17:00:00.000Z", "เวลาบันทึกข้อมูล (เวลาไทย)": null }, "geometry": { "type": "Point", "coordinates": [ 102.09294, 14.98457 ] } },
{ "type": "Feature", "properties": { "รหัสสถานี": "TKH.130", "ชื่อสถานี": "อ่างเก็บน้ำห้วยหลวง", "จังหวัด": "อุดรธานี", "ระดับน้ำปัจจุบัน (ม.รทก.)": 4.720001, "ระดับตลิ่ง (ม.รทก.)": null, "ระดับน้ำเทียบตลิ่ง (%)": 70.24, "แนวโน้มระดับน้ำ": "คงที่", "ระยะจากตลิ่ง (ม.)": "-2.00", "อัตราการไหล (ลบ.ม./วิ)": null, "% อัตราการไหล": null, "แนวโน้มอัตราการไหล": "คงที่", "Latitude": 17.375118, "Longitude": 102.59914, "เวลาบันทึกข้อมูล (UTC)": "2026-09-27T17:00:00.000Z", "เวลาบันทึกข้อมูล (เวลาไทย)": null }, "geometry": { "type": "Point", "coordinates": [ 102.59914, 17.375118 ] } },
{ "type": "Feature", "properties": { "รหัสสถานี": "TKgt54", "ชื่อสถานี": "ปากแม่น้ำบางปะกง", "จังหวัด": "ฉะเชิงเทรา", "ระดับน้ำปัจจุบัน (ม.รทก.)": -1.37, "ระดับตลิ่ง (ม.รทก.)": null, "ระดับน้ำเทียบตลิ่ง (%)": 70.06, "แนวโน้มระดับน้ำ": "ลดลง", "ระยะจากตลิ่ง (ม.)": "-3.50", "อัตราการไหล (ลบ.ม./วิ)": null, "% อัตราการไหล": null, "แนวโน้มอัตราการไหล": "คงที่", "Latitude": 13.474833, "Longitude": 100.98196, "เวลาบันทึกข้อมูล (UTC)": "2026-09-27T17:00:00.000Z", "เวลาบันทึกข้อมูล (เวลาไทย)": null }, "geometry": { "type": "Point", "coordinates": [ 100.98196, 13.474833 ] } },
{ "type": "Feature", "properties": { "รหัสสถานี": "K.56A", "ชื่อสถานี": "สะพานบ้านหม้อ-สร้อยฟ้า ", "จังหวัด": "ราชบุรี", "ระดับน้ำปัจจุบัน (ม.รทก.)": 7.21, "ระดับตลิ่ง (ม.รทก.)": null, "ระดับน้ำเทียบตลิ่ง (%)": 69.94, "แนวโน้มระดับน้ำ": "เพิ่มขึ้น", "ระยะจากตลิ่ง (ม.)": "-3.09", "อัตราการไหล (ลบ.ม./วิ)": 969.7, "% อัตราการไหล": "51.86", "แนวโน้มอัตราการไหล": "เพิ่มขึ้น", "Latitude": 13.74118, "Longitude": 99.84294, "เวลาบันทึกข้อมูล (UTC)": "2026-09-27T17:00:00.000Z", "เวลาบันทึกข้อมูล (เวลาไทย)": null }, "geometry": { "type": "Point", "coordinates": [ 99.84294, 13.74118 ] } },
{ "type": "Feature", "properties": { "รหัสสถานี": "TNA.04", "ชื่อสถานี": "คลองนอกท่า", "จังหวัด": "นครศรีธรรมราช", "ระดับน้ำปัจจุบัน (ม.รทก.)": 19.58, "ระดับตลิ่ง (ม.รทก.)": null, "ระดับน้ำเทียบตลิ่ง (%)": 69.93, "แนวโน้มระดับน้ำ": "คงที่", "ระยะจากตลิ่ง (ม.)": "-8.42", "อัตราการไหล (ลบ.ม./วิ)": null, "% อัตราการไหล": null, "แนวโน้มอัตราการไหล": "คงที่", "Latitude": 8.530108, "Longitude": 99.81985, "เวลาบันทึกข้อมูล (UTC)": "2026-09-27T17:00:00.000Z", "เวลาบันทึกข้อมูล (เวลาไทย)": null }, "geometry": { "type": "Point", "coordinates": [ 99.81985, 8.530108 ] } },
{ "type": "Feature", "properties": { "รหัสสถานี": "Kgt.14A", "ชื่อสถานี": "บ้านทุ่งแฝก", "จังหวัด": "ปราจีนบุรี", "ระดับน้ำปัจจุบัน (ม.รทก.)": 3.47, "ระดับตลิ่ง (ม.รทก.)": null, "ระดับน้ำเทียบตลิ่ง (%)": 69.45, "แนวโน้มระดับน้ำ": "ลดลง", "ระยะจากตลิ่ง (ม.)": "-1.60", "อัตราการไหล (ลบ.ม./วิ)": 51.85, "% อัตราการไหล": "45.48", "แนวโน้มอัตราการไหล": "ลดลง", "Latitude": 14.16131, "Longitude": 101.88306, "เวลาบันทึกข้อมูล (UTC)": "2026-09-27T17:00:00.000Z", "เวลาบันทึกข้อมูล (เวลาไทย)": null }, "geometry": { "type": "Point", "coordinates": [ 101.88306, 14.16131 ] } },
{ "type": "Feature", "properties": { "รหัสสถานี": "M.32", "ชื่อสถานี": "บ้านเชียงเพ็ง", "จังหวัด": "ยโสธร", "ระดับน้ำปัจจุบัน (ม.รทก.)": 4.76, "ระดับตลิ่ง (ม.รทก.)": null, "ระดับน้ำเทียบตลิ่ง (%)": 68.73, "แนวโน้มระดับน้ำ": "ลดลง", "ระยะจากตลิ่ง (ม.)": "-3.44", "อัตราการไหล (ลบ.ม./วิ)": 75.4, "% อัตราการไหล": "11.17", "แนวโน้มอัตราการไหล": "ลดลง", "Latitude": 15.84008, "Longitude": 104.4557, "เวลาบันทึกข้อมูล (UTC)": "2026-09-27T17:00:00.000Z", "เวลาบันทึกข้อมูล (เวลาไทย)": null }, "geometry": { "type": "Point", "coordinates": [ 104.4557, 15.84008 ] } },
{ "type": "Feature", "properties": { "รหัสสถานี": "M.176", "ชื่อสถานี": "บ้านโนนสีไคล", "จังหวัด": "ศรีสะเกษ", "ระดับน้ำปัจจุบัน (ม.รทก.)": 8.26, "ระดับตลิ่ง (ม.รทก.)": null, "ระดับน้ำเทียบตลิ่ง (%)": 68.6, "แนวโน้มระดับน้ำ": "เพิ่มขึ้น", "ระยะจากตลิ่ง (ม.)": "-3.74", "อัตราการไหล (ลบ.ม./วิ)": 214.4, "% อัตราการไหล": "43.40", "แนวโน้มอัตราการไหล": "เพิ่มขึ้น", "Latitude": 15.00636, "Longitude": 104.63345, "เวลาบันทึกข้อมูล (UTC)": "2026-09-27T17:00:00.000Z", "เวลาบันทึกข้อมูล (เวลาไทย)": null }, "geometry": { "type": "Point", "coordinates": [ 104.63345, 15.00636 ] } },
{ "type": "Feature", "properties": { "รหัสสถานี": "TTR.04", "ชื่อสถานี": "บ้านไร่ป่า", "จังหวัด": "ตราด", "ระดับน้ำปัจจุบัน (ม.รทก.)": 2.4, "ระดับตลิ่ง (ม.รทก.)": null, "ระดับน้ำเทียบตลิ่ง (%)": 68.57, "แนวโน้มระดับน้ำ": "เพิ่มขึ้น", "ระยะจากตลิ่ง (ม.)": "-1.10", "อัตราการไหล (ลบ.ม./วิ)": null, "% อัตราการไหล": null, "แนวโน้มอัตราการไหล": "คงที่", "Latitude": 12.287519, "Longitude": 102.52456, "เวลาบันทึกข้อมูล (UTC)": "2026-09-27T17:00:00.000Z", "เวลาบันทึกข้อมูล (เวลาไทย)": null }, "geometry": { "type": "Point", "coordinates": [ 102.52456, 12.287519 ] } },
{ "type": "Feature", "properties": { "รหัสสถานี": "TSK.10", "ชื่อสถานี": "วัดผาลาดธาราราม", "จังหวัด": "อุทัยธานี", "ระดับน้ำปัจจุบัน (ม.รทก.)": 3.340004, "ระดับตลิ่ง (ม.รทก.)": null, "ระดับน้ำเทียบตลิ่ง (%)": 68.16, "แนวโน้มระดับน้ำ": "คงที่", "ระยะจากตลิ่ง (ม.)": "-1.35", "อัตราการไหล (ลบ.ม./วิ)": null, "% อัตราการไหล": null, "แนวโน้มอัตราการไหล": "คงที่", "Latitude": 15.426389, "Longitude": 99.72864, "เวลาบันทึกข้อมูล (UTC)": "2026-09-27T17:00:00.000Z", "เวลาบันทึกข้อมูล (เวลาไทย)": null }, "geometry": { "type": "Point", "coordinates": [ 99.72864, 15.426389 ] } },
{ "type": "Feature", "properties": { "รหัสสถานี": "Y.4", "ชื่อสถานี": "ต.ธานี", "จังหวัด": "สุโขทัย", "ระดับน้ำปัจจุบัน (ม.รทก.)": 5.1, "ระดับตลิ่ง (ม.รทก.)": null, "ระดับน้ำเทียบตลิ่ง (%)": 67.93, "แนวโน้มระดับน้ำ": "เพิ่มขึ้น", "ระยะจากตลิ่ง (ม.)": "-3.05", "อัตราการไหล (ลบ.ม./วิ)": 188.6, "% อัตราการไหล": "36.98", "แนวโน้มอัตราการไหล": "เพิ่มขึ้น", "Latitude": 17.00636, "Longitude": 99.82211, "เวลาบันทึกข้อมูล (UTC)": "2026-09-27T17:00:00.000Z", "เวลาบันทึกข้อมูล (เวลาไทย)": null }, "geometry": { "type": "Point", "coordinates": [ 99.82211, 17.00636 ] } },
{ "type": "Feature", "properties": { "รหัสสถานี": "TM.193", "ชื่อสถานี": "T สะพานบ้านหัน", "จังหวัด": "นครราชสีมา", "ระดับน้ำปัจจุบัน (ม.รทก.)": 1.9700012, "ระดับตลิ่ง (ม.รทก.)": null, "ระดับน้ำเทียบตลิ่ง (%)": 67.93, "แนวโน้มระดับน้ำ": "คงที่", "ระยะจากตลิ่ง (ม.)": "-0.93", "อัตราการไหล (ลบ.ม./วิ)": null, "% อัตราการไหล": null, "แนวโน้มอัตราการไหล": "คงที่", "Latitude": 14.73907, "Longitude": 102.00011, "เวลาบันทึกข้อมูล (UTC)": "2026-09-27T17:00:00.000Z", "เวลาบันทึกข้อมูล (เวลาไทย)": null }, "geometry": { "type": "Point", "coordinates": [ 102.00011, 14.73907 ] } },
{ "type": "Feature", "properties": { "รหัสสถานี": "TM.196", "ชื่อสถานี": "T-MUN3 (ฝายโคกตอง)", "จังหวัด": "นครราชสีมา", "ระดับน้ำปัจจุบัน (ม.รทก.)": 5.580002, "ระดับตลิ่ง (ม.รทก.)": null, "ระดับน้ำเทียบตลิ่ง (%)": 67.8, "แนวโน้มระดับน้ำ": "คงที่", "ระยะจากตลิ่ง (ม.)": "-2.65", "อัตราการไหล (ลบ.ม./วิ)": null, "% อัตราการไหล": null, "แนวโน้มอัตราการไหล": "คงที่", "Latitude": 15.29435, "Longitude": 102.6924, "เวลาบันทึกข้อมูล (UTC)": "2026-09-27T17:00:00.000Z", "เวลาบันทึกข้อมูล (เวลาไทย)": null }, "geometry": { "type": "Point", "coordinates": [ 102.6924, 15.29435 ] } },
{ "type": "Feature", "properties": { "รหัสสถานี": "TMN 10", "ชื่อสถานี": "ฝายอำนาจเจริญ", "จังหวัด": "อุบลราชธานี", "ระดับน้ำปัจจุบัน (ม.รทก.)": 6.029999, "ระดับตลิ่ง (ม.รทก.)": null, "ระดับน้ำเทียบตลิ่ง (%)": 67.68, "แนวโน้มระดับน้ำ": "คงที่", "ระยะจากตลิ่ง (ม.)": "-2.88", "อัตราการไหล (ลบ.ม./วิ)": null, "% อัตราการไหล": null, "แนวโน้มอัตราการไหล": "คงที่", "Latitude": 15.360334, "Longitude": 104.68391, "เวลาบันทึกข้อมูล (UTC)": "2026-09-27T17:00:00.000Z", "เวลาบันทึกข้อมูล (เวลาไทย)": null }, "geometry": { "type": "Point", "coordinates": [ 104.68391, 15.360334 ] } },
{ "type": "Feature", "properties": { "รหัสสถานี": "TE.118", "ชื่อสถานี": "โรงเรียนบ้านหนองหอย", "จังหวัด": "มหาสารคาม", "ระดับน้ำปัจจุบัน (ม.รทก.)": 3.4100037, "ระดับตลิ่ง (ม.รทก.)": null, "ระดับน้ำเทียบตลิ่ง (%)": 67.35, "แนวโน้มระดับน้ำ": "คงที่", "ระยะจากตลิ่ง (ม.)": "-6.50", "อัตราการไหล (ลบ.ม./วิ)": null, "% อัตราการไหล": null, "แนวโน้มอัตราการไหล": "คงที่", "Latitude": 16.20698, "Longitude": 103.13701, "เวลาบันทึกข้อมูล (UTC)": "2026-09-27T17:00:00.000Z", "เวลาบันทึกข้อมูล (เวลาไทย)": null }, "geometry": { "type": "Point", "coordinates": [ 103.13701, 16.20698 ] } },
{ "type": "Feature", "properties": { "รหัสสถานี": "K.31", "ชื่อสถานี": "บ้านน้ำโจน", "จังหวัด": "กาญจนบุรี", "ระดับน้ำปัจจุบัน (ม.รทก.)": 10.63, "ระดับตลิ่ง (ม.รทก.)": null, "ระดับน้ำเทียบตลิ่ง (%)": 67.3, "แนวโน้มระดับน้ำ": "ลดลง", "ระยะจากตลิ่ง (ม.)": "-4.17", "อัตราการไหล (ลบ.ม./วิ)": 785.15, "% อัตราการไหล": "35.53", "แนวโน้มอัตราการไหล": "ลดลง", "Latitude": 14.43409, "Longitude": 98.80909, "เวลาบันทึกข้อมูล (UTC)": "2026-09-27T17:00:00.000Z", "เวลาบันทึกข้อมูล (เวลาไทย)": null }, "geometry": { "type": "Point", "coordinates": [ 98.80909, 14.43409 ] } },
{ "type": "Feature", "properties": { "รหัสสถานี": "P.17", "ชื่อสถานี": "บ้านท่างิ้ว", "จังหวัด": "นครสวรรค์", "ระดับน้ำปัจจุบัน (ม.รทก.)": 35.74, "ระดับตลิ่ง (ม.รทก.)": null, "ระดับน้ำเทียบตลิ่ง (%)": 67.06, "แนวโน้มระดับน้ำ": "เพิ่มขึ้น", "ระยะจากตลิ่ง (ม.)": "-2.51", "อัตราการไหล (ลบ.ม./วิ)": 634.0, "% อัตราการไหล": "34.55", "แนวโน้มอัตราการไหล": "เพิ่มขึ้น", "Latitude": 15.93539, "Longitude": 99.97609, "เวลาบันทึกข้อมูล (UTC)": "2026-09-27T17:00:00.000Z", "เวลาบันทึกข้อมูล (เวลาไทย)": null }, "geometry": { "type": "Point", "coordinates": [ 99.97609, 15.93539 ] } },
{ "type": "Feature", "properties": { "รหัสสถานี": "B.3A", "ชื่อสถานี": "บ้านสองพี่น้อง", "จังหวัด": "เพชรบุรี", "ระดับน้ำปัจจุบัน (ม.รทก.)": 2.52, "ระดับตลิ่ง (ม.รทก.)": null, "ระดับน้ำเทียบตลิ่ง (%)": 67.02, "แนวโน้มระดับน้ำ": "คงที่", "ระยะจากตลิ่ง (ม.)": "-1.88", "อัตราการไหล (ลบ.ม./วิ)": 92.4, "% อัตราการไหล": "35.54", "แนวโน้มอัตราการไหล": "คงที่", "Latitude": 12.86361, "Longitude": 99.6785, "เวลาบันทึกข้อมูล (UTC)": "2026-09-27T17:00:00.000Z", "เวลาบันทึกข้อมูล (เวลาไทย)": null }, "geometry": { "type": "Point", "coordinates": [ 99.6785, 12.86361 ] } },
{ "type": "Feature", "properties": { "รหัสสถานี": "E.92", "ชื่อสถานี": "บ้านท่างาม", "จังหวัด": "ร้อยเอ็ด", "ระดับน้ำปัจจุบัน (ม.รทก.)": 5.81, "ระดับตลิ่ง (ม.รทก.)": null, "ระดับน้ำเทียบตลิ่ง (%)": 66.96, "แนวโน้มระดับน้ำ": "คงที่", "ระยะจากตลิ่ง (ม.)": "-2.99", "อัตราการไหล (ลบ.ม./วิ)": 69.3, "% อัตราการไหล": "31.50", "แนวโน้มอัตราการไหล": "คงที่", "Latitude": 16.109495, "Longitude": 104.01123, "เวลาบันทึกข้อมูล (UTC)": "2026-09-27T17:00:00.000Z", "เวลาบันทึกข้อมูล (เวลาไทย)": null }, "geometry": { "type": "Point", "coordinates": [ 104.01123, 16.109495 ] } },
{ "type": "Feature", "properties": { "รหัสสถานี": "TKS.118", "ชื่อสถานี": "บ้านดงหนองบัว", "จังหวัด": "นครพนม", "ระดับน้ำปัจจุบัน (ม.รทก.)": 10.0099945, "ระดับตลิ่ง (ม.รทก.)": null, "ระดับน้ำเทียบตลิ่ง (%)": 66.73, "แนวโน้มระดับน้ำ": "ลดลง", "ระยะจากตลิ่ง (ม.)": "-4.99", "อัตราการไหล (ลบ.ม./วิ)": null, "% อัตราการไหล": null, "แนวโน้มอัตราการไหล": "คงที่", "Latitude": 17.692019, "Longitude": 104.14854, "เวลาบันทึกข้อมูล (UTC)": "2026-09-27T17:00:00.000Z", "เวลาบันทึกข้อมูล (เวลาไทย)": null }, "geometry": { "type": "Point", "coordinates": [ 104.14854, 17.692019 ] } },
{ "type": "Feature", "properties": { "รหัสสถานี": "TPR.12", "ชื่อสถานี": "อ่างเก็บน้ำโป่งสามสิบ", "จังหวัด": "ประจวบคีรีขันธ์", "ระดับน้ำปัจจุบัน (ม.รทก.)": 6.669998, "ระดับตลิ่ง (ม.รทก.)": null, "ระดับน้ำเทียบตลิ่ง (%)": 66.7, "แนวโน้มระดับน้ำ": "คงที่", "ระยะจากตลิ่ง (ม.)": "-3.33", "อัตราการไหล (ลบ.ม./วิ)": null, "% อัตราการไหล": null, "แนวโน้มอัตราการไหล": "คงที่", "Latitude": 11.1831, "Longitude": 99.3493, "เวลาบันทึกข้อมูล (UTC)": "2026-09-27T17:00:00.000Z", "เวลาบันทึกข้อมูล (เวลาไทย)": null }, "geometry": { "type": "Point", "coordinates": [ 99.3493, 11.1831 ] } },
{ "type": "Feature", "properties": { "รหัสสถานี": "TE.123", "ชื่อสถานี": "ฝายพรม-เชิญ", "จังหวัด": "ขอนแก่น", "ระดับน้ำปัจจุบัน (ม.รทก.)": 4.900009, "ระดับตลิ่ง (ม.รทก.)": null, "ระดับน้ำเทียบตลิ่ง (%)": 66.58, "แนวโน้มระดับน้ำ": "เพิ่มขึ้น", "ระยะจากตลิ่ง (ม.)": "-2.46", "อัตราการไหล (ลบ.ม./วิ)": null, "% อัตราการไหล": null, "แนวโน้มอัตราการไหล": "คงที่", "Latitude": 16.539064, "Longitude": 102.0318, "เวลาบันทึกข้อมูล (UTC)": "2026-09-27T17:00:00.000Z", "เวลาบันทึกข้อมูล (เวลาไทย)": null }, "geometry": { "type": "Point", "coordinates": [ 102.0318, 16.539064 ] } },
{ "type": "Feature", "properties": { "รหัสสถานี": "N.24A", "ชื่อสถานี": "บ้านวังนกแอ่น", "จังหวัด": "พิษณุโลก", "ระดับน้ำปัจจุบัน (ม.รทก.)": 7.78, "ระดับตลิ่ง (ม.รทก.)": null, "ระดับน้ำเทียบตลิ่ง (%)": 66.35, "แนวโน้มระดับน้ำ": "ลดลง", "ระยะจากตลิ่ง (ม.)": "-3.72", "อัตราการไหล (ลบ.ม./วิ)": 118.4, "% อัตราการไหล": "35.99", "แนวโน้มอัตราการไหล": "ลดลง", "Latitude": 16.84701, "Longitude": 100.5121, "เวลาบันทึกข้อมูล (UTC)": "2026-09-27T17:00:00.000Z", "เวลาบันทึกข้อมูล (เวลาไทย)": null }, "geometry": { "type": "Point", "coordinates": [ 100.5121, 16.84701 ] } },
{ "type": "Feature", "properties": { "รหัสสถานี": "Kgt.19A", "ชื่อสถานี": "บ้านท่าบุญมี", "จังหวัด": "ชลบุรี", "ระดับน้ำปัจจุบัน (ม.รทก.)": 3.1, "ระดับตลิ่ง (ม.รทก.)": null, "ระดับน้ำเทียบตลิ่ง (%)": 66.04, "แนวโน้มระดับน้ำ": "เพิ่มขึ้น", "ระยะจากตลิ่ง (ม.)": "-1.70", "อัตราการไหล (ลบ.ม./วิ)": 29.75, "% อัตราการไหล": "35.42", "แนวโน้มอัตราการไหล": "เพิ่มขึ้น", "Latitude": 13.40472, "Longitude": 101.28178, "เวลาบันทึกข้อมูล (UTC)": "2026-09-27T17:00:00.000Z", "เวลาบันทึกข้อมูล (เวลาไทย)": null }, "geometry": { "type": "Point", "coordinates": [ 101.28178, 13.40472 ] } },
{ "type": "Feature", "properties": { "รหัสสถานี": "MKSND02", "ชื่อสถานี": "บ้านหนองบัว (K.35A)", "จังหวัด": "กาญจนบุรี", "ระดับน้ำปัจจุบัน (ม.รทก.)": 25.23, "ระดับตลิ่ง (ม.รทก.)": null, "ระดับน้ำเทียบตลิ่ง (%)": 65.81, "แนวโน้มระดับน้ำ": "ลดลง", "ระยะจากตลิ่ง (ม.)": "-1.80", "อัตราการไหล (ลบ.ม./วิ)": 175.6, "% อัตราการไหล": null, "แนวโน้มอัตราการไหล": "ลดลง", "Latitude": 14.06024, "Longitude": 99.44414, "เวลาบันทึกข้อมูล (UTC)": "2026-09-27T17:00:00.000Z", "เวลาบันทึกข้อมูล (เวลาไทย)": null }, "geometry": { "type": "Point", "coordinates": [ 99.44414, 14.06024 ] } },
{ "type": "Feature", "properties": { "รหัสสถานี": "M.2A", "ชื่อสถานี": "บ้านด่านกะตา", "จังหวัด": "นครราชสีมา", "ระดับน้ำปัจจุบัน (ม.รทก.)": 3.87, "ระดับตลิ่ง (ม.รทก.)": null, "ระดับน้ำเทียบตลิ่ง (%)": 65.7, "แนวโน้มระดับน้ำ": "เพิ่มขึ้น", "ระยะจากตลิ่ง (ม.)": "-2.83", "อัตราการไหล (ลบ.ม./วิ)": 69.1, "% อัตราการไหล": "29.78", "แนวโน้มอัตราการไหล": "เพิ่มขึ้น", "Latitude": 14.96803, "Longitude": 102.23783, "เวลาบันทึกข้อมูล (UTC)": "2026-09-27T17:00:00.000Z", "เวลาบันทึกข้อมูล (เวลาไทย)": null }, "geometry": { "type": "Point", "coordinates": [ 102.23783, 14.96803 ] } },
{ "type": "Feature", "properties": { "รหัสสถานี": "TSL36", "ชื่อสถานี": "คลองห้วยเผยอ", "จังหวัด": "พัทลุง", "ระดับน้ำปัจจุบัน (ม.รทก.)": 2.6, "ระดับตลิ่ง (ม.รทก.)": null, "ระดับน้ำเทียบตลิ่ง (%)": 65.28, "แนวโน้มระดับน้ำ": "เพิ่มขึ้น", "ระยะจากตลิ่ง (ม.)": "-1.83", "อัตราการไหล (ลบ.ม./วิ)": null, "% อัตราการไหล": null, "แนวโน้มอัตราการไหล": "คงที่", "Latitude": 7.277592, "Longitude": 100.33808, "เวลาบันทึกข้อมูล (UTC)": "2026-09-27T17:00:00.000Z", "เวลาบันทึกข้อมูล (เวลาไทย)": null }, "geometry": { "type": "Point", "coordinates": [ 100.33808, 7.277592 ] } },
{ "type": "Feature", "properties": { "รหัสสถานี": "TE.101", "ชื่อสถานี": "บ้านไผ่ล้อม", "จังหวัด": "ร้อยเอ็ด", "ระดับน้ำปัจจุบัน (ม.รทก.)": 5.6900024, "ระดับตลิ่ง (ม.รทก.)": null, "ระดับน้ำเทียบตลิ่ง (%)": 65.03, "แนวโน้มระดับน้ำ": "ลดลง", "ระยะจากตลิ่ง (ม.)": "-4.35", "อัตราการไหล (ลบ.ม./วิ)": null, "% อัตราการไหล": null, "แนวโน้มอัตราการไหล": "คงที่", "Latitude": 16.212109, "Longitude": 103.73669, "เวลาบันทึกข้อมูล (UTC)": "2026-09-27T17:00:00.000Z", "เวลาบันทึกข้อมูล (เวลาไทย)": null }, "geometry": { "type": "Point", "coordinates": [ 103.73669, 16.212109 ] } },
{ "type": "Feature", "properties": { "รหัสสถานี": "TUP.22", "ชื่อสถานี": "สถานีฝายวังปาน", "จังหวัด": "เชียงใหม่", "ระดับน้ำปัจจุบัน (ม.รทก.)": -3.850006, "ระดับตลิ่ง (ม.รทก.)": null, "ระดับน้ำเทียบตลิ่ง (%)": 64.69, "แนวโน้มระดับน้ำ": "เพิ่มขึ้น", "ระยะจากตลิ่ง (ม.)": "-3.45", "อัตราการไหล (ลบ.ม./วิ)": null, "% อัตราการไหล": null, "แนวโน้มอัตราการไหล": "คงที่", "Latitude": 18.405083, "Longitude": 98.702805, "เวลาบันทึกข้อมูล (UTC)": "2026-09-27T17:00:00.000Z", "เวลาบันทึกข้อมูล (เวลาไทย)": null }, "geometry": { "type": "Point", "coordinates": [ 98.702805, 18.405083 ] } },
{ "type": "Feature", "properties": { "รหัสสถานี": "B.9", "ชื่อสถานี": "บ้านสาระเห็ด", "จังหวัด": "เพชรบุรี", "ระดับน้ำปัจจุบัน (ม.รทก.)": 3.91, "ระดับตลิ่ง (ม.รทก.)": null, "ระดับน้ำเทียบตลิ่ง (%)": 64.39, "แนวโน้มระดับน้ำ": "ลดลง", "ระยะจากตลิ่ง (ม.)": "-2.29", "อัตราการไหล (ลบ.ม./วิ)": 94.65, "% อัตราการไหล": "31.55", "แนวโน้มอัตราการไหล": "ลดลง", "Latitude": 12.80623, "Longitude": 99.77057, "เวลาบันทึกข้อมูล (UTC)": "2026-09-27T17:00:00.000Z", "เวลาบันทึกข้อมูล (เวลาไทย)": null }, "geometry": { "type": "Point", "coordinates": [ 99.77057, 12.80623 ] } },
{ "type": "Feature", "properties": { "รหัสสถานี": "Tpat.2", "ชื่อสถานี": "เทศบาลเมืองปัตตานี", "จังหวัด": "ปัตตานี", "ระดับน้ำปัจจุบัน (ม.รทก.)": 1.51, "ระดับตลิ่ง (ม.รทก.)": null, "ระดับน้ำเทียบตลิ่ง (%)": 64.26, "แนวโน้มระดับน้ำ": "ลดลง", "ระยะจากตลิ่ง (ม.)": "-0.84", "อัตราการไหล (ลบ.ม./วิ)": null, "% อัตราการไหล": null, "แนวโน้มอัตราการไหล": "คงที่", "Latitude": 6.860409, "Longitude": 101.25164, "เวลาบันทึกข้อมูล (UTC)": "2026-09-27T17:00:00.000Z", "เวลาบันทึกข้อมูล (เวลาไทย)": null }, "geometry": { "type": "Point", "coordinates": [ 101.25164, 6.860409 ] } },
{ "type": "Feature", "properties": { "รหัสสถานี": "M.174", "ชื่อสถานี": "บ้านโนนสมบูรณ์", "จังหวัด": "นครราชสีมา", "ระดับน้ำปัจจุบัน (ม.รทก.)": 3.72, "ระดับตลิ่ง (ม.รทก.)": null, "ระดับน้ำเทียบตลิ่ง (%)": 64.18, "แนวโน้มระดับน้ำ": "คงที่", "ระยะจากตลิ่ง (ม.)": "-2.78", "อัตราการไหล (ลบ.ม./วิ)": 14.0, "% อัตราการไหล": "4.13", "แนวโน้มอัตราการไหล": "คงที่", "Latitude": 15.51345, "Longitude": 102.84383, "เวลาบันทึกข้อมูล (UTC)": "2026-09-27T17:00:00.000Z", "เวลาบันทึกข้อมูล (เวลาไทย)": null }, "geometry": { "type": "Point", "coordinates": [ 102.84383, 15.51345 ] } },
{ "type": "Feature", "properties": { "รหัสสถานี": "TM.200 (U/S), (D/S)", "ชื่อสถานี": "Tฝายยางบ้านส้ม (U/S), (D/S)", "จังหวัด": "นครราชสีมา", "ระดับน้ำปัจจุบัน (ม.รทก.)": 3.880005, "ระดับตลิ่ง (ม.รทก.)": null, "ระดับน้ำเทียบตลิ่ง (%)": 64.13, "แนวโน้มระดับน้ำ": "คงที่", "ระยะจากตลิ่ง (ม.)": "-2.17", "อัตราการไหล (ลบ.ม./วิ)": null, "% อัตราการไหล": null, "แนวโน้มอัตราการไหล": "คงที่", "Latitude": 15.021915, "Longitude": 102.28049, "เวลาบันทึกข้อมูล (UTC)": "2026-09-27T17:00:00.000Z", "เวลาบันทึกข้อมูล (เวลาไทย)": null }, "geometry": { "type": "Point", "coordinates": [ 102.28049, 15.021915 ] } },
{ "type": "Feature", "properties": { "รหัสสถานี": "M.182", "ชื่อสถานี": "บ้านสีถาน", "จังหวัด": "ศรีสะเกษ", "ระดับน้ำปัจจุบัน (ม.รทก.)": 6.7, "ระดับตลิ่ง (ม.รทก.)": null, "ระดับน้ำเทียบตลิ่ง (%)": 64.02, "แนวโน้มระดับน้ำ": "คงที่", "ระยะจากตลิ่ง (ม.)": "-3.90", "อัตราการไหล (ลบ.ม./วิ)": 532.0, "% อัตราการไหล": "33.89", "แนวโน้มอัตราการไหล": "คงที่", "Latitude": 15.13208, "Longitude": 104.4884, "เวลาบันทึกข้อมูล (UTC)": "2026-09-27T17:00:00.000Z", "เวลาบันทึกข้อมูล (เวลาไทย)": null }, "geometry": { "type": "Point", "coordinates": [ 104.4884, 15.13208 ] } },
{ "type": "Feature", "properties": { "รหัสสถานี": "B.18", "ชื่อสถานี": "เขาลูกช้าง", "จังหวัด": "เพชรบุรี", "ระดับน้ำปัจจุบัน (ม.รทก.)": 4.65, "ระดับตลิ่ง (ม.รทก.)": null, "ระดับน้ำเทียบตลิ่ง (%)": 63.93, "แนวโน้มระดับน้ำ": "คงที่", "ระยะจากตลิ่ง (ม.)": "-2.35", "อัตราการไหล (ลบ.ม./วิ)": 114.25, "% อัตราการไหล": "39.40", "แนวโน้มอัตราการไหล": "คงที่", "Latitude": 12.81337, "Longitude": 99.79402, "เวลาบันทึกข้อมูล (UTC)": "2026-09-27T17:00:00.000Z", "เวลาบันทึกข้อมูล (เวลาไทย)": null }, "geometry": { "type": "Point", "coordinates": [ 99.79402, 12.81337 ] } },
{ "type": "Feature", "properties": { "รหัสสถานี": "TM.205  (U/S), (D/S)", "ชื่อสถานี": "Tฝายยางบ้านเขว้า  (U/S), (D/S)", "จังหวัด": "บุรีรัมย์", "ระดับน้ำปัจจุบัน (ม.รทก.)": 3.3899994, "ระดับตลิ่ง (ม.รทก.)": null, "ระดับน้ำเทียบตลิ่ง (%)": 63.84, "แนวโน้มระดับน้ำ": "คงที่", "ระยะจากตลิ่ง (ม.)": "-1.92", "อัตราการไหล (ลบ.ม./วิ)": null, "% อัตราการไหล": null, "แนวโน้มอัตราการไหล": "คงที่", "Latitude": 15.41209, "Longitude": 103.10189, "เวลาบันทึกข้อมูล (UTC)": "2026-09-27T17:00:00.000Z", "เวลาบันทึกข้อมูล (เวลาไทย)": null }, "geometry": { "type": "Point", "coordinates": [ 103.10189, 15.41209 ] } },
{ "type": "Feature", "properties": { "รหัสสถานี": "TM.199", "ชื่อสถานี": "Tใต้ฝายห้วยขะยุง", "จังหวัด": "ศรีสะเกษ", "ระดับน้ำปัจจุบัน (ม.รทก.)": 3.3099976, "ระดับตลิ่ง (ม.รทก.)": null, "ระดับน้ำเทียบตลิ่ง (%)": 63.65, "แนวโน้มระดับน้ำ": "ลดลง", "ระยะจากตลิ่ง (ม.)": "-1.89", "อัตราการไหล (ลบ.ม./วิ)": null, "% อัตราการไหล": null, "แนวโน้มอัตราการไหล": "คงที่", "Latitude": 14.680312, "Longitude": 104.693596, "เวลาบันทึกข้อมูล (UTC)": "2026-09-27T17:00:00.000Z", "เวลาบันทึกข้อมูล (เวลาไทย)": null }, "geometry": { "type": "Point", "coordinates": [ 104.693596, 14.680312 ] } },
{ "type": "Feature", "properties": { "รหัสสถานี": "TE.100", "ชื่อสถานี": "ฝายมหาสารคาม (บ้านคุยเชือก)", "จังหวัด": "มหาสารคาม", "ระดับน้ำปัจจุบัน (ม.รทก.)": 7.119995, "ระดับตลิ่ง (ม.รทก.)": null, "ระดับน้ำเทียบตลิ่ง (%)": 63.24, "แนวโน้มระดับน้ำ": "ลดลง", "ระยะจากตลิ่ง (ม.)": "-4.72", "อัตราการไหล (ลบ.ม./วิ)": null, "% อัตราการไหล": null, "แนวโน้มอัตราการไหล": "คงที่", "Latitude": 16.369066, "Longitude": 102.94783, "เวลาบันทึกข้อมูล (UTC)": "2026-09-27T17:00:00.000Z", "เวลาบันทึกข้อมูล (เวลาไทย)": null }, "geometry": { "type": "Point", "coordinates": [ 102.94783, 16.369066 ] } },
{ "type": "Feature", "properties": { "รหัสสถานี": "Kh.58A", "ชื่อสถานี": "บ้านฟากเลย", "จังหวัด": "เลย", "ระดับน้ำปัจจุบัน (ม.รทก.)": 5.72, "ระดับตลิ่ง (ม.รทก.)": null, "ระดับน้ำเทียบตลิ่ง (%)": 62.64, "แนวโน้มระดับน้ำ": "เพิ่มขึ้น", "ระยะจากตลิ่ง (ม.)": "-3.28", "อัตราการไหล (ลบ.ม./วิ)": 241.72, "% อัตราการไหล": "45.61", "แนวโน้มอัตราการไหล": "เพิ่มขึ้น", "Latitude": 17.49488, "Longitude": 101.73447, "เวลาบันทึกข้อมูล (UTC)": "2026-09-27T17:00:00.000Z", "เวลาบันทึกข้อมูล (เวลาไทย)": null }, "geometry": { "type": "Point", "coordinates": [ 101.73447, 17.49488 ] } },
{ "type": "Feature", "properties": { "รหัสสถานี": "TKS.112", "ชื่อสถานี": "บ้านโพธิ์ชัยทอง", "จังหวัด": "สกลนคร", "ระดับน้ำปัจจุบัน (ม.รทก.)": 6.2599945, "ระดับตลิ่ง (ม.รทก.)": null, "ระดับน้ำเทียบตลิ่ง (%)": 62.6, "แนวโน้มระดับน้ำ": "ลดลง", "ระยะจากตลิ่ง (ม.)": "-3.74", "อัตราการไหล (ลบ.ม./วิ)": null, "% อัตราการไหล": null, "แนวโน้มอัตราการไหล": "คงที่", "Latitude": 17.600224, "Longitude": 103.98097, "เวลาบันทึกข้อมูล (UTC)": "2026-09-27T17:00:00.000Z", "เวลาบันทึกข้อมูล (เวลาไทย)": null }, "geometry": { "type": "Point", "coordinates": [ 103.98097, 17.600224 ] } },
{ "type": "Feature", "properties": { "รหัสสถานี": "TTr4", "ชื่อสถานี": "บ้านปากมูด", "จังหวัด": "นครศรีธรรมราช", "ระดับน้ำปัจจุบัน (ม.รทก.)": 3.1200008, "ระดับตลิ่ง (ม.รทก.)": null, "ระดับน้ำเทียบตลิ่ง (%)": 62.07, "แนวโน้มระดับน้ำ": "คงที่", "ระยะจากตลิ่ง (ม.)": "-11.88", "อัตราการไหล (ลบ.ม./วิ)": null, "% อัตราการไหล": null, "แนวโน้มอัตราการไหล": "คงที่", "Latitude": 7.978436, "Longitude": 99.60411, "เวลาบันทึกข้อมูล (UTC)": "2026-09-27T17:00:00.000Z", "เวลาบันทึกข้อมูล (เวลาไทย)": null }, "geometry": { "type": "Point", "coordinates": [ 99.60411, 7.978436 ] } },
{ "type": "Feature", "properties": { "รหัสสถานี": "K.35A", "ชื่อสถานี": "บ้านหนองบัว", "จังหวัด": "กาญจนบุรี", "ระดับน้ำปัจจุบัน (ม.รทก.)": 3.78, "ระดับตลิ่ง (ม.รทก.)": null, "ระดับน้ำเทียบตลิ่ง (%)": 61.93, "แนวโน้มระดับน้ำ": "ลดลง", "ระยะจากตลิ่ง (ม.)": "-1.72", "อัตราการไหล (ลบ.ม./วิ)": 181.6, "% อัตราการไหล": "41.27", "แนวโน้มอัตราการไหล": "ลดลง", "Latitude": 14.05861, "Longitude": 99.44522, "เวลาบันทึกข้อมูล (UTC)": "2026-09-27T17:00:00.000Z", "เวลาบันทึกข้อมูล (เวลาไทย)": null }, "geometry": { "type": "Point", "coordinates": [ 99.44522, 14.05861 ] } },
{ "type": "Feature", "properties": { "รหัสสถานี": "TTr14", "ชื่อสถานี": "วัดนาเมืองเพชร", "จังหวัด": "ตรัง", "ระดับน้ำปัจจุบัน (ม.รทก.)": 4.24, "ระดับตลิ่ง (ม.รทก.)": null, "ระดับน้ำเทียบตลิ่ง (%)": 61.9, "แนวโน้มระดับน้ำ": "ลดลง", "ระยะจากตลิ่ง (ม.)": "-2.61", "อัตราการไหล (ลบ.ม./วิ)": null, "% อัตราการไหล": null, "แนวโน้มอัตราการไหล": "คงที่", "Latitude": 7.547547, "Longitude": 99.51014, "เวลาบันทึกข้อมูล (UTC)": "2026-09-27T17:00:00.000Z", "เวลาบันทึกข้อมูล (เวลาไทย)": null }, "geometry": { "type": "Point", "coordinates": [ 99.51014, 7.547547 ] } },
{ "type": "Feature", "properties": { "รหัสสถานี": "TNB.07", "ชื่อสถานี": "ฝายท่าดี", "จังหวัด": "นครศรีธรรมราช", "ระดับน้ำปัจจุบัน (ม.รทก.)": 17.31, "ระดับตลิ่ง (ม.รทก.)": null, "ระดับน้ำเทียบตลิ่ง (%)": 61.82, "แนวโน้มระดับน้ำ": "คงที่", "ระยะจากตลิ่ง (ม.)": "-10.69", "อัตราการไหล (ลบ.ม./วิ)": null, "% อัตราการไหล": null, "แนวโน้มอัตราการไหล": "คงที่", "Latitude": 8.3910475, "Longitude": 99.86455, "เวลาบันทึกข้อมูล (UTC)": "2026-09-27T17:00:00.000Z", "เวลาบันทึกข้อมูล (เวลาไทย)": null }, "geometry": { "type": "Point", "coordinates": [ 99.86455, 8.3910475 ] } },
{ "type": "Feature", "properties": { "รหัสสถานี": "TKH.120", "ชื่อสถานี": "สะพานห้วยบ้าน", "จังหวัด": "อุดรธานี", "ระดับน้ำปัจจุบัน (ม.รทก.)": 3.0800018, "ระดับตลิ่ง (ม.รทก.)": null, "ระดับน้ำเทียบตลิ่ง (%)": 61.6, "แนวโน้มระดับน้ำ": "ลดลง", "ระยะจากตลิ่ง (ม.)": "-1.92", "อัตราการไหล (ลบ.ม./วิ)": null, "% อัตราการไหล": null, "แนวโน้มอัตราการไหล": "คงที่", "Latitude": 17.798357, "Longitude": 103.03035, "เวลาบันทึกข้อมูล (UTC)": "2026-09-27T17:00:00.000Z", "เวลาบันทึกข้อมูล (เวลาไทย)": null }, "geometry": { "type": "Point", "coordinates": [ 103.03035, 17.798357 ] } },
{ "type": "Feature", "properties": { "รหัสสถานี": "Gt.21", "ชื่อสถานี": "บ้านพงศ์ประศาสน์", "จังหวัด": "ประจวบคีรีขันธ์", "ระดับน้ำปัจจุบัน (ม.รทก.)": 2.6, "ระดับตลิ่ง (ม.รทก.)": null, "ระดับน้ำเทียบตลิ่ง (%)": 61.26, "แนวโน้มระดับน้ำ": "ลดลง", "ระยะจากตลิ่ง (ม.)": "-3.40", "อัตราการไหล (ลบ.ม./วิ)": null, "% อัตราการไหล": null, "แนวโน้มอัตราการไหล": "คงที่", "Latitude": 11.20312, "Longitude": 99.50851, "เวลาบันทึกข้อมูล (UTC)": "2026-09-27T17:00:00.000Z", "เวลาบันทึกข้อมูล (เวลาไทย)": null }, "geometry": { "type": "Point", "coordinates": [ 99.50851, 11.20312 ] } },
{ "type": "Feature", "properties": { "รหัสสถานี": "TK.68", "ชื่อสถานี": "สะพานข้ามลำภาชี", "จังหวัด": "ราชบุรี", "ระดับน้ำปัจจุบัน (ม.รทก.)": 3.3300018, "ระดับตลิ่ง (ม.รทก.)": null, "ระดับน้ำเทียบตลิ่ง (%)": 61.04, "แนวโน้มระดับน้ำ": "เพิ่มขึ้น", "ระยะจากตลิ่ง (ม.)": "-2.24", "อัตราการไหล (ลบ.ม./วิ)": null, "% อัตราการไหล": null, "แนวโน้มอัตราการไหล": "คงที่", "Latitude": 13.7521, "Longitude": 99.4374, "เวลาบันทึกข้อมูล (UTC)": "2026-09-27T17:00:00.000Z", "เวลาบันทึกข้อมูล (เวลาไทย)": null }, "geometry": { "type": "Point", "coordinates": [ 99.4374, 13.7521 ] } },
{ "type": "Feature", "properties": { "รหัสสถานี": "P.15", "ชื่อสถานี": "หน้าวัดศรีภิรมย์", "จังหวัด": "กำแพงเพชร", "ระดับน้ำปัจจุบัน (ม.รทก.)": 2.87, "ระดับตลิ่ง (ม.รทก.)": null, "ระดับน้ำเทียบตลิ่ง (%)": 60.55, "แนวโน้มระดับน้ำ": "เพิ่มขึ้น", "ระยะจากตลิ่ง (ม.)": "-3.23", "อัตราการไหล (ลบ.ม./วิ)": 847.2, "% อัตราการไหล": "29.73", "แนวโน้มอัตราการไหล": "เพิ่มขึ้น", "Latitude": 16.21399, "Longitude": 99.72106, "เวลาบันทึกข้อมูล (UTC)": "2026-09-27T17:00:00.000Z", "เวลาบันทึกข้อมูล (เวลาไทย)": null }, "geometry": { "type": "Point", "coordinates": [ 99.72106, 16.21399 ] } },
{ "type": "Feature", "properties": { "รหัสสถานี": "M.159", "ชื่อสถานี": "บ้านหลุมดิน", "จังหวัด": "สุรินทร์", "ระดับน้ำปัจจุบัน (ม.รทก.)": 4.86, "ระดับตลิ่ง (ม.รทก.)": null, "ระดับน้ำเทียบตลิ่ง (%)": 59.86, "แนวโน้มระดับน้ำ": "เพิ่มขึ้น", "ระยะจากตลิ่ง (ม.)": "-3.34", "อัตราการไหล (ลบ.ม./วิ)": 104.4, "% อัตราการไหล": "40.78", "แนวโน้มอัตราการไหล": "เพิ่มขึ้น", "Latitude": 15.14119, "Longitude": 103.42936, "เวลาบันทึกข้อมูล (UTC)": "2026-09-27T17:00:00.000Z", "เวลาบันทึกข้อมูล (เวลาไทย)": null }, "geometry": { "type": "Point", "coordinates": [ 103.42936, 15.14119 ] } },
{ "type": "Feature", "properties": { "รหัสสถานี": "M.195", "ชื่อสถานี": "บ้านสัมฤทธิ์", "จังหวัด": "นครราชสีมา", "ระดับน้ำปัจจุบัน (ม.รทก.)": 3.86, "ระดับตลิ่ง (ม.รทก.)": null, "ระดับน้ำเทียบตลิ่ง (%)": 59.73, "แนวโน้มระดับน้ำ": "คงที่", "ระยะจากตลิ่ง (ม.)": "-2.94", "อัตราการไหล (ลบ.ม./วิ)": 51.8, "% อัตราการไหล": "16.19", "แนวโน้มอัตราการไหล": "คงที่", "Latitude": 15.20926, "Longitude": 102.39295, "เวลาบันทึกข้อมูล (UTC)": "2026-09-27T17:00:00.000Z", "เวลาบันทึกข้อมูล (เวลาไทย)": null }, "geometry": { "type": "Point", "coordinates": [ 102.39295, 15.20926 ] } },
{ "type": "Feature", "properties": { "รหัสสถานี": "TTR.08", "ชื่อสถานี": "วัดคลองขุด", "จังหวัด": "ตราด", "ระดับน้ำปัจจุบัน (ม.รทก.)": 2.98, "ระดับตลิ่ง (ม.รทก.)": null, "ระดับน้ำเทียบตลิ่ง (%)": 59.6, "แนวโน้มระดับน้ำ": "ลดลง", "ระยะจากตลิ่ง (ม.)": "-2.02", "อัตราการไหล (ลบ.ม./วิ)": null, "% อัตราการไหล": null, "แนวโน้มอัตราการไหล": "คงที่", "Latitude": 12.360416, "Longitude": 102.54929, "เวลาบันทึกข้อมูล (UTC)": "2026-09-27T17:00:00.000Z", "เวลาบันทึกข้อมูล (เวลาไทย)": null }, "geometry": { "type": "Point", "coordinates": [ 102.54929, 12.360416 ] } },
{ "type": "Feature", "properties": { "รหัสสถานี": "TE.126", "ชื่อสถานี": "วัดโพธิ์ศรีท่าแห่", "จังหวัด": "กาฬสินธุ์", "ระดับน้ำปัจจุบัน (ม.รทก.)": 5.149994, "ระดับตลิ่ง (ม.รทก.)": null, "ระดับน้ำเทียบตลิ่ง (%)": 59.54, "แนวโน้มระดับน้ำ": "เพิ่มขึ้น", "ระยะจากตลิ่ง (ม.)": "-3.50", "อัตราการไหล (ลบ.ม./วิ)": null, "% อัตราการไหล": null, "แนวโน้มอัตราการไหล": "คงที่", "Latitude": 16.236935, "Longitude": 103.429, "เวลาบันทึกข้อมูล (UTC)": "2026-09-27T17:00:00.000Z", "เวลาบันทึกข้อมูล (เวลาไทย)": null }, "geometry": { "type": "Point", "coordinates": [ 103.429, 16.236935 ] } },
{ "type": "Feature", "properties": { "รหัสสถานี": "TG08", "ชื่อสถานี": "สะพานบ้านใหม่ริมฝาง", "จังหวัด": "เชียงใหม่", "ระดับน้ำปัจจุบัน (ม.รทก.)": 2.380005, "ระดับตลิ่ง (ม.รทก.)": null, "ระดับน้ำเทียบตลิ่ง (%)": 58.89, "แนวโน้มระดับน้ำ": "ลดลง", "ระยะจากตลิ่ง (ม.)": "-1.85", "อัตราการไหล (ลบ.ม./วิ)": null, "% อัตราการไหล": null, "แนวโน้มอัตราการไหล": "คงที่", "Latitude": 19.908478, "Longitude": 99.22019, "เวลาบันทึกข้อมูล (UTC)": "2026-09-27T17:00:00.000Z", "เวลาบันทึกข้อมูล (เวลาไทย)": null }, "geometry": { "type": "Point", "coordinates": [ 99.22019, 19.908478 ] } },
{ "type": "Feature", "properties": { "รหัสสถานี": "B.16", "ชื่อสถานี": "สะพานบ้านลาด", "จังหวัด": "เพชรบุรี", "ระดับน้ำปัจจุบัน (ม.รทก.)": 3.73, "ระดับตลิ่ง (ม.รทก.)": null, "ระดับน้ำเทียบตลิ่ง (%)": 58.34, "แนวโน้มระดับน้ำ": "เพิ่มขึ้น", "ระยะจากตลิ่ง (ม.)": "-3.17", "อัตราการไหล (ลบ.ม./วิ)": 55.98, "% อัตราการไหล": "30.26", "แนวโน้มอัตราการไหล": "เพิ่มขึ้น", "Latitude": 13.04917, "Longitude": 99.91855, "เวลาบันทึกข้อมูล (UTC)": "2026-09-27T17:00:00.000Z", "เวลาบันทึกข้อมูล (เวลาไทย)": null }, "geometry": { "type": "Point", "coordinates": [ 99.91855, 13.04917 ] } },
{ "type": "Feature", "properties": { "รหัสสถานี": "M.180", "ชื่อสถานี": "บ้านท่าเยี่ยม", "จังหวัด": "นครราชสีมา", "ระดับน้ำปัจจุบัน (ม.รทก.)": 3.25, "ระดับตลิ่ง (ม.รทก.)": null, "ระดับน้ำเทียบตลิ่ง (%)": 58.18, "แนวโน้มระดับน้ำ": "ลดลง", "ระยะจากตลิ่ง (ม.)": "-2.25", "อัตราการไหล (ลบ.ม./วิ)": null, "% อัตราการไหล": null, "แนวโน้มอัตราการไหล": "คงที่", "Latitude": 14.63599, "Longitude": 101.8847, "เวลาบันทึกข้อมูล (UTC)": "2026-09-27T17:00:00.000Z", "เวลาบันทึกข้อมูล (เวลาไทย)": null }, "geometry": { "type": "Point", "coordinates": [ 101.8847, 14.63599 ] } },
{ "type": "Feature", "properties": { "รหัสสถานี": "TTP26", "ชื่อสถานี": "สถานีวัดสองพี่น้อง", "จังหวัด": "สุราษฎร์ธานี", "ระดับน้ำปัจจุบัน (ม.รทก.)": 24.98, "ระดับตลิ่ง (ม.รทก.)": null, "ระดับน้ำเทียบตลิ่ง (%)": 58.09, "แนวโน้มระดับน้ำ": "ลดลง", "ระยะจากตลิ่ง (ม.)": "-18.02", "อัตราการไหล (ลบ.ม./วิ)": null, "% อัตราการไหล": null, "แนวโน้มอัตราการไหล": "คงที่", "Latitude": 8.847972, "Longitude": 98.73258, "เวลาบันทึกข้อมูล (UTC)": "2026-09-27T17:00:00.000Z", "เวลาบันทึกข้อมูล (เวลาไทย)": null }, "geometry": { "type": "Point", "coordinates": [ 98.73258, 8.847972 ] } },
{ "type": "Feature", "properties": { "รหัสสถานี": "K.62", "ชื่อสถานี": "บ้านหนองไผ่", "จังหวัด": "กาญจนบุรี", "ระดับน้ำปัจจุบัน (ม.รทก.)": 3.11, "ระดับตลิ่ง (ม.รทก.)": null, "ระดับน้ำเทียบตลิ่ง (%)": 57.84, "แนวโน้มระดับน้ำ": "เพิ่มขึ้น", "ระยะจากตลิ่ง (ม.)": "-2.69", "อัตราการไหล (ลบ.ม./วิ)": null, "% อัตราการไหล": null, "แนวโน้มอัตราการไหล": "คงที่", "Latitude": 13.78092, "Longitude": 99.42092, "เวลาบันทึกข้อมูล (UTC)": "2026-09-27T17:00:00.000Z", "เวลาบันทึกข้อมูล (เวลาไทย)": null }, "geometry": { "type": "Point", "coordinates": [ 99.42092, 13.78092 ] } },
{ "type": "Feature", "properties": { "รหัสสถานี": "TUP.12", "ชื่อสถานี": "เขื่อนแม่กวงอุดมธารา", "จังหวัด": "เชียงใหม่", "ระดับน้ำปัจจุบัน (ม.รทก.)": 377.78, "ระดับตลิ่ง (ม.รทก.)": null, "ระดับน้ำเทียบตลิ่ง (%)": 57.53, "แนวโน้มระดับน้ำ": "คงที่", "ระยะจากตลิ่ง (ม.)": "-7.22", "อัตราการไหล (ลบ.ม./วิ)": null, "% อัตราการไหล": null, "แนวโน้มอัตราการไหล": "คงที่", "Latitude": 18.929543, "Longitude": 99.12771, "เวลาบันทึกข้อมูล (UTC)": "2026-09-27T17:00:00.000Z", "เวลาบันทึกข้อมูล (เวลาไทย)": null }, "geometry": { "type": "Point", "coordinates": [ 99.12771, 18.929543 ] } },
{ "type": "Feature", "properties": { "รหัสสถานี": "E.9", "ชื่อสถานี": "บ้านท่านางเลื่อน", "จังหวัด": "ขอนแก่น", "ระดับน้ำปัจจุบัน (ม.รทก.)": 5.54, "ระดับตลิ่ง (ม.รทก.)": null, "ระดับน้ำเทียบตลิ่ง (%)": 57.38, "แนวโน้มระดับน้ำ": "เพิ่มขึ้น", "ระยะจากตลิ่ง (ม.)": "-5.46", "อัตราการไหล (ลบ.ม./วิ)": 51.66, "% อัตราการไหล": "10.76", "แนวโน้มอัตราการไหล": "เพิ่มขึ้น", "Latitude": 16.09694, "Longitude": 102.57002, "เวลาบันทึกข้อมูล (UTC)": "2026-09-27T17:00:00.000Z", "เวลาบันทึกข้อมูล (เวลาไทย)": null }, "geometry": { "type": "Point", "coordinates": [ 102.57002, 16.09694 ] } },
{ "type": "Feature", "properties": { "รหัสสถานี": "M.187", "ชื่อสถานี": "ศูนย์วิจัยและพัฒนาประมงน้ำจืดสุรินทร์", "จังหวัด": "สุรินทร์", "ระดับน้ำปัจจุบัน (ม.รทก.)": 1.98, "ระดับตลิ่ง (ม.รทก.)": null, "ระดับน้ำเทียบตลิ่ง (%)": 57.37, "แนวโน้มระดับน้ำ": "ลดลง", "ระยะจากตลิ่ง (ม.)": "-1.62", "อัตราการไหล (ลบ.ม./วิ)": 2.74, "% อัตราการไหล": "5.17", "แนวโน้มอัตราการไหล": "ลดลง", "Latitude": 14.85738, "Longitude": 103.47694, "เวลาบันทึกข้อมูล (UTC)": "2026-09-27T17:00:00.000Z", "เวลาบันทึกข้อมูล (เวลาไทย)": null }, "geometry": { "type": "Point", "coordinates": [ 103.47694, 14.85738 ] } },
{ "type": "Feature", "properties": { "รหัสสถานี": "TM.182", "ชื่อสถานี": "TM.182", "จังหวัด": "ศรีสะเกษ", "ระดับน้ำปัจจุบัน (ม.รทก.)": 6.6900024, "ระดับตลิ่ง (ม.รทก.)": null, "ระดับน้ำเทียบตลิ่ง (%)": 57.28, "แนวโน้มระดับน้ำ": "คงที่", "ระยะจากตลิ่ง (ม.)": "-3.61", "อัตราการไหล (ลบ.ม./วิ)": null, "% อัตราการไหล": null, "แนวโน้มอัตราการไหล": "คงที่", "Latitude": 15.134648, "Longitude": 104.510025, "เวลาบันทึกข้อมูล (UTC)": "2026-09-27T17:00:00.000Z", "เวลาบันทึกข้อมูล (เวลาไทย)": null }, "geometry": { "type": "Point", "coordinates": [ 104.510025, 15.134648 ] } },
{ "type": "Feature", "properties": { "รหัสสถานี": "TMN 08", "ชื่อสถานี": "บ้านวังยาง", "จังหวัด": "อุบลราชธานี", "ระดับน้ำปัจจุบัน (ม.รทก.)": 5.080002, "ระดับตลิ่ง (ม.รทก.)": null, "ระดับน้ำเทียบตลิ่ง (%)": 56.95, "แนวโน้มระดับน้ำ": "คงที่", "ระยะจากตลิ่ง (ม.)": "-3.84", "อัตราการไหล (ลบ.ม./วิ)": null, "% อัตราการไหล": null, "แนวโน้มอัตราการไหล": "คงที่", "Latitude": 15.167267, "Longitude": 104.71683, "เวลาบันทึกข้อมูล (UTC)": "2026-09-27T17:00:00.000Z", "เวลาบันทึกข้อมูล (เวลาไทย)": null }, "geometry": { "type": "Point", "coordinates": [ 104.71683, 15.167267 ] } },
{ "type": "Feature", "properties": { "รหัสสถานี": "TKL.86", "ชื่อสถานี": "บ้านไร่ม่วง", "จังหวัด": "เลย", "ระดับน้ำปัจจุบัน (ม.รทก.)": 1.3399963, "ระดับตลิ่ง (ม.รทก.)": null, "ระดับน้ำเทียบตลิ่ง (%)": 56.78, "แนวโน้มระดับน้ำ": "คงที่", "ระยะจากตลิ่ง (ม.)": "-1.02", "อัตราการไหล (ลบ.ม./วิ)": null, "% อัตราการไหล": null, "แนวโน้มอัตราการไหล": "คงที่", "Latitude": 17.490452, "Longitude": 101.68759, "เวลาบันทึกข้อมูล (UTC)": "2026-09-27T17:00:00.000Z", "เวลาบันทึกข้อมูล (เวลาไทย)": null }, "geometry": { "type": "Point", "coordinates": [ 101.68759, 17.490452 ] } },
{ "type": "Feature", "properties": { "รหัสสถานี": "TTr9", "ชื่อสถานี": "บ้านลำภูรา", "จังหวัด": "ตรัง", "ระดับน้ำปัจจุบัน (ม.รทก.)": 1.29, "ระดับตลิ่ง (ม.รทก.)": null, "ระดับน้ำเทียบตลิ่ง (%)": 56.45, "แนวโน้มระดับน้ำ": "คงที่", "ระยะจากตลิ่ง (ม.)": "-8.71", "อัตราการไหล (ลบ.ม./วิ)": null, "% อัตราการไหล": null, "แนวโน้มอัตราการไหล": "คงที่", "Latitude": 7.675344, "Longitude": 99.5819, "เวลาบันทึกข้อมูล (UTC)": "2026-09-27T17:00:00.000Z", "เวลาบันทึกข้อมูล (เวลาไทย)": null }, "geometry": { "type": "Point", "coordinates": [ 99.5819, 7.675344 ] } },
{ "type": "Feature", "properties": { "รหัสสถานี": "M.104", "ชื่อสถานี": "บ้านวังปลัด", "จังหวัด": "บุรีรัมย์", "ระดับน้ำปัจจุบัน (ม.รทก.)": 4.46, "ระดับตลิ่ง (ม.รทก.)": null, "ระดับน้ำเทียบตลิ่ง (%)": 56.37, "แนวโน้มระดับน้ำ": "ลดลง", "ระยะจากตลิ่ง (ม.)": "-5.04", "อัตราการไหล (ลบ.ม./วิ)": 48.0, "% อัตราการไหล": "6.76", "แนวโน้มอัตราการไหล": "ลดลง", "Latitude": 15.43527, "Longitude": 103.01263, "เวลาบันทึกข้อมูล (UTC)": "2026-09-27T17:00:00.000Z", "เวลาบันทึกข้อมูล (เวลาไทย)": null }, "geometry": { "type": "Point", "coordinates": [ 103.01263, 15.43527 ] } },
{ "type": "Feature", "properties": { "รหัสสถานี": "TSW.03", "ชื่อสถานี": "ห้วยแม่สอด", "จังหวัด": "ตาก", "ระดับน้ำปัจจุบัน (ม.รทก.)": 2.7899933, "ระดับตลิ่ง (ม.รทก.)": null, "ระดับน้ำเทียบตลิ่ง (%)": 55.69, "แนวโน้มระดับน้ำ": "คงที่", "ระยะจากตลิ่ง (ม.)": "-2.22", "อัตราการไหล (ลบ.ม./วิ)": null, "% อัตราการไหล": null, "แนวโน้มอัตราการไหล": "คงที่", "Latitude": 16.716883, "Longitude": 98.55886, "เวลาบันทึกข้อมูล (UTC)": "2026-09-27T17:00:00.000Z", "เวลาบันทึกข้อมูล (เวลาไทย)": null }, "geometry": { "type": "Point", "coordinates": [ 98.55886, 16.716883 ] } },
{ "type": "Feature", "properties": { "รหัสสถานี": "E.23", "ชื่อสถานี": "บ้านค่าย", "จังหวัด": "ชัยภูมิ", "ระดับน้ำปัจจุบัน (ม.รทก.)": 5.57, "ระดับตลิ่ง (ม.รทก.)": null, "ระดับน้ำเทียบตลิ่ง (%)": 55.4, "แนวโน้มระดับน้ำ": "เพิ่มขึ้น", "ระยะจากตลิ่ง (ม.)": "-3.43", "อัตราการไหล (ลบ.ม./วิ)": 78.1, "% อัตราการไหล": "28.93", "แนวโน้มอัตราการไหล": "เพิ่มขึ้น", "Latitude": 15.68176, "Longitude": 102.00955, "เวลาบันทึกข้อมูล (UTC)": "2026-09-27T17:00:00.000Z", "เวลาบันทึกข้อมูล (เวลาไทย)": null }, "geometry": { "type": "Point", "coordinates": [ 102.00955, 15.68176 ] } },
{ "type": "Feature", "properties": { "รหัสสถานี": "B.15", "ชื่อสถานี": "ข้างจวนผู้ว่าฯ", "จังหวัด": "เพชรบุรี", "ระดับน้ำปัจจุบัน (ม.รทก.)": 2.63, "ระดับตลิ่ง (ม.รทก.)": null, "ระดับน้ำเทียบตลิ่ง (%)": 55.09, "แนวโน้มระดับน้ำ": "คงที่", "ระยะจากตลิ่ง (ม.)": "-2.47", "อัตราการไหล (ลบ.ม./วิ)": null, "% อัตราการไหล": null, "แนวโน้มอัตราการไหล": "คงที่", "Latitude": 13.11125, "Longitude": 99.94822, "เวลาบันทึกข้อมูล (UTC)": "2026-09-27T17:00:00.000Z", "เวลาบันทึกข้อมูล (เวลาไทย)": null }, "geometry": { "type": "Point", "coordinates": [ 99.94822, 13.11125 ] } },
{ "type": "Feature", "properties": { "รหัสสถานี": "TM.201 (D/S)", "ชื่อสถานี": "T ปตร.น้ำเค็ม (D/S)", "จังหวัด": "นครราชสีมา", "ระดับน้ำปัจจุบัน (ม.รทก.)": 2.5299988, "ระดับตลิ่ง (ม.รทก.)": null, "ระดับน้ำเทียบตลิ่ง (%)": 54.64, "แนวโน้มระดับน้ำ": "คงที่", "ระยะจากตลิ่ง (ม.)": "-2.10", "อัตราการไหล (ลบ.ม./วิ)": null, "% อัตราการไหล": null, "แนวโน้มอัตราการไหล": "คงที่", "Latitude": 15.20617, "Longitude": 102.50055, "เวลาบันทึกข้อมูล (UTC)": "2026-09-27T17:00:00.000Z", "เวลาบันทึกข้อมูล (เวลาไทย)": null }, "geometry": { "type": "Point", "coordinates": [ 102.50055, 15.20617 ] } },
{ "type": "Feature", "properties": { "รหัสสถานี": "S.3", "ชื่อสถานี": "ต.ตาลเดี่ยว", "จังหวัด": "เพชรบูรณ์", "ระดับน้ำปัจจุบัน (ม.รทก.)": 6.0, "ระดับตลิ่ง (ม.รทก.)": null, "ระดับน้ำเทียบตลิ่ง (%)": 54.55, "แนวโน้มระดับน้ำ": "ลดลง", "ระยะจากตลิ่ง (ม.)": "-2.30", "อัตราการไหล (ลบ.ม./วิ)": 22.93, "% อัตราการไหล": "29.78", "แนวโน้มอัตราการไหล": "ลดลง", "Latitude": 16.78153, "Longitude": 101.24667, "เวลาบันทึกข้อมูล (UTC)": "2026-09-27T17:00:00.000Z", "เวลาบันทึกข้อมูล (เวลาไทย)": null }, "geometry": { "type": "Point", "coordinates": [ 101.24667, 16.78153 ] } },
{ "type": "Feature", "properties": { "รหัสสถานี": "Kh.28A", "ชื่อสถานี": "บ้านนาหลัก", "จังหวัด": "เลย", "ระดับน้ำปัจจุบัน (ม.รทก.)": 4.33, "ระดับตลิ่ง (ม.รทก.)": null, "ระดับน้ำเทียบตลิ่ง (%)": 54.42, "แนวโน้มระดับน้ำ": "ลดลง", "ระยะจากตลิ่ง (ม.)": "-5.67", "อัตราการไหล (ลบ.ม./วิ)": 140.01, "% อัตราการไหล": "22.95", "แนวโน้มอัตราการไหล": "ลดลง", "Latitude": 17.31229, "Longitude": 101.77246, "เวลาบันทึกข้อมูล (UTC)": "2026-09-27T17:00:00.000Z", "เวลาบันทึกข้อมูล (เวลาไทย)": null }, "geometry": { "type": "Point", "coordinates": [ 101.77246, 17.31229 ] } },
{ "type": "Feature", "properties": { "รหัสสถานี": "P.7A", "ชื่อสถานี": "ต.ในเมือง", "จังหวัด": "กำแพงเพชร", "ระดับน้ำปัจจุบัน (ม.รทก.)": 1.96, "ระดับตลิ่ง (ม.รทก.)": null, "ระดับน้ำเทียบตลิ่ง (%)": 54.2, "แนวโน้มระดับน้ำ": "เพิ่มขึ้น", "ระยะจากตลิ่ง (ม.)": "-3.38", "อัตราการไหล (ลบ.ม./วิ)": 514.0, "% อัตราการไหล": "17.13", "แนวโน้มอัตราการไหล": "เพิ่มขึ้น", "Latitude": 16.47927, "Longitude": 99.51841, "เวลาบันทึกข้อมูล (UTC)": "2026-09-27T17:00:00.000Z", "เวลาบันทึกข้อมูล (เวลาไทย)": null }, "geometry": { "type": "Point", "coordinates": [ 99.51841, 16.47927 ] } },
{ "type": "Feature", "properties": { "รหัสสถานี": "E.18", "ชื่อสถานี": "บ้านท่าสะแบง", "จังหวัด": "ร้อยเอ็ด", "ระดับน้ำปัจจุบัน (ม.รทก.)": 4.3, "ระดับตลิ่ง (ม.รทก.)": null, "ระดับน้ำเทียบตลิ่ง (%)": 54.01, "แนวโน้มระดับน้ำ": "เพิ่มขึ้น", "ระยะจากตลิ่ง (ม.)": "-5.50", "อัตราการไหล (ลบ.ม./วิ)": 281.43, "% อัตราการไหล": "26.80", "แนวโน้มอัตราการไหล": "เพิ่มขึ้น", "Latitude": 16.03415, "Longitude": 103.90694, "เวลาบันทึกข้อมูล (UTC)": "2026-09-27T17:00:00.000Z", "เวลาบันทึกข้อมูล (เวลาไทย)": null }, "geometry": { "type": "Point", "coordinates": [ 103.90694, 16.03415 ] } },
{ "type": "Feature", "properties": { "รหัสสถานี": "W.5A", "ชื่อสถานี": "บ้านเกาะคา", "จังหวัด": "ลำปาง", "ระดับน้ำปัจจุบัน (ม.รทก.)": -0.03, "ระดับตลิ่ง (ม.รทก.)": null, "ระดับน้ำเทียบตลิ่ง (%)": 53.85, "แนวโน้มระดับน้ำ": "คงที่", "ระยะจากตลิ่ง (ม.)": "-3.63", "อัตราการไหล (ลบ.ม./วิ)": null, "% อัตราการไหล": null, "แนวโน้มอัตราการไหล": "คงที่", "Latitude": 18.19154, "Longitude": 99.39687, "เวลาบันทึกข้อมูล (UTC)": "2026-09-27T17:00:00.000Z", "เวลาบันทึกข้อมูล (เวลาไทย)": null }, "geometry": { "type": "Point", "coordinates": [ 99.39687, 18.19154 ] } },
{ "type": "Feature", "properties": { "รหัสสถานี": "Y.33", "ชื่อสถานี": "บ้านคลองตาล", "จังหวัด": "สุโขทัย", "ระดับน้ำปัจจุบัน (ม.รทก.)": 5.37, "ระดับตลิ่ง (ม.รทก.)": null, "ระดับน้ำเทียบตลิ่ง (%)": 53.6, "แนวโน้มระดับน้ำ": "คงที่", "ระยะจากตลิ่ง (ม.)": "-5.80", "อัตราการไหล (ลบ.ม./วิ)": 194.8, "% อัตราการไหล": "28.23", "แนวโน้มอัตราการไหล": "คงที่", "Latitude": 17.16888, "Longitude": 99.86098, "เวลาบันทึกข้อมูล (UTC)": "2026-09-27T17:00:00.000Z", "เวลาบันทึกข้อมูล (เวลาไทย)": null }, "geometry": { "type": "Point", "coordinates": [ 99.86098, 17.16888 ] } },
{ "type": "Feature", "properties": { "รหัสสถานี": "TE.106", "ชื่อสถานี": "วัดอัมพวันนาราม", "จังหวัด": "อุบลราชธานี", "ระดับน้ำปัจจุบัน (ม.รทก.)": 4.3799973, "ระดับตลิ่ง (ม.รทก.)": null, "ระดับน้ำเทียบตลิ่ง (%)": 53.59, "แนวโน้มระดับน้ำ": "ลดลง", "ระยะจากตลิ่ง (ม.)": "-5.89", "อัตราการไหล (ลบ.ม./วิ)": null, "% อัตราการไหล": null, "แนวโน้มอัตราการไหล": "คงที่", "Latitude": 15.2694, "Longitude": 104.64478, "เวลาบันทึกข้อมูล (UTC)": "2026-09-27T17:00:00.000Z", "เวลาบันทึกข้อมูล (เวลาไทย)": null }, "geometry": { "type": "Point", "coordinates": [ 104.64478, 15.2694 ] } },
{ "type": "Feature", "properties": { "รหัสสถานี": "TE.122", "ชื่อสถานี": "วัดท่าประทาย", "จังหวัด": "ขอนแก่น", "ระดับน้ำปัจจุบัน (ม.รทก.)": 2.5399933, "ระดับตลิ่ง (ม.รทก.)": null, "ระดับน้ำเทียบตลิ่ง (%)": 53.59, "แนวโน้มระดับน้ำ": "คงที่", "ระยะจากตลิ่ง (ม.)": "-2.20", "อัตราการไหล (ลบ.ม./วิ)": null, "% อัตราการไหล": null, "แนวโน้มอัตราการไหล": "คงที่", "Latitude": 16.41384, "Longitude": 102.91427, "เวลาบันทึกข้อมูล (UTC)": "2026-09-27T17:00:00.000Z", "เวลาบันทึกข้อมูล (เวลาไทย)": null }, "geometry": { "type": "Point", "coordinates": [ 102.91427, 16.41384 ] } },
{ "type": "Feature", "properties": { "รหัสสถานี": "P.16", "ชื่อสถานี": "บ้านแสนตอ", "จังหวัด": "กำแพงเพชร", "ระดับน้ำปัจจุบัน (ม.รทก.)": 2.75, "ระดับตลิ่ง (ม.รทก.)": null, "ระดับน้ำเทียบตลิ่ง (%)": 53.5, "แนวโน้มระดับน้ำ": "เพิ่มขึ้น", "ระยะจากตลิ่ง (ม.)": "-3.92", "อัตราการไหล (ลบ.ม./วิ)": 735.35, "% อัตราการไหล": "25.69", "แนวโน้มอัตราการไหล": "เพิ่มขึ้น", "Latitude": 16.06467, "Longitude": 99.86019, "เวลาบันทึกข้อมูล (UTC)": "2026-09-27T17:00:00.000Z", "เวลาบันทึกข้อมูล (เวลาไทย)": null }, "geometry": { "type": "Point", "coordinates": [ 99.86019, 16.06467 ] } },
{ "type": "Feature", "properties": { "รหัสสถานี": "TSL12", "ชื่อสถานี": "ปตร.คลองท่าแนะ", "จังหวัด": "พัทลุง", "ระดับน้ำปัจจุบัน (ม.รทก.)": 34.06, "ระดับตลิ่ง (ม.รทก.)": null, "ระดับน้ำเทียบตลิ่ง (%)": 53.33, "แนวโน้มระดับน้ำ": "เพิ่มขึ้น", "ระยะจากตลิ่ง (ม.)": "-3.93", "อัตราการไหล (ลบ.ม./วิ)": null, "% อัตราการไหล": null, "แนวโน้มอัตราการไหล": "คงที่", "Latitude": 7.72914, "Longitude": 99.914, "เวลาบันทึกข้อมูล (UTC)": "2026-09-27T17:00:00.000Z", "เวลาบันทึกข้อมูล (เวลาไทย)": null }, "geometry": { "type": "Point", "coordinates": [ 99.914, 7.72914 ] } },
{ "type": "Feature", "properties": { "รหัสสถานี": "TKL.123", "ชื่อสถานี": "บ้านหนองบอน", "จังหวัด": "เลย", "ระดับน้ำปัจจุบัน (ม.รทก.)": 3.4600067, "ระดับตลิ่ง (ม.รทก.)": null, "ระดับน้ำเทียบตลิ่ง (%)": 53.31, "แนวโน้มระดับน้ำ": "เพิ่มขึ้น", "ระยะจากตลิ่ง (ม.)": "-3.03", "อัตราการไหล (ลบ.ม./วิ)": null, "% อัตราการไหล": null, "แนวโน้มอัตราการไหล": "คงที่", "Latitude": 17.41509, "Longitude": 101.715416, "เวลาบันทึกข้อมูล (UTC)": "2026-09-27T17:00:00.000Z", "เวลาบันทึกข้อมูล (เวลาไทย)": null }, "geometry": { "type": "Point", "coordinates": [ 101.715416, 17.41509 ] } },
{ "type": "Feature", "properties": { "รหัสสถานี": "TE.102", "ชื่อสถานี": "ท้ายเขื่อนลำปะทาว", "จังหวัด": "ชัยภูมิ", "ระดับน้ำปัจจุบัน (ม.รทก.)": 3.0, "ระดับตลิ่ง (ม.รทก.)": null, "ระดับน้ำเทียบตลิ่ง (%)": 53.29, "แนวโน้มระดับน้ำ": "คงที่", "ระยะจากตลิ่ง (ม.)": "-2.63", "อัตราการไหล (ลบ.ม./วิ)": null, "% อัตราการไหล": null, "แนวโน้มอัตราการไหล": "คงที่", "Latitude": 16.063515, "Longitude": 102.040565, "เวลาบันทึกข้อมูล (UTC)": "2026-09-27T17:00:00.000Z", "เวลาบันทึกข้อมูล (เวลาไทย)": null }, "geometry": { "type": "Point", "coordinates": [ 102.040565, 16.063515 ] } },
{ "type": "Feature", "properties": { "รหัสสถานี": "TM.198", "ชื่อสถานี": "Tสบห้วยเหนือ+ห้วยสำราญ", "จังหวัด": "ศรีสะเกษ", "ระดับน้ำปัจจุบัน (ม.รทก.)": 5.260002, "ระดับตลิ่ง (ม.รทก.)": null, "ระดับน้ำเทียบตลิ่ง (%)": 52.97, "แนวโน้มระดับน้ำ": "คงที่", "ระยะจากตลิ่ง (ม.)": "-4.67", "อัตราการไหล (ลบ.ม./วิ)": null, "% อัตราการไหล": null, "แนวโน้มอัตราการไหล": "คงที่", "Latitude": 14.889, "Longitude": 104.133, "เวลาบันทึกข้อมูล (UTC)": "2026-09-27T17:00:00.000Z", "เวลาบันทึกข้อมูล (เวลาไทย)": null }, "geometry": { "type": "Point", "coordinates": [ 104.133, 14.889 ] } },
{ "type": "Feature", "properties": { "รหัสสถานี": "TW.32", "ชื่อสถานี": "TW.32", "จังหวัด": "ลำปาง", "ระดับน้ำปัจจุบัน (ม.รทก.)": 3.4599915, "ระดับตลิ่ง (ม.รทก.)": null, "ระดับน้ำเทียบตลิ่ง (%)": 52.6, "แนวโน้มระดับน้ำ": "เพิ่มขึ้น", "ระยะจากตลิ่ง (ม.)": "-2.46", "อัตราการไหล (ลบ.ม./วิ)": null, "% อัตราการไหล": null, "แนวโน้มอัตราการไหล": "คงที่", "Latitude": 18.024292, "Longitude": 99.21803, "เวลาบันทึกข้อมูล (UTC)": "2026-09-27T17:00:00.000Z", "เวลาบันทึกข้อมูล (เวลาไทย)": null }, "geometry": { "type": "Point", "coordinates": [ 99.21803, 18.024292 ] } },
{ "type": "Feature", "properties": { "รหัสสถานี": "TE.129", "ชื่อสถานี": "ฝายบ้านดอนปอ", "จังหวัด": "หนองบัวลำภู", "ระดับน้ำปัจจุบัน (ม.รทก.)": 2.1900024, "ระดับตลิ่ง (ม.รทก.)": null, "ระดับน้ำเทียบตลิ่ง (%)": 52.52, "แนวโน้มระดับน้ำ": "เพิ่มขึ้น", "ระยะจากตลิ่ง (ม.)": "-1.98", "อัตราการไหล (ลบ.ม./วิ)": null, "% อัตราการไหล": null, "แนวโน้มอัตราการไหล": "คงที่", "Latitude": 16.914654, "Longitude": 102.382706, "เวลาบันทึกข้อมูล (UTC)": "2026-09-27T17:00:00.000Z", "เวลาบันทึกข้อมูล (เวลาไทย)": null }, "geometry": { "type": "Point", "coordinates": [ 102.382706, 16.914654 ] } },
{ "type": "Feature", "properties": { "รหัสสถานี": "TPB16", "ชื่อสถานี": "สถานีเขื่อนเพชร (เหนือน้ำ)", "จังหวัด": "เพชรบุรี", "ระดับน้ำปัจจุบัน (ม.รทก.)": 16.05, "ระดับตลิ่ง (ม.รทก.)": null, "ระดับน้ำเทียบตลิ่ง (%)": 52.4, "แนวโน้มระดับน้ำ": "ลดลง", "ระยะจากตลิ่ง (ม.)": "-5.95", "อัตราการไหล (ลบ.ม./วิ)": null, "% อัตราการไหล": null, "แนวโน้มอัตราการไหล": "คงที่", "Latitude": 12.912, "Longitude": 99.8546, "เวลาบันทึกข้อมูล (UTC)": "2026-09-27T17:00:00.000Z", "เวลาบันทึกข้อมูล (เวลาไทย)": null }, "geometry": { "type": "Point", "coordinates": [ 99.8546, 12.912 ] } },
{ "type": "Feature", "properties": { "รหัสสถานี": "TE.128", "ชื่อสถานี": "บุ่งเลิศ", "จังหวัด": "ร้อยเอ็ด", "ระดับน้ำปัจจุบัน (ม.รทก.)": 1.0599976, "ระดับตลิ่ง (ม.รทก.)": null, "ระดับน้ำเทียบตลิ่ง (%)": 52.34, "แนวโน้มระดับน้ำ": "คงที่", "ระยะจากตลิ่ง (ม.)": "-2.34", "อัตราการไหล (ลบ.ม./วิ)": null, "% อัตราการไหล": null, "แนวโน้มอัตราการไหล": "คงที่", "Latitude": 16.432484, "Longitude": 104.185455, "เวลาบันทึกข้อมูล (UTC)": "2026-09-27T17:00:00.000Z", "เวลาบันทึกข้อมูล (เวลาไทย)": null }, "geometry": { "type": "Point", "coordinates": [ 104.185455, 16.432484 ] } },
{ "type": "Feature", "properties": { "รหัสสถานี": "E.66A", "ชื่อสถานี": "บ้านม่วงลาด", "จังหวัด": "ร้อยเอ็ด", "ระดับน้ำปัจจุบัน (ม.รทก.)": 5.99, "ระดับตลิ่ง (ม.รทก.)": null, "ระดับน้ำเทียบตลิ่ง (%)": 52.05, "แนวโน้มระดับน้ำ": "เพิ่มขึ้น", "ระยะจากตลิ่ง (ม.)": "-5.61", "อัตราการไหล (ลบ.ม./วิ)": 181.2, "% อัตราการไหล": "25.52", "แนวโน้มอัตราการไหล": "เพิ่มขึ้น", "Latitude": 16.20825, "Longitude": 103.52764, "เวลาบันทึกข้อมูล (UTC)": "2026-09-27T17:00:00.000Z", "เวลาบันทึกข้อมูล (เวลาไทย)": null }, "geometry": { "type": "Point", "coordinates": [ 103.52764, 16.20825 ] } },
{ "type": "Feature", "properties": { "รหัสสถานี": "S.9", "ชื่อสถานี": "บ้านป่า", "จังหวัด": "สระบุรี", "ระดับน้ำปัจจุบัน (ม.รทก.)": 12.95, "ระดับตลิ่ง (ม.รทก.)": null, "ระดับน้ำเทียบตลิ่ง (%)": 51.96, "แนวโน้มระดับน้ำ": "ลดลง", "ระยะจากตลิ่ง (ม.)": "-7.00", "อัตราการไหล (ลบ.ม./วิ)": 323.0, "% อัตราการไหล": "26.50", "แนวโน้มอัตราการไหล": "ลดลง", "Latitude": 14.62918, "Longitude": 101.01443, "เวลาบันทึกข้อมูล (UTC)": "2026-09-27T17:00:00.000Z", "เวลาบันทึกข้อมูล (เวลาไทย)": null }, "geometry": { "type": "Point", "coordinates": [ 101.01443, 14.62918 ] } },
{ "type": "Feature", "properties": { "รหัสสถานี": "P.67", "ชื่อสถานี": "บ้านแม่แต", "จังหวัด": "เชียงใหม่", "ระดับน้ำปัจจุบัน (ม.รทก.)": -0.14, "ระดับตลิ่ง (ม.รทก.)": null, "ระดับน้ำเทียบตลิ่ง (%)": 50.98, "แนวโน้มระดับน้ำ": "ลดลง", "ระยะจากตลิ่ง (ม.)": "-3.14", "อัตราการไหล (ลบ.ม./วิ)": 38.5, "% อัตราการไหล": "10.13", "แนวโน้มอัตราการไหล": "ลดลง", "Latitude": 19.00985, "Longitude": 98.95974, "เวลาบันทึกข้อมูล (UTC)": "2026-09-27T17:00:00.000Z", "เวลาบันทึกข้อมูล (เวลาไทย)": null }, "geometry": { "type": "Point", "coordinates": [ 98.95974, 19.00985 ] } },
{ "type": "Feature", "properties": { "รหัสสถานี": "TSW.01", "ชื่อสถานี": "อ่างเก็บน้ำห้วยแม่สอด", "จังหวัด": "ตาก", "ระดับน้ำปัจจุบัน (ม.รทก.)": 4.580002, "ระดับตลิ่ง (ม.รทก.)": null, "ระดับน้ำเทียบตลิ่ง (%)": 50.89, "แนวโน้มระดับน้ำ": "ลดลง", "ระยะจากตลิ่ง (ม.)": "-4.42", "อัตราการไหล (ลบ.ม./วิ)": null, "% อัตราการไหล": null, "แนวโน้มอัตราการไหล": "คงที่", "Latitude": 16.709246, "Longitude": 98.61583, "เวลาบันทึกข้อมูล (UTC)": "2026-09-27T17:00:00.000Z", "เวลาบันทึกข้อมูล (เวลาไทย)": null }, "geometry": { "type": "Point", "coordinates": [ 98.61583, 16.709246 ] } },
{ "type": "Feature", "properties": { "รหัสสถานี": "Kh.53", "ชื่อสถานี": "บ้านหนองวัวซอ", "จังหวัด": "อุดรธานี", "ระดับน้ำปัจจุบัน (ม.รทก.)": 3.3, "ระดับตลิ่ง (ม.รทก.)": null, "ระดับน้ำเทียบตลิ่ง (%)": 50.87, "แนวโน้มระดับน้ำ": "ลดลง", "ระยะจากตลิ่ง (ม.)": "-1.70", "อัตราการไหล (ลบ.ม./วิ)": 10.0, "% อัตราการไหล": "12.50", "แนวโน้มอัตราการไหล": "ลดลง", "Latitude": 17.2659, "Longitude": 102.59243, "เวลาบันทึกข้อมูล (UTC)": "2026-09-27T17:00:00.000Z", "เวลาบันทึกข้อมูล (เวลาไทย)": null }, "geometry": { "type": "Point", "coordinates": [ 102.59243, 17.2659 ] } },
{ "type": "Feature", "properties": { "รหัสสถานี": "E.16A", "ชื่อสถานี": "บ้านกุดกว้าง", "จังหวัด": "ขอนแก่น", "ระดับน้ำปัจจุบัน (ม.รทก.)": 4.47, "ระดับตลิ่ง (ม.รทก.)": null, "ระดับน้ำเทียบตลิ่ง (%)": 50.61, "แนวโน้มระดับน้ำ": "คงที่", "ระยะจากตลิ่ง (ม.)": "-5.13", "อัตราการไหล (ลบ.ม./วิ)": 6.04, "% อัตราการไหล": "0.93", "แนวโน้มอัตราการไหล": "คงที่", "Latitude": 16.356, "Longitude": 102.80429, "เวลาบันทึกข้อมูล (UTC)": "2026-09-27T17:00:00.000Z", "เวลาบันทึกข้อมูล (เวลาไทย)": null }, "geometry": { "type": "Point", "coordinates": [ 102.80429, 16.356 ] } },
{ "type": "Feature", "properties": { "รหัสสถานี": "TPR.15", "ชื่อสถานี": "วัดปากแพรก", "จังหวัด": "ประจวบคีรีขันธ์", "ระดับน้ำปัจจุบัน (ม.รทก.)": 1.6700001, "ระดับตลิ่ง (ม.รทก.)": null, "ระดับน้ำเทียบตลิ่ง (%)": 50.12, "แนวโน้มระดับน้ำ": "ลดลง", "ระยะจากตลิ่ง (ม.)": "-2.03", "อัตราการไหล (ลบ.ม./วิ)": null, "% อัตราการไหล": null, "แนวโน้มอัตราการไหล": "คงที่", "Latitude": 11.060013, "Longitude": 99.45701, "เวลาบันทึกข้อมูล (UTC)": "2026-09-27T17:00:00.000Z", "เวลาบันทึกข้อมูล (เวลาไทย)": null }, "geometry": { "type": "Point", "coordinates": [ 99.45701, 11.060013 ] } },
{ "type": "Feature", "properties": { "รหัสสถานี": "TUP.18", "ชื่อสถานี": "สถานีโครงการชลประทานแม่ปิงเก่า", "จังหวัด": "เชียงใหม่", "ระดับน้ำปัจจุบัน (ม.รทก.)": 0.75, "ระดับตลิ่ง (ม.รทก.)": null, "ระดับน้ำเทียบตลิ่ง (%)": 49.79, "แนวโน้มระดับน้ำ": "ลดลง", "ระยะจากตลิ่ง (ม.)": "-2.44", "อัตราการไหล (ลบ.ม./วิ)": null, "% อัตราการไหล": null, "แนวโน้มอัตราการไหล": "คงที่", "Latitude": 18.690973, "Longitude": 98.987946, "เวลาบันทึกข้อมูล (UTC)": "2026-09-27T17:00:00.000Z", "เวลาบันทึกข้อมูล (เวลาไทย)": null }, "geometry": { "type": "Point", "coordinates": [ 98.987946, 18.690973 ] } },
{ "type": "Feature", "properties": { "รหัสสถานี": "G.8", "ชื่อสถานี": "บ้านต้นยาง", "จังหวัด": "เชียงราย", "ระดับน้ำปัจจุบัน (ม.รทก.)": 1.64, "ระดับตลิ่ง (ม.รทก.)": null, "ระดับน้ำเทียบตลิ่ง (%)": 49.54, "แนวโน้มระดับน้ำ": "คงที่", "ระยะจากตลิ่ง (ม.)": "-2.76", "อัตราการไหล (ลบ.ม./วิ)": 39.9, "% อัตราการไหล": "21.11", "แนวโน้มอัตราการไหล": "คงที่", "Latitude": 19.79371, "Longitude": 99.74968, "เวลาบันทึกข้อมูล (UTC)": "2026-09-27T17:00:00.000Z", "เวลาบันทึกข้อมูล (เวลาไทย)": null }, "geometry": { "type": "Point", "coordinates": [ 99.74968, 19.79371 ] } },
{ "type": "Feature", "properties": { "รหัสสถานี": "TTL.09", "ชื่อสถานี": "บ้านคลองตานี", "จังหวัด": "จันทบุรี", "ระดับน้ำปัจจุบัน (ม.รทก.)": 2.0400085, "ระดับตลิ่ง (ม.รทก.)": null, "ระดับน้ำเทียบตลิ่ง (%)": 49.28, "แนวโน้มระดับน้ำ": "ลดลง", "ระยะจากตลิ่ง (ม.)": "-2.10", "อัตราการไหล (ลบ.ม./วิ)": null, "% อัตราการไหล": null, "แนวโน้มอัตราการไหล": "คงที่", "Latitude": 12.896003, "Longitude": 102.271, "เวลาบันทึกข้อมูล (UTC)": "2026-09-27T17:00:00.000Z", "เวลาบันทึกข้อมูล (เวลาไทย)": null }, "geometry": { "type": "Point", "coordinates": [ 102.271, 12.896003 ] } },
{ "type": "Feature", "properties": { "รหัสสถานี": "TW.34", "ชื่อสถานี": "TW.34", "จังหวัด": "ลำปาง", "ระดับน้ำปัจจุบัน (ม.รทก.)": 2.380005, "ระดับตลิ่ง (ม.รทก.)": null, "ระดับน้ำเทียบตลิ่ง (%)": 48.85, "แนวโน้มระดับน้ำ": "เพิ่มขึ้น", "ระยะจากตลิ่ง (ม.)": "-2.90", "อัตราการไหล (ลบ.ม./วิ)": null, "% อัตราการไหล": null, "แนวโน้มอัตราการไหล": "คงที่", "Latitude": 17.553856, "Longitude": 99.17819, "เวลาบันทึกข้อมูล (UTC)": "2026-09-27T17:00:00.000Z", "เวลาบันทึกข้อมูล (เวลาไทย)": null }, "geometry": { "type": "Point", "coordinates": [ 99.17819, 17.553856 ] } },
{ "type": "Feature", "properties": { "รหัสสถานี": "TE.119", "ชื่อสถานี": "หอทะหลา มเหศักดิ์", "จังหวัด": "กาฬสินธุ์", "ระดับน้ำปัจจุบัน (ม.รทก.)": 3.619995, "ระดับตลิ่ง (ม.รทก.)": null, "ระดับน้ำเทียบตลิ่ง (%)": 48.58, "แนวโน้มระดับน้ำ": "คงที่", "ระยะจากตลิ่ง (ม.)": "-4.17", "อัตราการไหล (ลบ.ม./วิ)": null, "% อัตราการไหล": null, "แนวโน้มอัตราการไหล": "คงที่", "Latitude": 16.684656, "Longitude": 104.08239, "เวลาบันทึกข้อมูล (UTC)": "2026-09-27T17:00:00.000Z", "เวลาบันทึกข้อมูล (เวลาไทย)": null }, "geometry": { "type": "Point", "coordinates": [ 104.08239, 16.684656 ] } },
{ "type": "Feature", "properties": { "รหัสสถานี": "P.5", "ชื่อสถานี": "สะพานท่านาง", "จังหวัด": "ลำพูน", "ระดับน้ำปัจจุบัน (ม.รทก.)": 2.68, "ระดับตลิ่ง (ม.รทก.)": null, "ระดับน้ำเทียบตลิ่ง (%)": 48.56, "แนวโน้มระดับน้ำ": "ลดลง", "ระยะจากตลิ่ง (ม.)": "-2.32", "อัตราการไหล (ลบ.ม./วิ)": 14.46, "% อัตราการไหล": "12.36", "แนวโน้มอัตราการไหล": "ลดลง", "Latitude": 18.58028, "Longitude": 99.01015, "เวลาบันทึกข้อมูล (UTC)": "2026-09-27T17:00:00.000Z", "เวลาบันทึกข้อมูล (เวลาไทย)": null }, "geometry": { "type": "Point", "coordinates": [ 99.01015, 18.58028 ] } },
{ "type": "Feature", "properties": { "รหัสสถานี": "TSL28", "ชื่อสถานี": "ปตร.ท่าช้าง-บางกล่ำ", "จังหวัด": "สงขลา", "ระดับน้ำปัจจุบัน (ม.รทก.)": 0.5, "ระดับตลิ่ง (ม.รทก.)": null, "ระดับน้ำเทียบตลิ่ง (%)": 48.54, "แนวโน้มระดับน้ำ": "เพิ่มขึ้น", "ระยะจากตลิ่ง (ม.)": "-3.69", "อัตราการไหล (ลบ.ม./วิ)": null, "% อัตราการไหล": null, "แนวโน้มอัตราการไหล": "คงที่", "Latitude": 7.127928, "Longitude": 100.43327, "เวลาบันทึกข้อมูล (UTC)": "2026-09-27T17:00:00.000Z", "เวลาบันทึกข้อมูล (เวลาไทย)": null }, "geometry": { "type": "Point", "coordinates": [ 100.43327, 7.127928 ] } },
{ "type": "Feature", "properties": { "รหัสสถานี": "TKgt48", "ชื่อสถานี": "บ้านเนินหินกอง", "จังหวัด": "ปราจีนบุรี", "ระดับน้ำปัจจุบัน (ม.รทก.)": 27.48, "ระดับตลิ่ง (ม.รทก.)": null, "ระดับน้ำเทียบตลิ่ง (%)": 48.44, "แนวโน้มระดับน้ำ": "คงที่", "ระยะจากตลิ่ง (ม.)": "-3.46", "อัตราการไหล (ลบ.ม./วิ)": null, "% อัตราการไหล": null, "แนวโน้มอัตราการไหล": "คงที่", "Latitude": 13.782015, "Longitude": 101.900566, "เวลาบันทึกข้อมูล (UTC)": "2026-09-27T17:00:00.000Z", "เวลาบันทึกข้อมูล (เวลาไทย)": null }, "geometry": { "type": "Point", "coordinates": [ 101.900566, 13.782015 ] } },
{ "type": "Feature", "properties": { "รหัสสถานี": "TSL32", "ชื่อสถานี": "คลองนาท่อม", "จังหวัด": "พัทลุง", "ระดับน้ำปัจจุบัน (ม.รทก.)": 6.13, "ระดับตลิ่ง (ม.รทก.)": null, "ระดับน้ำเทียบตลิ่ง (%)": 48.34, "แนวโน้มระดับน้ำ": "คงที่", "ระยะจากตลิ่ง (ม.)": "-2.33", "อัตราการไหล (ลบ.ม./วิ)": null, "% อัตราการไหล": null, "แนวโน้มอัตราการไหล": "คงที่", "Latitude": 7.636973, "Longitude": 100.06116, "เวลาบันทึกข้อมูล (UTC)": "2026-09-27T17:00:00.000Z", "เวลาบันทึกข้อมูล (เวลาไทย)": null }, "geometry": { "type": "Point", "coordinates": [ 100.06116, 7.636973 ] } },
{ "type": "Feature", "properties": { "รหัสสถานี": "P.1", "ชื่อสถานี": "สะพานนวรัฐ", "จังหวัด": "เชียงใหม่", "ระดับน้ำปัจจุบัน (ม.รทก.)": 1.13, "ระดับตลิ่ง (ม.รทก.)": null, "ระดับน้ำเทียบตลิ่ง (%)": 48.08, "แนวโน้มระดับน้ำ": "เพิ่มขึ้น", "ระยะจากตลิ่ง (ม.)": "-2.57", "อัตราการไหล (ลบ.ม./วิ)": 84.12, "% อัตราการไหล": "19.79", "แนวโน้มอัตราการไหล": "ลดลง", "Latitude": 18.78696, "Longitude": 99.00509, "เวลาบันทึกข้อมูล (UTC)": "2026-09-27T17:00:00.000Z", "เวลาบันทึกข้อมูล (เวลาไทย)": null }, "geometry": { "type": "Point", "coordinates": [ 99.00509, 18.78696 ] } },
{ "type": "Feature", "properties": { "รหัสสถานี": "TKL.28A", "ชื่อสถานี": "บ้านฟากเลย", "จังหวัด": "เลย", "ระดับน้ำปัจจุบัน (ม.รทก.)": 4.099991, "ระดับตลิ่ง (ม.รทก.)": null, "ระดับน้ำเทียบตลิ่ง (%)": 47.58, "แนวโน้มระดับน้ำ": "ลดลง", "ระยะจากตลิ่ง (ม.)": "-6.50", "อัตราการไหล (ลบ.ม./วิ)": null, "% อัตราการไหล": null, "แนวโน้มอัตราการไหล": "คงที่", "Latitude": 17.29952, "Longitude": 101.77633, "เวลาบันทึกข้อมูล (UTC)": "2026-09-27T17:00:00.000Z", "เวลาบันทึกข้อมูล (เวลาไทย)": null }, "geometry": { "type": "Point", "coordinates": [ 101.77633, 17.29952 ] } },
{ "type": "Feature", "properties": { "รหัสสถานี": "TTL.02", "ชื่อสถานี": "บ้านหนองน้ำใส", "จังหวัด": "สระแก้ว", "ระดับน้ำปัจจุบัน (ม.รทก.)": 2.1900024, "ระดับตลิ่ง (ม.รทก.)": null, "ระดับน้ำเทียบตลิ่ง (%)": 47.51, "แนวโน้มระดับน้ำ": "คงที่", "ระยะจากตลิ่ง (ม.)": "-2.42", "อัตราการไหล (ลบ.ม./วิ)": null, "% อัตราการไหล": null, "แนวโน้มอัตราการไหล": "คงที่", "Latitude": 13.85454, "Longitude": 102.37748, "เวลาบันทึกข้อมูล (UTC)": "2026-09-27T17:00:00.000Z", "เวลาบันทึกข้อมูล (เวลาไทย)": null }, "geometry": { "type": "Point", "coordinates": [ 102.37748, 13.85454 ] } },
{ "type": "Feature", "properties": { "รหัสสถานี": "TKS.107", "ชื่อสถานี": "เขื่อนน้ำอูน", "จังหวัด": "สกลนคร", "ระดับน้ำปัจจุบัน (ม.รทก.)": 4.7400055, "ระดับตลิ่ง (ม.รทก.)": null, "ระดับน้ำเทียบตลิ่ง (%)": 47.4, "แนวโน้มระดับน้ำ": "คงที่", "ระยะจากตลิ่ง (ม.)": "-5.26", "อัตราการไหล (ลบ.ม./วิ)": null, "% อัตราการไหล": null, "แนวโน้มอัตราการไหล": "คงที่", "Latitude": 17.308556, "Longitude": 103.737885, "เวลาบันทึกข้อมูล (UTC)": "2026-09-27T17:00:00.000Z", "เวลาบันทึกข้อมูล (เวลาไทย)": null }, "geometry": { "type": "Point", "coordinates": [ 103.737885, 17.308556 ] } },
{ "type": "Feature", "properties": { "รหัสสถานี": "B.10", "ชื่อสถานี": "ตลาดท่ายาง", "จังหวัด": "เพชรบุรี", "ระดับน้ำปัจจุบัน (ม.รทก.)": 3.4, "ระดับตลิ่ง (ม.รทก.)": null, "ระดับน้ำเทียบตลิ่ง (%)": 47.37, "แนวโน้มระดับน้ำ": "เพิ่มขึ้น", "ระยะจากตลิ่ง (ม.)": "-5.10", "อัตราการไหล (ลบ.ม./วิ)": 66.5, "% อัตราการไหล": "16.63", "แนวโน้มอัตราการไหล": "เพิ่มขึ้น", "Latitude": 12.97398, "Longitude": 99.88784, "เวลาบันทึกข้อมูล (UTC)": "2026-09-27T17:00:00.000Z", "เวลาบันทึกข้อมูล (เวลาไทย)": null }, "geometry": { "type": "Point", "coordinates": [ 99.88784, 12.97398 ] } },
{ "type": "Feature", "properties": { "รหัสสถานี": "N.13A", "ชื่อสถานี": "บ้านบุญนาค", "จังหวัด": "น่าน", "ระดับน้ำปัจจุบัน (ม.รทก.)": 1.44, "ระดับตลิ่ง (ม.รทก.)": null, "ระดับน้ำเทียบตลิ่ง (%)": 46.9, "แนวโน้มระดับน้ำ": "คงที่", "ระยะจากตลิ่ง (ม.)": "-5.06", "อัตราการไหล (ลบ.ม./วิ)": 193.8, "% อัตราการไหล": "15.92", "แนวโน้มอัตราการไหล": "คงที่", "Latitude": 18.54998, "Longitude": 100.76103, "เวลาบันทึกข้อมูล (UTC)": "2026-09-27T17:00:00.000Z", "เวลาบันทึกข้อมูล (เวลาไทย)": null }, "geometry": { "type": "Point", "coordinates": [ 100.76103, 18.54998 ] } },
{ "type": "Feature", "properties": { "รหัสสถานี": "TKH.118", "ชื่อสถานี": "ปตร.ห้วยหลวง", "จังหวัด": "หนองคาย", "ระดับน้ำปัจจุบัน (ม.รทก.)": 5.6100006, "ระดับตลิ่ง (ม.รทก.)": null, "ระดับน้ำเทียบตลิ่ง (%)": 46.75, "แนวโน้มระดับน้ำ": "ลดลง", "ระยะจากตลิ่ง (ม.)": "-6.39", "อัตราการไหล (ลบ.ม./วิ)": null, "% อัตราการไหล": null, "แนวโน้มอัตราการไหล": "คงที่", "Latitude": 18.016285, "Longitude": 103.08178, "เวลาบันทึกข้อมูล (UTC)": "2026-09-27T17:00:00.000Z", "เวลาบันทึกข้อมูล (เวลาไทย)": null }, "geometry": { "type": "Point", "coordinates": [ 103.08178, 18.016285 ] } },
{ "type": "Feature", "properties": { "รหัสสถานี": "TSK.6", "ชื่อสถานี": "เขื่อนทับเสลา", "จังหวัด": "อุทัยธานี", "ระดับน้ำปัจจุบัน (ม.รทก.)": 8.410004, "ระดับตลิ่ง (ม.รทก.)": null, "ระดับน้ำเทียบตลิ่ง (%)": 46.72, "แนวโน้มระดับน้ำ": "เพิ่มขึ้น", "ระยะจากตลิ่ง (ม.)": "-9.59", "อัตราการไหล (ลบ.ม./วิ)": null, "% อัตราการไหล": null, "แนวโน้มอัตราการไหล": "คงที่", "Latitude": 15.543873, "Longitude": 99.44768, "เวลาบันทึกข้อมูล (UTC)": "2026-09-27T17:00:00.000Z", "เวลาบันทึกข้อมูล (เวลาไทย)": null }, "geometry": { "type": "Point", "coordinates": [ 99.44768, 15.543873 ] } },
{ "type": "Feature", "properties": { "รหัสสถานี": "E.95A", "ชื่อสถานี": "บ้านธวัชดินแดง", "จังหวัด": "ร้อยเอ็ด", "ระดับน้ำปัจจุบัน (ม.รทก.)": 3.13, "ระดับตลิ่ง (ม.รทก.)": null, "ระดับน้ำเทียบตลิ่ง (%)": 46.62, "แนวโน้มระดับน้ำ": "เพิ่มขึ้น", "ระยะจากตลิ่ง (ม.)": "-5.37", "อัตราการไหล (ลบ.ม./วิ)": null, "% อัตราการไหล": null, "แนวโน้มอัตราการไหล": "คงที่", "Latitude": 16.1158, "Longitude": 103.8466, "เวลาบันทึกข้อมูล (UTC)": "2026-09-27T17:00:00.000Z", "เวลาบันทึกข้อมูล (เวลาไทย)": null }, "geometry": { "type": "Point", "coordinates": [ 103.8466, 16.1158 ] } },
{ "type": "Feature", "properties": { "รหัสสถานี": "N.81", "ชื่อสถานี": "บ้านแก่งบัวคำ", "จังหวัด": "พิษณุโลก", "ระดับน้ำปัจจุบัน (ม.รทก.)": 3.04, "ระดับตลิ่ง (ม.รทก.)": null, "ระดับน้ำเทียบตลิ่ง (%)": 46.61, "แนวโน้มระดับน้ำ": "เพิ่มขึ้น", "ระยะจากตลิ่ง (ม.)": "-3.78", "อัตราการไหล (ลบ.ม./วิ)": 120.7, "% อัตราการไหล": "20.05", "แนวโน้มอัตราการไหล": "เพิ่มขึ้น", "Latitude": 17.12855, "Longitude": 100.58804, "เวลาบันทึกข้อมูล (UTC)": "2026-09-27T17:00:00.000Z", "เวลาบันทึกข้อมูล (เวลาไทย)": null }, "geometry": { "type": "Point", "coordinates": [ 100.58804, 17.12855 ] } },
{ "type": "Feature", "properties": { "รหัสสถานี": "N.43A", "ชื่อสถานี": "บ้านชมพู", "จังหวัด": "พิษณุโลก", "ระดับน้ำปัจจุบัน (ม.รทก.)": 4.62, "ระดับตลิ่ง (ม.รทก.)": null, "ระดับน้ำเทียบตลิ่ง (%)": 46.56, "แนวโน้มระดับน้ำ": "คงที่", "ระยะจากตลิ่ง (ม.)": "-5.04", "อัตราการไหล (ลบ.ม./วิ)": 22.65, "% อัตราการไหล": "8.09", "แนวโน้มอัตราการไหล": "คงที่", "Latitude": 16.69633, "Longitude": 100.65685, "เวลาบันทึกข้อมูล (UTC)": "2026-09-27T17:00:00.000Z", "เวลาบันทึกข้อมูล (เวลาไทย)": null }, "geometry": { "type": "Point", "coordinates": [ 100.65685, 16.69633 ] } },
{ "type": "Feature", "properties": { "รหัสสถานี": "TM.195 (U/S), (D/S)", "ชื่อสถานี": "T ขรน.กันผม (U/S), (D/S)", "จังหวัด": "นครราชสีมา", "ระดับน้ำปัจจุบัน (ม.รทก.)": 2.3299866, "ระดับตลิ่ง (ม.รทก.)": null, "ระดับน้ำเทียบตลิ่ง (%)": 46.41, "แนวโน้มระดับน้ำ": "เพิ่มขึ้น", "ระยะจากตลิ่ง (ม.)": "-2.69", "อัตราการไหล (ลบ.ม./วิ)": null, "% อัตราการไหล": null, "แนวโน้มอัตราการไหล": "คงที่", "Latitude": 15.014, "Longitude": 102.23379, "เวลาบันทึกข้อมูล (UTC)": "2026-09-27T17:00:00.000Z", "เวลาบันทึกข้อมูล (เวลาไทย)": null }, "geometry": { "type": "Point", "coordinates": [ 102.23379, 15.014 ] } },
{ "type": "Feature", "properties": { "รหัสสถานี": "M.171", "ชื่อสถานี": "บ้านโนนสาวเอ้", "จังหวัด": "นครราชสีมา", "ระดับน้ำปัจจุบัน (ม.รทก.)": 2.2, "ระดับตลิ่ง (ม.รทก.)": null, "ระดับน้ำเทียบตลิ่ง (%)": 46.39, "แนวโน้มระดับน้ำ": "ลดลง", "ระยะจากตลิ่ง (ม.)": "-2.60", "อัตราการไหล (ลบ.ม./วิ)": 83.0, "% อัตราการไหล": "14.14", "แนวโน้มอัตราการไหล": "ลดลง", "Latitude": 14.50134, "Longitude": 101.76848, "เวลาบันทึกข้อมูล (UTC)": "2026-09-27T17:00:00.000Z", "เวลาบันทึกข้อมูล (เวลาไทย)": null }, "geometry": { "type": "Point", "coordinates": [ 101.76848, 14.50134 ] } },
{ "type": "Feature", "properties": { "รหัสสถานี": "TG13", "ชื่อสถานี": "บ้านใหม่กือนา", "จังหวัด": "เชียงราย", "ระดับน้ำปัจจุบัน (ม.รทก.)": -0.83999634, "ระดับตลิ่ง (ม.รทก.)": null, "ระดับน้ำเทียบตลิ่ง (%)": 46.1, "แนวโน้มระดับน้ำ": "คงที่", "ระยะจากตลิ่ง (ม.)": "-5.81", "อัตราการไหล (ลบ.ม./วิ)": null, "% อัตราการไหล": null, "แนวโน้มอัตราการไหล": "คงที่", "Latitude": 19.95685, "Longitude": 99.93735, "เวลาบันทึกข้อมูล (UTC)": "2026-09-27T17:00:00.000Z", "เวลาบันทึกข้อมูล (เวลาไทย)": null }, "geometry": { "type": "Point", "coordinates": [ 99.93735, 19.95685 ] } },
{ "type": "Feature", "properties": { "รหัสสถานี": "TKH.124", "ชื่อสถานี": "สะพานห้วยน้ำขุ่น", "จังหวัด": "อุดรธานี", "ระดับน้ำปัจจุบัน (ม.รทก.)": 1.8399963, "ระดับตลิ่ง (ม.รทก.)": null, "ระดับน้ำเทียบตลิ่ง (%)": 46.0, "แนวโน้มระดับน้ำ": "คงที่", "ระยะจากตลิ่ง (ม.)": "-2.16", "อัตราการไหล (ลบ.ม./วิ)": null, "% อัตราการไหล": null, "แนวโน้มอัตราการไหล": "คงที่", "Latitude": 17.55009, "Longitude": 102.958435, "เวลาบันทึกข้อมูล (UTC)": "2026-09-27T17:00:00.000Z", "เวลาบันทึกข้อมูล (เวลาไทย)": null }, "geometry": { "type": "Point", "coordinates": [ 102.958435, 17.55009 ] } },
{ "type": "Feature", "properties": { "รหัสสถานี": "TY.13B", "ชื่อสถานี": "บ้านหลวงเหนือ จ.ลำปาง", "จังหวัด": "ลำปาง", "ระดับน้ำปัจจุบัน (ม.รทก.)": 1.6699829, "ระดับตลิ่ง (ม.รทก.)": null, "ระดับน้ำเทียบตลิ่ง (%)": 45.99, "แนวโน้มระดับน้ำ": "คงที่", "ระยะจากตลิ่ง (ม.)": "-2.09", "อัตราการไหล (ลบ.ม./วิ)": null, "% อัตราการไหล": null, "แนวโน้มอัตราการไหล": "คงที่", "Latitude": 18.757744, "Longitude": 99.97515, "เวลาบันทึกข้อมูล (UTC)": "2026-09-27T17:00:00.000Z", "เวลาบันทึกข้อมูล (เวลาไทย)": null }, "geometry": { "type": "Point", "coordinates": [ 99.97515, 18.757744 ] } },
{ "type": "Feature", "properties": { "รหัสสถานี": "N.5A", "ชื่อสถานี": "ต.ในเมือง", "จังหวัด": "พิษณุโลก", "ระดับน้ำปัจจุบัน (ม.รทก.)": 2.93, "ระดับตลิ่ง (ม.รทก.)": null, "ระดับน้ำเทียบตลิ่ง (%)": 45.85, "แนวโน้มระดับน้ำ": "คงที่", "ระยะจากตลิ่ง (ม.)": "-7.44", "อัตราการไหล (ลบ.ม./วิ)": 239.7, "% อัตราการไหล": "17.56", "แนวโน้มอัตราการไหล": "คงที่", "Latitude": 16.81514, "Longitude": 100.2607, "เวลาบันทึกข้อมูล (UTC)": "2026-09-27T17:00:00.000Z", "เวลาบันทึกข้อมูล (เวลาไทย)": null }, "geometry": { "type": "Point", "coordinates": [ 100.2607, 16.81514 ] } },
{ "type": "Feature", "properties": { "รหัสสถานี": "N.55", "ชื่อสถานี": "บ้านท่าสะแก", "จังหวัด": "พิษณุโลก", "ระดับน้ำปัจจุบัน (ม.รทก.)": 3.94, "ระดับตลิ่ง (ม.รทก.)": null, "ระดับน้ำเทียบตลิ่ง (%)": 45.78, "แนวโน้มระดับน้ำ": "เพิ่มขึ้น", "ระยะจากตลิ่ง (ม.)": "-4.43", "อัตราการไหล (ลบ.ม./วิ)": 34.4, "% อัตราการไหล": "11.58", "แนวโน้มอัตราการไหล": "เพิ่มขึ้น", "Latitude": 17.25317, "Longitude": 100.62824, "เวลาบันทึกข้อมูล (UTC)": "2026-09-27T17:00:00.000Z", "เวลาบันทึกข้อมูล (เวลาไทย)": null }, "geometry": { "type": "Point", "coordinates": [ 100.62824, 17.25317 ] } },
{ "type": "Feature", "properties": { "รหัสสถานี": "TPR.7", "ชื่อสถานี": "บ้านห้วยมงคล", "จังหวัด": "ประจวบคีรีขันธ์", "ระดับน้ำปัจจุบัน (ม.รทก.)": 0.91, "ระดับตลิ่ง (ม.รทก.)": null, "ระดับน้ำเทียบตลิ่ง (%)": 45.5, "แนวโน้มระดับน้ำ": "เพิ่มขึ้น", "ระยะจากตลิ่ง (ม.)": "-1.09", "อัตราการไหล (ลบ.ม./วิ)": null, "% อัตราการไหล": null, "แนวโน้มอัตราการไหล": "คงที่", "Latitude": 12.5435, "Longitude": 99.8272, "เวลาบันทึกข้อมูล (UTC)": "2026-09-27T17:00:00.000Z", "เวลาบันทึกข้อมูล (เวลาไทย)": null }, "geometry": { "type": "Point", "coordinates": [ 99.8272, 12.5435 ] } },
{ "type": "Feature", "properties": { "รหัสสถานี": "Kh.104", "ชื่อสถานี": "วัดศรีบุญเรือง", "จังหวัด": "มุกดาหาร", "ระดับน้ำปัจจุบัน (ม.รทก.)": 5.87, "ระดับตลิ่ง (ม.รทก.)": null, "ระดับน้ำเทียบตลิ่ง (%)": 45.15, "แนวโน้มระดับน้ำ": "ลดลง", "ระยะจากตลิ่ง (ม.)": "-7.13", "อัตราการไหล (ลบ.ม./วิ)": null, "% อัตราการไหล": null, "แนวโน้มอัตราการไหล": "คงที่", "Latitude": 16.53594, "Longitude": 104.7335, "เวลาบันทึกข้อมูล (UTC)": "2026-09-27T17:00:00.000Z", "เวลาบันทึกข้อมูล (เวลาไทย)": null }, "geometry": { "type": "Point", "coordinates": [ 104.7335, 16.53594 ] } },
{ "type": "Feature", "properties": { "รหัสสถานี": "G.10", "ชื่อสถานี": "บ้านโป่งปูเฟือง", "จังหวัด": "เชียงราย", "ระดับน้ำปัจจุบัน (ม.รทก.)": 0.9, "ระดับตลิ่ง (ม.รทก.)": null, "ระดับน้ำเทียบตลิ่ง (%)": 45.07, "แนวโน้มระดับน้ำ": "ลดลง", "ระยะจากตลิ่ง (ม.)": "-2.60", "อัตราการไหล (ลบ.ม./วิ)": 52.72, "% อัตราการไหล": "24.52", "แนวโน้มอัตราการไหล": "ลดลง", "Latitude": 19.65257, "Longitude": 99.53802, "เวลาบันทึกข้อมูล (UTC)": "2026-09-27T17:00:00.000Z", "เวลาบันทึกข้อมูล (เวลาไทย)": null }, "geometry": { "type": "Point", "coordinates": [ 99.53802, 19.65257 ] } },
{ "type": "Feature", "properties": { "รหัสสถานี": "Kh.16B", "ชื่อสถานี": "บ้านท่าควาย", "จังหวัด": "นครพนม", "ระดับน้ำปัจจุบัน (ม.รทก.)": 5.82, "ระดับตลิ่ง (ม.รทก.)": null, "ระดับน้ำเทียบตลิ่ง (%)": 44.77, "แนวโน้มระดับน้ำ": "คงที่", "ระยะจากตลิ่ง (ม.)": "-7.18", "อัตราการไหล (ลบ.ม./วิ)": null, "% อัตราการไหล": null, "แนวโน้มอัตราการไหล": "คงที่", "Latitude": 17.43764, "Longitude": 104.75762, "เวลาบันทึกข้อมูล (UTC)": "2026-09-27T17:00:00.000Z", "เวลาบันทึกข้อมูล (เวลาไทย)": null }, "geometry": { "type": "Point", "coordinates": [ 104.75762, 17.43764 ] } },
{ "type": "Feature", "properties": { "รหัสสถานี": "P.85", "ชื่อสถานี": "บ้านหล่ายแก้ว", "จังหวัด": "ลำพูน", "ระดับน้ำปัจจุบัน (ม.รทก.)": -0.05, "ระดับตลิ่ง (ม.รทก.)": null, "ระดับน้ำเทียบตลิ่ง (%)": 44.69, "แนวโน้มระดับน้ำ": "คงที่", "ระยะจากตลิ่ง (ม.)": "-3.55", "อัตราการไหล (ลบ.ม./วิ)": 13.42, "% อัตราการไหล": "4.50", "แนวโน้มอัตราการไหล": "คงที่", "Latitude": 18.36642, "Longitude": 98.7721, "เวลาบันทึกข้อมูล (UTC)": "2026-09-27T17:00:00.000Z", "เวลาบันทึกข้อมูล (เวลาไทย)": null }, "geometry": { "type": "Point", "coordinates": [ 98.7721, 18.36642 ] } },
{ "type": "Feature", "properties": { "รหัสสถานี": "Kh.100", "ชื่อสถานี": "บ้านพันลำ", "จังหวัด": "บึงกาฬ", "ระดับน้ำปัจจุบัน (ม.รทก.)": 6.24, "ระดับตลิ่ง (ม.รทก.)": null, "ระดับน้ำเทียบตลิ่ง (%)": 44.57, "แนวโน้มระดับน้ำ": "คงที่", "ระยะจากตลิ่ง (ม.)": "-7.76", "อัตราการไหล (ลบ.ม./วิ)": null, "% อัตราการไหล": null, "แนวโน้มอัตราการไหล": "คงที่", "Latitude": 18.39961, "Longitude": 103.60826, "เวลาบันทึกข้อมูล (UTC)": "2026-09-27T17:00:00.000Z", "เวลาบันทึกข้อมูล (เวลาไทย)": null }, "geometry": { "type": "Point", "coordinates": [ 103.60826, 18.39961 ] } },
{ "type": "Feature", "properties": { "รหัสสถานี": "T.MaeyomWeir", "ชื่อสถานี": "ฝายแม่ยม อ.สอง จ.แพร่", "จังหวัด": "แพร่", "ระดับน้ำปัจจุบัน (ม.รทก.)": 1.0800018, "ระดับตลิ่ง (ม.รทก.)": null, "ระดับน้ำเทียบตลิ่ง (%)": 44.35, "แนวโน้มระดับน้ำ": "คงที่", "ระยะจากตลิ่ง (ม.)": "-3.35", "อัตราการไหล (ลบ.ม./วิ)": null, "% อัตราการไหล": null, "แนวโน้มอัตราการไหล": "คงที่", "Latitude": 18.484167, "Longitude": 100.16139, "เวลาบันทึกข้อมูล (UTC)": "2026-09-27T17:00:00.000Z", "เวลาบันทึกข้อมูล (เวลาไทย)": null }, "geometry": { "type": "Point", "coordinates": [ 100.16139, 18.484167 ] } },
{ "type": "Feature", "properties": { "รหัสสถานี": "TG11", "ชื่อสถานี": "เทศบาลแม่ยาว", "จังหวัด": "เชียงราย", "ระดับน้ำปัจจุบัน (ม.รทก.)": 0.8999939, "ระดับตลิ่ง (ม.รทก.)": null, "ระดับน้ำเทียบตลิ่ง (%)": 44.1, "แนวโน้มระดับน้ำ": "คงที่", "ระยะจากตลิ่ง (ม.)": "-2.18", "อัตราการไหล (ลบ.ม./วิ)": null, "% อัตราการไหล": null, "แนวโน้มอัตราการไหล": "คงที่", "Latitude": 19.934196, "Longitude": 99.76024, "เวลาบันทึกข้อมูล (UTC)": "2026-09-27T17:00:00.000Z", "เวลาบันทึกข้อมูล (เวลาไทย)": null }, "geometry": { "type": "Point", "coordinates": [ 99.76024, 19.934196 ] } },
{ "type": "Feature", "properties": { "รหัสสถานี": "M.188A", "ชื่อสถานี": "บ้านบัว", "จังหวัด": "นครราชสีมา", "ระดับน้ำปัจจุบัน (ม.รทก.)": 2.82, "ระดับตลิ่ง (ม.รทก.)": null, "ระดับน้ำเทียบตลิ่ง (%)": 44.09, "แนวโน้มระดับน้ำ": "คงที่", "ระยะจากตลิ่ง (ม.)": "-2.08", "อัตราการไหล (ลบ.ม./วิ)": null, "% อัตราการไหล": null, "แนวโน้มอัตราการไหล": "คงที่", "Latitude": 15.18159, "Longitude": 102.24274, "เวลาบันทึกข้อมูล (UTC)": "2026-09-27T17:00:00.000Z", "เวลาบันทึกข้อมูล (เวลาไทย)": null }, "geometry": { "type": "Point", "coordinates": [ 102.24274, 15.18159 ] } },
{ "type": "Feature", "properties": { "รหัสสถานี": "Kgt.15B", "ชื่อสถานี": "บ้านแก่งดินสอ", "จังหวัด": "ปราจีนบุรี", "ระดับน้ำปัจจุบัน (ม.รทก.)": 3.7, "ระดับตลิ่ง (ม.รทก.)": null, "ระดับน้ำเทียบตลิ่ง (%)": 44.08, "แนวโน้มระดับน้ำ": "ลดลง", "ระยะจากตลิ่ง (ม.)": "-4.14", "อัตราการไหล (ลบ.ม./วิ)": 26.5, "% อัตราการไหล": "14.02", "แนวโน้มอัตราการไหล": "ลดลง", "Latitude": 14.06587, "Longitude": 101.92264, "เวลาบันทึกข้อมูล (UTC)": "2026-09-27T17:00:00.000Z", "เวลาบันทึกข้อมูล (เวลาไทย)": null }, "geometry": { "type": "Point", "coordinates": [ 101.92264, 14.06587 ] } },
{ "type": "Feature", "properties": { "รหัสสถานี": "LP-06", "ชื่อสถานี": "สถานีเขื่อนลำปาว", "จังหวัด": "กาฬสินธุ์", "ระดับน้ำปัจจุบัน (ม.รทก.)": 3.319992, "ระดับตลิ่ง (ม.รทก.)": null, "ระดับน้ำเทียบตลิ่ง (%)": 44.03, "แนวโน้มระดับน้ำ": "คงที่", "ระยะจากตลิ่ง (ม.)": "-4.22", "อัตราการไหล (ลบ.ม./วิ)": null, "% อัตราการไหล": null, "แนวโน้มอัตราการไหล": "คงที่", "Latitude": 16.604, "Longitude": 103.46321, "เวลาบันทึกข้อมูล (UTC)": "2026-09-27T17:00:00.000Z", "เวลาบันทึกข้อมูล (เวลาไทย)": null }, "geometry": { "type": "Point", "coordinates": [ 103.46321, 16.604 ] } },
{ "type": "Feature", "properties": { "รหัสสถานี": "N.27A", "ชื่อสถานี": "ท้ายเขื่อนนเรศวร", "จังหวัด": "พิษณุโลก", "ระดับน้ำปัจจุบัน (ม.รทก.)": 1.91, "ระดับตลิ่ง (ม.รทก.)": null, "ระดับน้ำเทียบตลิ่ง (%)": 43.92, "แนวโน้มระดับน้ำ": "คงที่", "ระยะจากตลิ่ง (ม.)": "-7.89", "อัตราการไหล (ลบ.ม./วิ)": 155.9, "% อัตราการไหล": "13.97", "แนวโน้มอัตราการไหล": "คงที่", "Latitude": 17.03078, "Longitude": 100.18005, "เวลาบันทึกข้อมูล (UTC)": "2026-09-27T17:00:00.000Z", "เวลาบันทึกข้อมูล (เวลาไทย)": null }, "geometry": { "type": "Point", "coordinates": [ 100.18005, 17.03078 ] } },
{ "type": "Feature", "properties": { "รหัสสถานี": "W.4A", "ชื่อสถานี": "บ้านวังหมัน", "จังหวัด": "ตาก", "ระดับน้ำปัจจุบัน (ม.รทก.)": 2.77, "ระดับตลิ่ง (ม.รทก.)": null, "ระดับน้ำเทียบตลิ่ง (%)": 43.9, "แนวโน้มระดับน้ำ": "คงที่", "ระยะจากตลิ่ง (ม.)": "-4.23", "อัตราการไหล (ลบ.ม./วิ)": 91.5, "% อัตราการไหล": "17.26", "แนวโน้มอัตราการไหล": "คงที่", "Latitude": 17.20499, "Longitude": 99.09812, "เวลาบันทึกข้อมูล (UTC)": "2026-09-27T17:00:00.000Z", "เวลาบันทึกข้อมูล (เวลาไทย)": null }, "geometry": { "type": "Point", "coordinates": [ 99.09812, 17.20499 ] } },
{ "type": "Feature", "properties": { "รหัสสถานี": "N.1", "ชื่อสถานี": "หน้าสำนักงานป่าไม้", "จังหวัด": "น่าน", "ระดับน้ำปัจจุบัน (ม.รทก.)": 1.22, "ระดับตลิ่ง (ม.รทก.)": null, "ระดับน้ำเทียบตลิ่ง (%)": 43.88, "แนวโน้มระดับน้ำ": "คงที่", "ระยะจากตลิ่ง (ม.)": "-5.78", "อัตราการไหล (ลบ.ม./วิ)": 111.8, "% อัตราการไหล": "10.49", "แนวโน้มอัตราการไหล": "คงที่", "Latitude": 18.77488, "Longitude": 100.77969, "เวลาบันทึกข้อมูล (UTC)": "2026-09-27T17:00:00.000Z", "เวลาบันทึกข้อมูล (เวลาไทย)": null }, "geometry": { "type": "Point", "coordinates": [ 100.77969, 18.77488 ] } },
{ "type": "Feature", "properties": { "รหัสสถานี": "TE.110", "ชื่อสถานี": "สบลำกระจวนแม่น้ำชี", "จังหวัด": "ชัยภูมิ", "ระดับน้ำปัจจุบัน (ม.รทก.)": 1.8699951, "ระดับตลิ่ง (ม.รทก.)": null, "ระดับน้ำเทียบตลิ่ง (%)": 43.69, "แนวโน้มระดับน้ำ": "คงที่", "ระยะจากตลิ่ง (ม.)": "-2.41", "อัตราการไหล (ลบ.ม./วิ)": null, "% อัตราการไหล": null, "แนวโน้มอัตราการไหล": "คงที่", "Latitude": 15.781595, "Longitude": 101.75438, "เวลาบันทึกข้อมูล (UTC)": "2026-09-27T17:00:00.000Z", "เวลาบันทึกข้อมูล (เวลาไทย)": null }, "geometry": { "type": "Point", "coordinates": [ 101.75438, 15.781595 ] } },
{ "type": "Feature", "properties": { "รหัสสถานี": "TE.125", "ชื่อสถานี": "บ้านนางใย", "จังหวัด": "มหาสารคาม", "ระดับน้ำปัจจุบัน (ม.รทก.)": 2.0099945, "ระดับตลิ่ง (ม.รทก.)": null, "ระดับน้ำเทียบตลิ่ง (%)": 43.6, "แนวโน้มระดับน้ำ": "คงที่", "ระยะจากตลิ่ง (ม.)": "-2.60", "อัตราการไหล (ลบ.ม./วิ)": null, "% อัตราการไหล": null, "แนวโน้มอัตราการไหล": "คงที่", "Latitude": 16.18648, "Longitude": 103.3271, "เวลาบันทึกข้อมูล (UTC)": "2026-09-27T17:00:00.000Z", "เวลาบันทึกข้อมูล (เวลาไทย)": null }, "geometry": { "type": "Point", "coordinates": [ 103.3271, 16.18648 ] } },
{ "type": "Feature", "properties": { "รหัสสถานี": "Kh.1", "ชื่อสถานี": "บ้านมีชัย", "จังหวัด": "หนองคาย", "ระดับน้ำปัจจุบัน (ม.รทก.)": 5.05, "ระดับตลิ่ง (ม.รทก.)": null, "ระดับน้ำเทียบตลิ่ง (%)": 43.53, "แนวโน้มระดับน้ำ": "ลดลง", "ระยะจากตลิ่ง (ม.)": "-6.55", "อัตราการไหล (ลบ.ม./วิ)": null, "% อัตราการไหล": null, "แนวโน้มอัตราการไหล": "คงที่", "Latitude": 17.8874, "Longitude": 102.75207, "เวลาบันทึกข้อมูล (UTC)": "2026-09-27T17:00:00.000Z", "เวลาบันทึกข้อมูล (เวลาไทย)": null }, "geometry": { "type": "Point", "coordinates": [ 102.75207, 17.8874 ] } },
{ "type": "Feature", "properties": { "รหัสสถานี": "TM.4", "ชื่อสถานี": "TM.4", "จังหวัด": "สุรินทร์", "ระดับน้ำปัจจุบัน (ม.รทก.)": 2.800003, "ระดับตลิ่ง (ม.รทก.)": null, "ระดับน้ำเทียบตลิ่ง (%)": 43.28, "แนวโน้มระดับน้ำ": "เพิ่มขึ้น", "ระยะจากตลิ่ง (ม.)": "-3.67", "อัตราการไหล (ลบ.ม./วิ)": null, "% อัตราการไหล": null, "แนวโน้มอัตราการไหล": "คงที่", "Latitude": 15.367572, "Longitude": 103.775116, "เวลาบันทึกข้อมูล (UTC)": "2026-09-27T17:00:00.000Z", "เวลาบันทึกข้อมูล (เวลาไทย)": null }, "geometry": { "type": "Point", "coordinates": [ 103.775116, 15.367572 ] } },
{ "type": "Feature", "properties": { "รหัสสถานี": "TKS.121", "ชื่อสถานี": "บ้านป่งไฮ", "จังหวัด": "บึงกาฬ", "ระดับน้ำปัจจุบัน (ม.รทก.)": 3.880005, "ระดับตลิ่ง (ม.รทก.)": null, "ระดับน้ำเทียบตลิ่ง (%)": 43.11, "แนวโน้มระดับน้ำ": "คงที่", "ระยะจากตลิ่ง (ม.)": "-5.12", "อัตราการไหล (ลบ.ม./วิ)": null, "% อัตราการไหล": null, "แนวโน้มอัตราการไหล": "คงที่", "Latitude": 18.02316, "Longitude": 103.82134, "เวลาบันทึกข้อมูล (UTC)": "2026-09-27T17:00:00.000Z", "เวลาบันทึกข้อมูล (เวลาไทย)": null }, "geometry": { "type": "Point", "coordinates": [ 103.82134, 18.02316 ] } },
{ "type": "Feature", "properties": { "รหัสสถานี": "M.4", "ชื่อสถานี": "บ้านพงสวาย", "จังหวัด": "สุรินทร์", "ระดับน้ำปัจจุบัน (ม.รทก.)": 2.74, "ระดับตลิ่ง (ม.รทก.)": null, "ระดับน้ำเทียบตลิ่ง (%)": 42.77, "แนวโน้มระดับน้ำ": "เพิ่มขึ้น", "ระยะจากตลิ่ง (ม.)": "-5.46", "อัตราการไหล (ลบ.ม./วิ)": 157.6, "% อัตราการไหล": "12.12", "แนวโน้มอัตราการไหล": "เพิ่มขึ้น", "Latitude": 15.32958, "Longitude": 103.68261, "เวลาบันทึกข้อมูล (UTC)": "2026-09-27T17:00:00.000Z", "เวลาบันทึกข้อมูล (เวลาไทย)": null }, "geometry": { "type": "Point", "coordinates": [ 103.68261, 15.32958 ] } },
{ "type": "Feature", "properties": { "รหัสสถานี": "W.23", "ชื่อสถานี": "บ้านแม่เชียงราย", "จังหวัด": "ลำปาง", "ระดับน้ำปัจจุบัน (ม.รทก.)": 2.11, "ระดับตลิ่ง (ม.รทก.)": null, "ระดับน้ำเทียบตลิ่ง (%)": 42.68, "แนวโน้มระดับน้ำ": "คงที่", "ระยะจากตลิ่ง (ม.)": "-4.19", "อัตราการไหล (ลบ.ม./วิ)": 61.75, "% อัตราการไหล": "13.00", "แนวโน้มอัตราการไหล": "คงที่", "Latitude": 17.36661, "Longitude": 99.11301, "เวลาบันทึกข้อมูล (UTC)": "2026-09-27T17:00:00.000Z", "เวลาบันทึกข้อมูล (เวลาไทย)": null }, "geometry": { "type": "Point", "coordinates": [ 99.11301, 17.36661 ] } },
{ "type": "Feature", "properties": { "รหัสสถานี": "N.60", "ชื่อสถานี": "บ้านเด่นสำโรง", "จังหวัด": "อุตรดิตถ์", "ระดับน้ำปัจจุบัน (ม.รทก.)": 1.2, "ระดับตลิ่ง (ม.รทก.)": null, "ระดับน้ำเทียบตลิ่ง (%)": 42.52, "แนวโน้มระดับน้ำ": "เพิ่มขึ้น", "ระยะจากตลิ่ง (ม.)": "-6.80", "อัตราการไหล (ลบ.ม./วิ)": 153.0, "% อัตราการไหล": "11.72", "แนวโน้มอัตราการไหล": "เพิ่มขึ้น", "Latitude": 17.41833, "Longitude": 100.13091, "เวลาบันทึกข้อมูล (UTC)": "2026-09-27T17:00:00.000Z", "เวลาบันทึกข้อมูล (เวลาไทย)": null }, "geometry": { "type": "Point", "coordinates": [ 100.13091, 17.41833 ] } },
{ "type": "Feature", "properties": { "รหัสสถานี": "P.77", "ชื่อสถานี": "บ้านสบแม่สะป๊วด", "จังหวัด": "ลำพูน", "ระดับน้ำปัจจุบัน (ม.รทก.)": 2.2, "ระดับตลิ่ง (ม.รทก.)": null, "ระดับน้ำเทียบตลิ่ง (%)": 42.38, "แนวโน้มระดับน้ำ": "ลดลง", "ระยะจากตลิ่ง (ม.)": "-1.80", "อัตราการไหล (ลบ.ม./วิ)": 4.64, "% อัตราการไหล": "4.14", "แนวโน้มอัตราการไหล": "ลดลง", "Latitude": 18.43327, "Longitude": 99.08513, "เวลาบันทึกข้อมูล (UTC)": "2026-09-27T17:00:00.000Z", "เวลาบันทึกข้อมูล (เวลาไทย)": null }, "geometry": { "type": "Point", "coordinates": [ 99.08513, 18.43327 ] } },
{ "type": "Feature", "properties": { "รหัสสถานี": "P.87", "ชื่อสถานี": "บ้านป่าซาง", "จังหวัด": "ลำพูน", "ระดับน้ำปัจจุบัน (ม.รทก.)": 0.83, "ระดับตลิ่ง (ม.รทก.)": null, "ระดับน้ำเทียบตลิ่ง (%)": 42.27, "แนวโน้มระดับน้ำ": "ลดลง", "ระยะจากตลิ่ง (ม.)": "-3.27", "อัตราการไหล (ลบ.ม./วิ)": 1.5, "% อัตราการไหล": "1.44", "แนวโน้มอัตราการไหล": "ลดลง", "Latitude": 18.51912, "Longitude": 98.94229, "เวลาบันทึกข้อมูล (UTC)": "2026-09-27T17:00:00.000Z", "เวลาบันทึกข้อมูล (เวลาไทย)": null }, "geometry": { "type": "Point", "coordinates": [ 98.94229, 18.51912 ] } },
{ "type": "Feature", "properties": { "รหัสสถานี": "Kh.97", "ชื่อสถานี": "บ้านเชียงคาน", "จังหวัด": "เลย", "ระดับน้ำปัจจุบัน (ม.รทก.)": 8.02, "ระดับตลิ่ง (ม.รทก.)": null, "ระดับน้ำเทียบตลิ่ง (%)": 42.21, "แนวโน้มระดับน้ำ": "คงที่", "ระยะจากตลิ่ง (ม.)": "-10.98", "อัตราการไหล (ลบ.ม./วิ)": null, "% อัตราการไหล": null, "แนวโน้มอัตราการไหล": "คงที่", "Latitude": 17.90029, "Longitude": 101.67081, "เวลาบันทึกข้อมูล (UTC)": "2026-09-27T17:00:00.000Z", "เวลาบันทึกข้อมูล (เวลาไทย)": null }, "geometry": { "type": "Point", "coordinates": [ 101.67081, 17.90029 ] } },
{ "type": "Feature", "properties": { "รหัสสถานี": "TP.113", "ชื่อสถานี": "บ้านเกาะตาล", "จังหวัด": "กำแพงเพชร", "ระดับน้ำปัจจุบัน (ม.รทก.)": 2.3599968, "ระดับตลิ่ง (ม.รทก.)": null, "ระดับน้ำเทียบตลิ่ง (%)": 42.13, "แนวโน้มระดับน้ำ": "เพิ่มขึ้น", "ระยะจากตลิ่ง (ม.)": "-2.94", "อัตราการไหล (ลบ.ม./วิ)": null, "% อัตราการไหล": null, "แนวโน้มอัตราการไหล": "คงที่", "Latitude": 16.135834, "Longitude": 99.784164, "เวลาบันทึกข้อมูล (UTC)": "2026-09-27T17:00:00.000Z", "เวลาบันทึกข้อมูล (เวลาไทย)": null }, "geometry": { "type": "Point", "coordinates": [ 99.784164, 16.135834 ] } },
{ "type": "Feature", "properties": { "รหัสสถานี": "P.82", "ชื่อสถานี": "บ้านสบวิน", "จังหวัด": "เชียงใหม่", "ระดับน้ำปัจจุบัน (ม.รทก.)": 1.23, "ระดับตลิ่ง (ม.รทก.)": null, "ระดับน้ำเทียบตลิ่ง (%)": 42.07, "แนวโน้มระดับน้ำ": "ลดลง", "ระยะจากตลิ่ง (ม.)": "-2.57", "อัตราการไหล (ลบ.ม./วิ)": 11.64, "% อัตราการไหล": "8.20", "แนวโน้มอัตราการไหล": "ลดลง", "Latitude": 18.65423, "Longitude": 98.68566, "เวลาบันทึกข้อมูล (UTC)": "2026-09-27T17:00:00.000Z", "เวลาบันทึกข้อมูล (เวลาไทย)": null }, "geometry": { "type": "Point", "coordinates": [ 98.68566, 18.65423 ] } },
{ "type": "Feature", "properties": { "รหัสสถานี": "TSL34", "ชื่อสถานี": "คลองลำเบ็ดล่าง", "จังหวัด": "พัทลุง", "ระดับน้ำปัจจุบัน (ม.รทก.)": 0.16, "ระดับตลิ่ง (ม.รทก.)": null, "ระดับน้ำเทียบตลิ่ง (%)": 42.01, "แนวโน้มระดับน้ำ": "คงที่", "ระยะจากตลิ่ง (ม.)": "-3.23", "อัตราการไหล (ลบ.ม./วิ)": null, "% อัตราการไหล": null, "แนวโน้มอัตราการไหล": "คงที่", "Latitude": 7.590888, "Longitude": 100.15402, "เวลาบันทึกข้อมูล (UTC)": "2026-09-27T17:00:00.000Z", "เวลาบันทึกข้อมูล (เวลาไทย)": null }, "geometry": { "type": "Point", "coordinates": [ 100.15402, 7.590888 ] } },
{ "type": "Feature", "properties": { "รหัสสถานี": "TP.97", "ชื่อสถานี": "อุทยานแห่งชาติคลองวังเจ้า", "จังหวัด": "กำแพงเพชร", "ระดับน้ำปัจจุบัน (ม.รทก.)": 0.6799927, "ระดับตลิ่ง (ม.รทก.)": null, "ระดับน้ำเทียบตลิ่ง (%)": 41.88, "แนวโน้มระดับน้ำ": "เพิ่มขึ้น", "ระยะจากตลิ่ง (ม.)": "-1.79", "อัตราการไหล (ลบ.ม./วิ)": null, "% อัตราการไหล": null, "แนวโน้มอัตราการไหล": "คงที่", "Latitude": 16.505556, "Longitude": 99.16983, "เวลาบันทึกข้อมูล (UTC)": "2026-09-27T17:00:00.000Z", "เวลาบันทึกข้อมูล (เวลาไทย)": null }, "geometry": { "type": "Point", "coordinates": [ 99.16983, 16.505556 ] } },
{ "type": "Feature", "properties": { "รหัสสถานี": "Y.37", "ชื่อสถานี": "บ้านวังชิ้น", "จังหวัด": "แพร่", "ระดับน้ำปัจจุบัน (ม.รทก.)": 4.42, "ระดับตลิ่ง (ม.รทก.)": null, "ระดับน้ำเทียบตลิ่ง (%)": 41.82, "แนวโน้มระดับน้ำ": "คงที่", "ระยะจากตลิ่ง (ม.)": "-6.58", "อัตราการไหล (ลบ.ม./วิ)": 178.5, "% อัตราการไหล": "13.46", "แนวโน้มอัตราการไหล": "คงที่", "Latitude": 17.90118, "Longitude": 99.60565, "เวลาบันทึกข้อมูล (UTC)": "2026-09-27T17:00:00.000Z", "เวลาบันทึกข้อมูล (เวลาไทย)": null }, "geometry": { "type": "Point", "coordinates": [ 99.60565, 17.90118 ] } },
{ "type": "Feature", "properties": { "รหัสสถานี": "TPR.1", "ชื่อสถานี": "บ้านป่าเต็ง", "จังหวัด": "เพชรบุรี", "ระดับน้ำปัจจุบัน (ม.รทก.)": 2.09, "ระดับตลิ่ง (ม.รทก.)": null, "ระดับน้ำเทียบตลิ่ง (%)": 41.8, "แนวโน้มระดับน้ำ": "เพิ่มขึ้น", "ระยะจากตลิ่ง (ม.)": "-2.91", "อัตราการไหล (ลบ.ม./วิ)": null, "% อัตราการไหล": null, "แนวโน้มอัตราการไหล": "คงที่", "Latitude": 12.584, "Longitude": 99.5344, "เวลาบันทึกข้อมูล (UTC)": "2026-09-27T17:00:00.000Z", "เวลาบันทึกข้อมูล (เวลาไทย)": null }, "geometry": { "type": "Point", "coordinates": [ 99.5344, 12.584 ] } },
{ "type": "Feature", "properties": { "รหัสสถานี": "E.91", "ชื่อสถานี": "บ้านดอนขนวน", "จังหวัด": "มหาสารคาม", "ระดับน้ำปัจจุบัน (ม.รทก.)": 4.72, "ระดับตลิ่ง (ม.รทก.)": null, "ระดับน้ำเทียบตลิ่ง (%)": 41.59, "แนวโน้มระดับน้ำ": "เพิ่มขึ้น", "ระยะจากตลิ่ง (ม.)": "-6.98", "อัตราการไหล (ลบ.ม./วิ)": 179.28, "% อัตราการไหล": "21.86", "แนวโน้มอัตราการไหล": "เพิ่มขึ้น", "Latitude": 16.36607, "Longitude": 102.94975, "เวลาบันทึกข้อมูล (UTC)": "2026-09-27T17:00:00.000Z", "เวลาบันทึกข้อมูล (เวลาไทย)": null }, "geometry": { "type": "Point", "coordinates": [ 102.94975, 16.36607 ] } },
{ "type": "Feature", "properties": { "รหัสสถานี": "TW.31", "ชื่อสถานี": "TW.31", "จังหวัด": "ลำปาง", "ระดับน้ำปัจจุบัน (ม.รทก.)": 1.4599915, "ระดับตลิ่ง (ม.รทก.)": null, "ระดับน้ำเทียบตลิ่ง (%)": 41.24, "แนวโน้มระดับน้ำ": "คงที่", "ระยะจากตลิ่ง (ม.)": "-2.65", "อัตราการไหล (ลบ.ม./วิ)": null, "% อัตราการไหล": null, "แนวโน้มอัตราการไหล": "คงที่", "Latitude": 18.13277, "Longitude": 99.62003, "เวลาบันทึกข้อมูล (UTC)": "2026-09-27T17:00:00.000Z", "เวลาบันทึกข้อมูล (เวลาไทย)": null }, "geometry": { "type": "Point", "coordinates": [ 99.62003, 18.13277 ] } },
{ "type": "Feature", "properties": { "รหัสสถานี": "Pr.1", "ชื่อสถานี": "บ้านเขาน้อย", "จังหวัด": "ประจวบคีรีขันธ์", "ระดับน้ำปัจจุบัน (ม.รทก.)": 2.15, "ระดับตลิ่ง (ม.รทก.)": null, "ระดับน้ำเทียบตลิ่ง (%)": 40.87, "แนวโน้มระดับน้ำ": "ลดลง", "ระยะจากตลิ่ง (ม.)": "-5.85", "อัตราการไหล (ลบ.ม./วิ)": null, "% อัตราการไหล": null, "แนวโน้มอัตราการไหล": "คงที่", "Latitude": 12.38995, "Longitude": 99.91125, "เวลาบันทึกข้อมูล (UTC)": "2026-09-27T17:00:00.000Z", "เวลาบันทึกข้อมูล (เวลาไทย)": null }, "geometry": { "type": "Point", "coordinates": [ 99.91125, 12.38995 ] } },
{ "type": "Feature", "properties": { "รหัสสถานี": "TTP13", "ชื่อสถานี": "บ้านต้นสะท้อน", "จังหวัด": "สุราษฎร์ธานี", "ระดับน้ำปัจจุบัน (ม.รทก.)": 2.619999, "ระดับตลิ่ง (ม.รทก.)": null, "ระดับน้ำเทียบตลิ่ง (%)": 40.4, "แนวโน้มระดับน้ำ": "คงที่", "ระยะจากตลิ่ง (ม.)": "-2.39", "อัตราการไหล (ลบ.ม./วิ)": null, "% อัตราการไหล": null, "แนวโน้มอัตราการไหล": "คงที่", "Latitude": 8.871568, "Longitude": 99.38229, "เวลาบันทึกข้อมูล (UTC)": "2026-09-27T17:00:00.000Z", "เวลาบันทึกข้อมูล (เวลาไทย)": null }, "geometry": { "type": "Point", "coordinates": [ 99.38229, 8.871568 ] } },
{ "type": "Feature", "properties": { "รหัสสถานี": "Kh.103", "ชื่อสถานี": "บ้านโนนตูม", "จังหวัด": "อุดรธานี", "ระดับน้ำปัจจุบัน (ม.รทก.)": 2.14, "ระดับตลิ่ง (ม.รทก.)": null, "ระดับน้ำเทียบตลิ่ง (%)": 40.34, "แนวโน้มระดับน้ำ": "เพิ่มขึ้น", "ระยะจากตลิ่ง (ม.)": "-2.86", "อัตราการไหล (ลบ.ม./วิ)": 7.84, "% อัตราการไหล": "8.25", "แนวโน้มอัตราการไหล": "เพิ่มขึ้น", "Latitude": 17.48257, "Longitude": 102.79739, "เวลาบันทึกข้อมูล (UTC)": "2026-09-27T17:00:00.000Z", "เวลาบันทึกข้อมูล (เวลาไทย)": null }, "geometry": { "type": "Point", "coordinates": [ 102.79739, 17.48257 ] } },
{ "type": "Feature", "properties": { "รหัสสถานี": "TSW.11", "ชื่อสถานี": "บ้านแม่ตะควน", "จังหวัด": "แม่ฮ่องสอน", "ระดับน้ำปัจจุบัน (ม.รทก.)": 2.050003, "ระดับตลิ่ง (ม.รทก.)": null, "ระดับน้ำเทียบตลิ่ง (%)": 40.2, "แนวโน้มระดับน้ำ": "คงที่", "ระยะจากตลิ่ง (ม.)": "-3.05", "อัตราการไหล (ลบ.ม./วิ)": null, "% อัตราการไหล": null, "แนวโน้มอัตราการไหล": "คงที่", "Latitude": 17.963728, "Longitude": 97.92608, "เวลาบันทึกข้อมูล (UTC)": "2026-09-27T17:00:00.000Z", "เวลาบันทึกข้อมูล (เวลาไทย)": null }, "geometry": { "type": "Point", "coordinates": [ 97.92608, 17.963728 ] } },
{ "type": "Feature", "properties": { "รหัสสถานี": "N.2B", "ชื่อสถานี": "ต.ในเมือง", "จังหวัด": "อุตรดิตถ์", "ระดับน้ำปัจจุบัน (ม.รทก.)": 0.6, "ระดับตลิ่ง (ม.รทก.)": null, "ระดับน้ำเทียบตลิ่ง (%)": 39.91, "แนวโน้มระดับน้ำ": "เพิ่มขึ้น", "ระยะจากตลิ่ง (ม.)": "-6.40", "อัตราการไหล (ลบ.ม./วิ)": 136.7, "% อัตราการไหล": "7.16", "แนวโน้มอัตราการไหล": "เพิ่มขึ้น", "Latitude": 17.60864, "Longitude": 100.09924, "เวลาบันทึกข้อมูล (UTC)": "2026-09-27T17:00:00.000Z", "เวลาบันทึกข้อมูล (เวลาไทย)": null }, "geometry": { "type": "Point", "coordinates": [ 100.09924, 17.60864 ] } },
{ "type": "Feature", "properties": { "รหัสสถานี": "M.157", "ชื่อสถานี": "บ้านนิคม", "จังหวัด": "ยโสธร", "ระดับน้ำปัจจุบัน (ม.รทก.)": 2.4, "ระดับตลิ่ง (ม.รทก.)": null, "ระดับน้ำเทียบตลิ่ง (%)": 39.9, "แนวโน้มระดับน้ำ": "คงที่", "ระยะจากตลิ่ง (ม.)": "-3.60", "อัตราการไหล (ลบ.ม./วิ)": 21.0, "% อัตราการไหล": "4.20", "แนวโน้มอัตราการไหล": "คงที่", "Latitude": 15.80624, "Longitude": 104.32795, "เวลาบันทึกข้อมูล (UTC)": "2026-09-27T17:00:00.000Z", "เวลาบันทึกข้อมูล (เวลาไทย)": null }, "geometry": { "type": "Point", "coordinates": [ 104.32795, 15.80624 ] } },
{ "type": "Feature", "properties": { "รหัสสถานี": "Gt.7", "ชื่อสถานี": "บ้านวังยาว", "จังหวัด": "ประจวบคีรีขันธ์", "ระดับน้ำปัจจุบัน (ม.รทก.)": 2.24, "ระดับตลิ่ง (ม.รทก.)": null, "ระดับน้ำเทียบตลิ่ง (%)": 39.89, "แนวโน้มระดับน้ำ": "ลดลง", "ระยะจากตลิ่ง (ม.)": "-5.26", "อัตราการไหล (ลบ.ม./วิ)": null, "% อัตราการไหล": null, "แนวโน้มอัตราการไหล": "คงที่", "Latitude": 11.24076, "Longitude": 99.43621, "เวลาบันทึกข้อมูล (UTC)": "2026-09-27T17:00:00.000Z", "เวลาบันทึกข้อมูล (เวลาไทย)": null }, "geometry": { "type": "Point", "coordinates": [ 99.43621, 11.24076 ] } },
{ "type": "Feature", "properties": { "รหัสสถานี": "TX21A", "ชื่อสถานี": "ฝายท่าเชียด", "จังหวัด": "พัทลุง", "ระดับน้ำปัจจุบัน (ม.รทก.)": 22.06, "ระดับตลิ่ง (ม.รทก.)": null, "ระดับน้ำเทียบตลิ่ง (%)": 39.79, "แนวโน้มระดับน้ำ": "คงที่", "ระยะจากตลิ่ง (ม.)": "-4.63", "อัตราการไหล (ลบ.ม./วิ)": null, "% อัตราการไหล": null, "แนวโน้มอัตราการไหล": "คงที่", "Latitude": 7.361018, "Longitude": 100.1085, "เวลาบันทึกข้อมูล (UTC)": "2026-09-27T17:00:00.000Z", "เวลาบันทึกข้อมูล (เวลาไทย)": null }, "geometry": { "type": "Point", "coordinates": [ 100.1085, 7.361018 ] } },
{ "type": "Feature", "properties": { "รหัสสถานี": "P.103", "ชื่อสถานี": "สะพานวงแหวนรอบ 3", "จังหวัด": "เชียงใหม่", "ระดับน้ำปัจจุบัน (ม.รทก.)": 2.31, "ระดับตลิ่ง (ม.รทก.)": null, "ระดับน้ำเทียบตลิ่ง (%)": 39.65, "แนวโน้มระดับน้ำ": "คงที่", "ระยะจากตลิ่ง (ม.)": "-4.49", "อัตราการไหล (ลบ.ม./วิ)": 78.5, "% อัตราการไหล": "16.49", "แนวโน้มอัตราการไหล": "คงที่", "Latitude": 18.86651, "Longitude": 98.97819, "เวลาบันทึกข้อมูล (UTC)": "2026-09-27T17:00:00.000Z", "เวลาบันทึกข้อมูล (เวลาไทย)": null }, "geometry": { "type": "Point", "coordinates": [ 98.97819, 18.86651 ] } },
{ "type": "Feature", "properties": { "รหัสสถานี": "W.24", "ชื่อสถานี": "บ้านท่าไผ่", "จังหวัด": "ตาก", "ระดับน้ำปัจจุบัน (ม.รทก.)": 3.62, "ระดับตลิ่ง (ม.รทก.)": null, "ระดับน้ำเทียบตลิ่ง (%)": 39.37, "แนวโน้มระดับน้ำ": "ลดลง", "ระยะจากตลิ่ง (ม.)": "-4.88", "อัตราการไหล (ลบ.ม./วิ)": 99.87, "% อัตราการไหล": "21.57", "แนวโน้มอัตราการไหล": "ลดลง", "Latitude": 17.32165, "Longitude": 99.07722, "เวลาบันทึกข้อมูล (UTC)": "2026-09-27T17:00:00.000Z", "เวลาบันทึกข้อมูล (เวลาไทย)": null }, "geometry": { "type": "Point", "coordinates": [ 99.07722, 17.32165 ] } },
{ "type": "Feature", "properties": { "รหัสสถานี": "TUP.14", "ชื่อสถานี": "สถานีแม่น้ำปิงที่โครงการส่งน้ำและบำรุงรักษาแม่แฝก-แม่งัด", "จังหวัด": "เชียงใหม่", "ระดับน้ำปัจจุบัน (ม.รทก.)": 1.3200073, "ระดับตลิ่ง (ม.รทก.)": null, "ระดับน้ำเทียบตลิ่ง (%)": 39.09, "แนวโน้มระดับน้ำ": "คงที่", "ระยะจากตลิ่ง (ม.)": "-3.07", "อัตราการไหล (ลบ.ม./วิ)": null, "% อัตราการไหล": null, "แนวโน้มอัตราการไหล": "คงที่", "Latitude": 19.104841, "Longitude": 98.95452, "เวลาบันทึกข้อมูล (UTC)": "2026-09-27T17:00:00.000Z", "เวลาบันทึกข้อมูล (เวลาไทย)": null }, "geometry": { "type": "Point", "coordinates": [ 98.95452, 19.104841 ] } },
{ "type": "Feature", "properties": { "รหัสสถานี": "W.1C", "ชื่อสถานี": "สะพานเสตุวารี", "จังหวัด": "ลำปาง", "ระดับน้ำปัจจุบัน (ม.รทก.)": 0.51, "ระดับตลิ่ง (ม.รทก.)": null, "ระดับน้ำเทียบตลิ่ง (%)": 38.37, "แนวโน้มระดับน้ำ": "คงที่", "ระยะจากตลิ่ง (ม.)": "-4.69", "อัตราการไหล (ลบ.ม./วิ)": 51.14, "% อัตราการไหล": "10.50", "แนวโน้มอัตราการไหล": "คงที่", "Latitude": 18.29973, "Longitude": 99.51123, "เวลาบันทึกข้อมูล (UTC)": "2026-09-27T17:00:00.000Z", "เวลาบันทึกข้อมูล (เวลาไทย)": null }, "geometry": { "type": "Point", "coordinates": [ 99.51123, 18.29973 ] } },
{ "type": "Feature", "properties": { "รหัสสถานี": "Gt.10", "ชื่อสถานี": "บ้านหนองหญ้าปล้อง", "จังหวัด": "ประจวบคีรีขันธ์", "ระดับน้ำปัจจุบัน (ม.รทก.)": 2.63, "ระดับตลิ่ง (ม.รทก.)": null, "ระดับน้ำเทียบตลิ่ง (%)": 38.13, "แนวโน้มระดับน้ำ": "ลดลง", "ระยะจากตลิ่ง (ม.)": "-3.87", "อัตราการไหล (ลบ.ม./วิ)": 42.35, "% อัตราการไหล": "15.12", "แนวโน้มอัตราการไหล": "ลดลง", "Latitude": 11.40416, "Longitude": 99.51922, "เวลาบันทึกข้อมูล (UTC)": "2026-09-27T17:00:00.000Z", "เวลาบันทึกข้อมูล (เวลาไทย)": null }, "geometry": { "type": "Point", "coordinates": [ 99.51922, 11.40416 ] } },
{ "type": "Feature", "properties": { "รหัสสถานี": "TSL24", "ชื่อสถานี": "ปตร.อู่ตะเภา", "จังหวัด": "สงขลา", "ระดับน้ำปัจจุบัน (ม.รทก.)": 2.6, "ระดับตลิ่ง (ม.รทก.)": null, "ระดับน้ำเทียบตลิ่ง (%)": 37.95, "แนวโน้มระดับน้ำ": "ลดลง", "ระยะจากตลิ่ง (ม.)": "-6.23", "อัตราการไหล (ลบ.ม./วิ)": null, "% อัตราการไหล": null, "แนวโน้มอัตราการไหล": "คงที่", "Latitude": 6.987824, "Longitude": 100.462204, "เวลาบันทึกข้อมูล (UTC)": "2026-09-27T17:00:00.000Z", "เวลาบันทึกข้อมูล (เวลาไทย)": null }, "geometry": { "type": "Point", "coordinates": [ 100.462204, 6.987824 ] } },
{ "type": "Feature", "properties": { "รหัสสถานี": "TTP25", "ชื่อสถานี": "สถานีบ้านบางน้ำเย็น", "จังหวัด": "สุราษฎร์ธานี", "ระดับน้ำปัจจุบัน (ม.รทก.)": 7.86, "ระดับตลิ่ง (ม.รทก.)": null, "ระดับน้ำเทียบตลิ่ง (%)": 37.43, "แนวโน้มระดับน้ำ": "ลดลง", "ระยะจากตลิ่ง (ม.)": "-13.14", "อัตราการไหล (ลบ.ม./วิ)": null, "% อัตราการไหล": null, "แนวโน้มอัตราการไหล": "คงที่", "Latitude": 8.924333, "Longitude": 98.840195, "เวลาบันทึกข้อมูล (UTC)": "2026-09-27T17:00:00.000Z", "เวลาบันทึกข้อมูล (เวลาไทย)": null }, "geometry": { "type": "Point", "coordinates": [ 98.840195, 8.924333 ] } },
{ "type": "Feature", "properties": { "รหัสสถานี": "TP.90", "ชื่อสถานี": "สถานีน้ำแม่ปิง (P.90) บ้านทับเดื่อ", "จังหวัด": "เชียงใหม่", "ระดับน้ำปัจจุบัน (ม.รทก.)": 0.45999146, "ระดับตลิ่ง (ม.รทก.)": null, "ระดับน้ำเทียบตลิ่ง (%)": 37.33, "แนวโน้มระดับน้ำ": "คงที่", "ระยะจากตลิ่ง (ม.)": "-3.29", "อัตราการไหล (ลบ.ม./วิ)": null, "% อัตราการไหล": null, "แนวโน้มอัตราการไหล": "คงที่", "Latitude": 19.220478, "Longitude": 98.97263, "เวลาบันทึกข้อมูล (UTC)": "2026-09-27T17:00:00.000Z", "เวลาบันทึกข้อมูล (เวลาไทย)": null }, "geometry": { "type": "Point", "coordinates": [ 98.97263, 19.220478 ] } },
{ "type": "Feature", "properties": { "รหัสสถานี": "TKS.110", "ชื่อสถานี": "บ้านพันนา", "จังหวัด": "สกลนคร", "ระดับน้ำปัจจุบัน (ม.รทก.)": 2.2400055, "ระดับตลิ่ง (ม.รทก.)": null, "ระดับน้ำเทียบตลิ่ง (%)": 37.33, "แนวโน้มระดับน้ำ": "คงที่", "ระยะจากตลิ่ง (ม.)": "-3.76", "อัตราการไหล (ลบ.ม./วิ)": null, "% อัตราการไหล": null, "แนวโน้มอัตราการไหล": "คงที่", "Latitude": 17.441923, "Longitude": 103.57055, "เวลาบันทึกข้อมูล (UTC)": "2026-09-27T17:00:00.000Z", "เวลาบันทึกข้อมูล (เวลาไทย)": null }, "geometry": { "type": "Point", "coordinates": [ 103.57055, 17.441923 ] } },
{ "type": "Feature", "properties": { "รหัสสถานี": "TW.30", "ชื่อสถานี": "TW.30", "จังหวัด": "ลำปาง", "ระดับน้ำปัจจุบัน (ม.รทก.)": 1.2399902, "ระดับตลิ่ง (ม.รทก.)": null, "ระดับน้ำเทียบตลิ่ง (%)": 37.29, "แนวโน้มระดับน้ำ": "เพิ่มขึ้น", "ระยะจากตลิ่ง (ม.)": "-3.01", "อัตราการไหล (ลบ.ม./วิ)": null, "% อัตราการไหล": null, "แนวโน้มอัตราการไหล": "คงที่", "Latitude": 18.241215, "Longitude": 99.31676, "เวลาบันทึกข้อมูล (UTC)": "2026-09-27T17:00:00.000Z", "เวลาบันทึกข้อมูล (เวลาไทย)": null }, "geometry": { "type": "Point", "coordinates": [ 99.31676, 18.241215 ] } },
{ "type": "Feature", "properties": { "รหัสสถานี": "Kh.61", "ชื่อสถานี": "บ้านแก่งบง", "จังหวัด": "เลย", "ระดับน้ำปัจจุบัน (ม.รทก.)": 2.95, "ระดับตลิ่ง (ม.รทก.)": null, "ระดับน้ำเทียบตลิ่ง (%)": 36.93, "แนวโน้มระดับน้ำ": "ลดลง", "ระยะจากตลิ่ง (ม.)": "-5.55", "อัตราการไหล (ลบ.ม./วิ)": 61.95, "% อัตราการไหล": "24.78", "แนวโน้มอัตราการไหล": "ลดลง", "Latitude": 17.13114, "Longitude": 101.67949, "เวลาบันทึกข้อมูล (UTC)": "2026-09-27T17:00:00.000Z", "เวลาบันทึกข้อมูล (เวลาไทย)": null }, "geometry": { "type": "Point", "coordinates": [ 101.67949, 17.13114 ] } },
{ "type": "Feature", "properties": { "รหัสสถานี": "Y.20", "ชื่อสถานี": "บ้านห้วยสัก", "จังหวัด": "แพร่", "ระดับน้ำปัจจุบัน (ม.รทก.)": 2.16, "ระดับตลิ่ง (ม.รทก.)": null, "ระดับน้ำเทียบตลิ่ง (%)": 36.9, "แนวโน้มระดับน้ำ": "ลดลง", "ระยะจากตลิ่ง (ม.)": "-6.84", "อัตราการไหล (ลบ.ม./วิ)": 64.6, "% อัตราการไหล": "5.85", "แนวโน้มอัตราการไหล": "ลดลง", "Latitude": 18.58613, "Longitude": 100.15134, "เวลาบันทึกข้อมูล (UTC)": "2026-09-27T17:00:00.000Z", "เวลาบันทึกข้อมูล (เวลาไทย)": null }, "geometry": { "type": "Point", "coordinates": [ 100.15134, 18.58613 ] } },
{ "type": "Feature", "properties": { "รหัสสถานี": "Z.21", "ชื่อสถานี": "บ้านโป่งโรงเซ็น", "จังหวัด": "จันทบุรี", "ระดับน้ำปัจจุบัน (ม.รทก.)": 2.57, "ระดับตลิ่ง (ม.รทก.)": null, "ระดับน้ำเทียบตลิ่ง (%)": 36.81, "แนวโน้มระดับน้ำ": "ลดลง", "ระยะจากตลิ่ง (ม.)": "-4.92", "อัตราการไหล (ลบ.ม./วิ)": 36.25, "% อัตราการไหล": "13.84", "แนวโน้มอัตราการไหล": "ลดลง", "Latitude": 12.79196, "Longitude": 102.25467, "เวลาบันทึกข้อมูล (UTC)": "2026-09-27T17:00:00.000Z", "เวลาบันทึกข้อมูล (เวลาไทย)": null }, "geometry": { "type": "Point", "coordinates": [ 102.25467, 12.79196 ] } },
{ "type": "Feature", "properties": { "รหัสสถานี": "TG17", "ชื่อสถานี": "บ้านศรีวังมูล", "จังหวัด": "เชียงราย", "ระดับน้ำปัจจุบัน (ม.รทก.)": 1.6799927, "ระดับตลิ่ง (ม.รทก.)": null, "ระดับน้ำเทียบตลิ่ง (%)": 36.65, "แนวโน้มระดับน้ำ": "คงที่", "ระยะจากตลิ่ง (ม.)": "-3.56", "อัตราการไหล (ลบ.ม./วิ)": null, "% อัตราการไหล": null, "แนวโน้มอัตราการไหล": "คงที่", "Latitude": 19.8082, "Longitude": 99.7567, "เวลาบันทึกข้อมูล (UTC)": "2026-09-27T17:00:00.000Z", "เวลาบันทึกข้อมูล (เวลาไทย)": null }, "geometry": { "type": "Point", "coordinates": [ 99.7567, 19.8082 ] } },
{ "type": "Feature", "properties": { "รหัสสถานี": "Y.3A", "ชื่อสถานี": "บ้านวังขอนไม้", "จังหวัด": "สุโขทัย", "ระดับน้ำปัจจุบัน (ม.รทก.)": 3.45, "ระดับตลิ่ง (ม.รทก.)": null, "ระดับน้ำเทียบตลิ่ง (%)": 36.55, "แนวโน้มระดับน้ำ": "คงที่", "ระยะจากตลิ่ง (ม.)": "-7.55", "อัตราการไหล (ลบ.ม./วิ)": 185.22, "% อัตราการไหล": "16.39", "แนวโน้มอัตราการไหล": "คงที่", "Latitude": 17.30744, "Longitude": 99.82835, "เวลาบันทึกข้อมูล (UTC)": "2026-09-27T17:00:00.000Z", "เวลาบันทึกข้อมูล (เวลาไทย)": null }, "geometry": { "type": "Point", "coordinates": [ 99.82835, 17.30744 ] } },
{ "type": "Feature", "properties": { "รหัสสถานี": "TMN 05", "ชื่อสถานี": "ฝายราษีไศล", "จังหวัด": "ศรีสะเกษ", "ระดับน้ำปัจจุบัน (ม.รทก.)": 4.0999985, "ระดับตลิ่ง (ม.รทก.)": null, "ระดับน้ำเทียบตลิ่ง (%)": 36.44, "แนวโน้มระดับน้ำ": "คงที่", "ระยะจากตลิ่ง (ม.)": "-7.15", "อัตราการไหล (ลบ.ม./วิ)": null, "% อัตราการไหล": null, "แนวโน้มอัตราการไหล": "คงที่", "Latitude": 15.342538, "Longitude": 104.09924, "เวลาบันทึกข้อมูล (UTC)": "2026-09-27T17:00:00.000Z", "เวลาบันทึกข้อมูล (เวลาไทย)": null }, "geometry": { "type": "Point", "coordinates": [ 104.09924, 15.342538 ] } },
{ "type": "Feature", "properties": { "รหัสสถานี": "M.191", "ชื่อสถานี": "บ้านโคกกรวด", "จังหวัด": "นครราชสีมา", "ระดับน้ำปัจจุบัน (ม.รทก.)": 1.35, "ระดับตลิ่ง (ม.รทก.)": null, "ระดับน้ำเทียบตลิ่ง (%)": 36.39, "แนวโน้มระดับน้ำ": "คงที่", "ระยะจากตลิ่ง (ม.)": "-2.15", "อัตราการไหล (ลบ.ม./วิ)": 1.4, "% อัตราการไหล": "3.33", "แนวโน้มอัตราการไหล": "คงที่", "Latitude": 14.93281, "Longitude": 101.95189, "เวลาบันทึกข้อมูล (UTC)": "2026-09-27T17:00:00.000Z", "เวลาบันทึกข้อมูล (เวลาไทย)": null }, "geometry": { "type": "Point", "coordinates": [ 101.95189, 14.93281 ] } },
{ "type": "Feature", "properties": { "รหัสสถานี": "TY.48", "ชื่อสถานี": "บ้านแฮะ จ.พะเยา", "จังหวัด": "พะเยา", "ระดับน้ำปัจจุบัน (ม.รทก.)": 1.0500183, "ระดับตลิ่ง (ม.รทก.)": null, "ระดับน้ำเทียบตลิ่ง (%)": 36.27, "แนวโน้มระดับน้ำ": "คงที่", "ระยะจากตลิ่ง (ม.)": "-3.62", "อัตราการไหล (ลบ.ม./วิ)": null, "% อัตราการไหล": null, "แนวโน้มอัตราการไหล": "คงที่", "Latitude": 19.302908, "Longitude": 100.3906, "เวลาบันทึกข้อมูล (UTC)": "2026-09-27T17:00:00.000Z", "เวลาบันทึกข้อมูล (เวลาไทย)": null }, "geometry": { "type": "Point", "coordinates": [ 100.3906, 19.302908 ] } },
{ "type": "Feature", "properties": { "รหัสสถานี": "TSW.05", "ชื่อสถานี": "บ้านแม่กึ๊ดสามท่า", "จังหวัด": "ตาก", "ระดับน้ำปัจจุบัน (ม.รทก.)": 3.600006, "ระดับตลิ่ง (ม.รทก.)": null, "ระดับน้ำเทียบตลิ่ง (%)": 35.89, "แนวโน้มระดับน้ำ": "เพิ่มขึ้น", "ระยะจากตลิ่ง (ม.)": "-6.43", "อัตราการไหล (ลบ.ม./วิ)": null, "% อัตราการไหล": null, "แนวโน้มอัตราการไหล": "คงที่", "Latitude": 16.835852, "Longitude": 98.59166, "เวลาบันทึกข้อมูล (UTC)": "2026-09-27T17:00:00.000Z", "เวลาบันทึกข้อมูล (เวลาไทย)": null }, "geometry": { "type": "Point", "coordinates": [ 98.59166, 16.835852 ] } },
{ "type": "Feature", "properties": { "รหัสสถานี": "TTP03", "ชื่อสถานี": "บ้านวังตลับ", "จังหวัด": "นครศรีธรรมราช", "ระดับน้ำปัจจุบัน (ม.รทก.)": 6.28, "ระดับตลิ่ง (ม.รทก.)": null, "ระดับน้ำเทียบตลิ่ง (%)": 35.62, "แนวโน้มระดับน้ำ": "เพิ่มขึ้น", "ระยะจากตลิ่ง (ม.)": "-11.35", "อัตราการไหล (ลบ.ม./วิ)": null, "% อัตราการไหล": null, "แนวโน้มอัตราการไหล": "คงที่", "Latitude": 8.398225, "Longitude": 99.34655, "เวลาบันทึกข้อมูล (UTC)": "2026-09-27T17:00:00.000Z", "เวลาบันทึกข้อมูล (เวลาไทย)": null }, "geometry": { "type": "Point", "coordinates": [ 99.34655, 8.398225 ] } },
{ "type": "Feature", "properties": { "รหัสสถานี": "Kh.72", "ชื่อสถานี": "บ้านแม่คำหลักเจ็ด", "จังหวัด": "เชียงราย", "ระดับน้ำปัจจุบัน (ม.รทก.)": 1.72, "ระดับตลิ่ง (ม.รทก.)": null, "ระดับน้ำเทียบตลิ่ง (%)": 34.66, "แนวโน้มระดับน้ำ": "คงที่", "ระยะจากตลิ่ง (ม.)": "-3.28", "อัตราการไหล (ลบ.ม./วิ)": 22.58, "% อัตราการไหล": "13.20", "แนวโน้มอัตราการไหล": "เพิ่มขึ้น", "Latitude": 20.21836, "Longitude": 99.85699, "เวลาบันทึกข้อมูล (UTC)": "2026-09-27T17:00:00.000Z", "เวลาบันทึกข้อมูล (เวลาไทย)": null }, "geometry": { "type": "Point", "coordinates": [ 99.85699, 20.21836 ] } },
{ "type": "Feature", "properties": { "รหัสสถานี": "P.2A", "ชื่อสถานี": "บ้านท่าแค", "จังหวัด": "ตาก", "ระดับน้ำปัจจุบัน (ม.รทก.)": 1.04, "ระดับตลิ่ง (ม.รทก.)": null, "ระดับน้ำเทียบตลิ่ง (%)": 33.98, "แนวโน้มระดับน้ำ": "เพิ่มขึ้น", "ระยะจากตลิ่ง (ม.)": "-4.74", "อัตราการไหล (ลบ.ม./วิ)": 290.5, "% อัตราการไหล": "11.17", "แนวโน้มอัตราการไหล": "เพิ่มขึ้น", "Latitude": 16.85456, "Longitude": 99.12301, "เวลาบันทึกข้อมูล (UTC)": "2026-09-27T17:00:00.000Z", "เวลาบันทึกข้อมูล (เวลาไทย)": null }, "geometry": { "type": "Point", "coordinates": [ 99.12301, 16.85456 ] } },
{ "type": "Feature", "properties": { "รหัสสถานี": "N.73", "ชื่อสถานี": "บ้านทานตะวัน", "จังหวัด": "เพชรบูรณ์", "ระดับน้ำปัจจุบัน (ม.รทก.)": 2.95, "ระดับตลิ่ง (ม.รทก.)": null, "ระดับน้ำเทียบตลิ่ง (%)": 33.82, "แนวโน้มระดับน้ำ": "เพิ่มขึ้น", "ระยะจากตลิ่ง (ม.)": "-6.26", "อัตราการไหล (ลบ.ม./วิ)": 21.61, "% อัตราการไหล": "11.74", "แนวโน้มอัตราการไหล": "เพิ่มขึ้น", "Latitude": 16.56912, "Longitude": 100.89178, "เวลาบันทึกข้อมูล (UTC)": "2026-09-27T17:00:00.000Z", "เวลาบันทึกข้อมูล (เวลาไทย)": null }, "geometry": { "type": "Point", "coordinates": [ 100.89178, 16.56912 ] } },
{ "type": "Feature", "properties": { "รหัสสถานี": "TY.46", "ชื่อสถานี": "บ้านวังยาว จ.น่าน", "จังหวัด": "น่าน", "ระดับน้ำปัจจุบัน (ม.รทก.)": 1.0599976, "ระดับตลิ่ง (ม.รทก.)": null, "ระดับน้ำเทียบตลิ่ง (%)": 33.78, "แนวโน้มระดับน้ำ": "เพิ่มขึ้น", "ระยะจากตลิ่ง (ม.)": "-1.49", "อัตราการไหล (ลบ.ม./วิ)": null, "% อัตราการไหล": null, "แนวโน้มอัตราการไหล": "คงที่", "Latitude": 18.843086, "Longitude": 100.42747, "เวลาบันทึกข้อมูล (UTC)": "2026-09-27T17:00:00.000Z", "เวลาบันทึกข้อมูล (เวลาไทย)": null }, "geometry": { "type": "Point", "coordinates": [ 100.42747, 18.843086 ] } },
{ "type": "Feature", "properties": { "รหัสสถานี": "S.33", "ชื่อสถานี": "ต.ตาดกลอย", "จังหวัด": "เพชรบูรณ์", "ระดับน้ำปัจจุบัน (ม.รทก.)": 3.53, "ระดับตลิ่ง (ม.รทก.)": null, "ระดับน้ำเทียบตลิ่ง (%)": 33.63, "แนวโน้มระดับน้ำ": "ลดลง", "ระยะจากตลิ่ง (ม.)": "-5.31", "อัตราการไหล (ลบ.ม./วิ)": 9.51, "% อัตราการไหล": "2.29", "แนวโน้มอัตราการไหล": "ลดลง", "Latitude": 17.00406, "Longitude": 101.35289, "เวลาบันทึกข้อมูล (UTC)": "2026-09-27T17:00:00.000Z", "เวลาบันทึกข้อมูล (เวลาไทย)": null }, "geometry": { "type": "Point", "coordinates": [ 101.35289, 17.00406 ] } },
{ "type": "Feature", "properties": { "รหัสสถานี": "TKH.121", "ชื่อสถานี": "ศูนย์การเรียนรู้ อบต.เตาไห", "จังหวัด": "อุดรธานี", "ระดับน้ำปัจจุบัน (ม.รทก.)": 4.8400116, "ระดับตลิ่ง (ม.รทก.)": null, "ระดับน้ำเทียบตลิ่ง (%)": 33.04, "แนวโน้มระดับน้ำ": "คงที่", "ระยะจากตลิ่ง (ม.)": "-9.81", "อัตราการไหล (ลบ.ม./วิ)": null, "% อัตราการไหล": null, "แนวโน้มอัตราการไหล": "คงที่", "Latitude": 17.638449, "Longitude": 103.09881, "เวลาบันทึกข้อมูล (UTC)": "2026-09-27T17:00:00.000Z", "เวลาบันทึกข้อมูล (เวลาไทย)": null }, "geometry": { "type": "Point", "coordinates": [ 103.09881, 17.638449 ] } },
{ "type": "Feature", "properties": { "รหัสสถานี": "TG15", "ชื่อสถานี": "บ้านสันกลาง", "จังหวัด": "เชียงราย", "ระดับน้ำปัจจุบัน (ม.รทก.)": 0.4500122, "ระดับตลิ่ง (ม.รทก.)": null, "ระดับน้ำเทียบตลิ่ง (%)": 32.58, "แนวโน้มระดับน้ำ": "คงที่", "ระยะจากตลิ่ง (ม.)": "-2.09", "อัตราการไหล (ลบ.ม./วิ)": null, "% อัตราการไหล": null, "แนวโน้มอัตราการไหล": "คงที่", "Latitude": 19.66868, "Longitude": 99.5412, "เวลาบันทึกข้อมูล (UTC)": "2026-09-27T17:00:00.000Z", "เวลาบันทึกข้อมูล (เวลาไทย)": null }, "geometry": { "type": "Point", "coordinates": [ 99.5412, 19.66868 ] } },
{ "type": "Feature", "properties": { "รหัสสถานี": "Tkol.19", "ชื่อสถานี": "ปตร.ปลายคลองโต๊ะแดง", "จังหวัด": "นราธิวาส", "ระดับน้ำปัจจุบัน (ม.รทก.)": 0.4, "ระดับตลิ่ง (ม.รทก.)": null, "ระดับน้ำเทียบตลิ่ง (%)": 32.56, "แนวโน้มระดับน้ำ": "ลดลง", "ระยะจากตลิ่ง (ม.)": "-2.90", "อัตราการไหล (ลบ.ม./วิ)": null, "% อัตราการไหล": null, "แนวโน้มอัตราการไหล": "คงที่", "Latitude": 6.1586, "Longitude": 102.0565, "เวลาบันทึกข้อมูล (UTC)": "2026-09-27T17:00:00.000Z", "เวลาบันทึกข้อมูล (เวลาไทย)": null }, "geometry": { "type": "Point", "coordinates": [ 102.0565, 6.1586 ] } },
{ "type": "Feature", "properties": { "รหัสสถานี": "M.6A", "ชื่อสถานี": "บ้านสตึก", "จังหวัด": "สุรินทร์", "ระดับน้ำปัจจุบัน (ม.รทก.)": 1.19, "ระดับตลิ่ง (ม.รทก.)": null, "ระดับน้ำเทียบตลิ่ง (%)": 32.44, "แนวโน้มระดับน้ำ": "ลดลง", "ระยะจากตลิ่ง (ม.)": "-6.81", "อัตราการไหล (ลบ.ม./วิ)": 25.0, "% อัตราการไหล": "2.02", "แนวโน้มอัตราการไหล": "ลดลง", "Latitude": 15.30003, "Longitude": 103.29228, "เวลาบันทึกข้อมูล (UTC)": "2026-09-27T17:00:00.000Z", "เวลาบันทึกข้อมูล (เวลาไทย)": null }, "geometry": { "type": "Point", "coordinates": [ 103.29228, 15.30003 ] } },
{ "type": "Feature", "properties": { "รหัสสถานี": "Y.6A", "ชื่อสถานี": "บ้านป่ากล้วย", "จังหวัด": "สุโขทัย", "ระดับน้ำปัจจุบัน (ม.รทก.)": 3.79, "ระดับตลิ่ง (ม.รทก.)": null, "ระดับน้ำเทียบตลิ่ง (%)": 32.43, "แนวโน้มระดับน้ำ": "เพิ่มขึ้น", "ระยะจากตลิ่ง (ม.)": "-7.75", "อัตราการไหล (ลบ.ม./วิ)": null, "% อัตราการไหล": null, "แนวโน้มอัตราการไหล": "คงที่", "Latitude": 17.43114, "Longitude": 99.80126, "เวลาบันทึกข้อมูล (UTC)": "2026-09-27T17:00:00.000Z", "เวลาบันทึกข้อมูล (เวลาไทย)": null }, "geometry": { "type": "Point", "coordinates": [ 99.80126, 17.43114 ] } },
{ "type": "Feature", "properties": { "รหัสสถานี": "TY.43", "ชื่อสถานี": "วัดวังเคียน จ.แพร่", "จังหวัด": "แพร่", "ระดับน้ำปัจจุบัน (ม.รทก.)": 3.909996, "ระดับตลิ่ง (ม.รทก.)": null, "ระดับน้ำเทียบตลิ่ง (%)": 32.26, "แนวโน้มระดับน้ำ": "ลดลง", "ระยะจากตลิ่ง (ม.)": "-9.93", "อัตราการไหล (ลบ.ม./วิ)": null, "% อัตราการไหล": null, "แนวโน้มอัตราการไหล": "คงที่", "Latitude": 18.044664, "Longitude": 99.800804, "เวลาบันทึกข้อมูล (UTC)": "2026-09-27T17:00:00.000Z", "เวลาบันทึกข้อมูล (เวลาไทย)": null }, "geometry": { "type": "Point", "coordinates": [ 99.800804, 18.044664 ] } },
{ "type": "Feature", "properties": { "รหัสสถานี": "TUP.19", "ชื่อสถานี": "สถานีคลองส่งน้ำแม่แตง", "จังหวัด": "เชียงใหม่", "ระดับน้ำปัจจุบัน (ม.รทก.)": 1.1900024, "ระดับตลิ่ง (ม.รทก.)": null, "ระดับน้ำเทียบตลิ่ง (%)": 32.15, "แนวโน้มระดับน้ำ": "เพิ่มขึ้น", "ระยะจากตลิ่ง (ม.)": "-2.49", "อัตราการไหล (ลบ.ม./วิ)": null, "% อัตราการไหล": null, "แนวโน้มอัตราการไหล": "คงที่", "Latitude": 18.804512, "Longitude": 98.95976, "เวลาบันทึกข้อมูล (UTC)": "2026-09-27T17:00:00.000Z", "เวลาบันทึกข้อมูล (เวลาไทย)": null }, "geometry": { "type": "Point", "coordinates": [ 98.95976, 18.804512 ] } },
{ "type": "Feature", "properties": { "รหัสสถานี": "N.22A", "ชื่อสถานี": "บ้านท่างาม", "จังหวัด": "พิษณุโลก", "ระดับน้ำปัจจุบัน (ม.รทก.)": 1.08, "ระดับตลิ่ง (ม.รทก.)": null, "ระดับน้ำเทียบตลิ่ง (%)": 31.9, "แนวโน้มระดับน้ำ": "ลดลง", "ระยะจากตลิ่ง (ม.)": "-6.45", "อัตราการไหล (ลบ.ม./วิ)": 33.73, "% อัตราการไหล": "8.27", "แนวโน้มอัตราการไหล": "ลดลง", "Latitude": 16.99887, "Longitude": 100.32663, "เวลาบันทึกข้อมูล (UTC)": "2026-09-27T17:00:00.000Z", "เวลาบันทึกข้อมูล (เวลาไทย)": null }, "geometry": { "type": "Point", "coordinates": [ 100.32663, 16.99887 ] } },
{ "type": "Feature", "properties": { "รหัสสถานี": "W.10B", "ชื่อสถานี": "บ้านแลง", "จังหวัด": "ลำปาง", "ระดับน้ำปัจจุบัน (ม.รทก.)": 2.07, "ระดับตลิ่ง (ม.รทก.)": null, "ระดับน้ำเทียบตลิ่ง (%)": 31.25, "แนวโน้มระดับน้ำ": "คงที่", "ระยะจากตลิ่ง (ม.)": "-4.53", "อัตราการไหล (ลบ.ม./วิ)": 8.8, "% อัตราการไหล": "2.02", "แนวโน้มอัตราการไหล": "คงที่", "Latitude": 18.51882, "Longitude": 99.63, "เวลาบันทึกข้อมูล (UTC)": "2026-09-27T17:00:00.000Z", "เวลาบันทึกข้อมูล (เวลาไทย)": null }, "geometry": { "type": "Point", "coordinates": [ 99.63, 18.51882 ] } },
{ "type": "Feature", "properties": { "รหัสสถานี": "TP1 (TX.185)", "ชื่อสถานี": "วัดนิกรวราราม (ย่านยาว)", "จังหวัด": "พังงา", "ระดับน้ำปัจจุบัน (ม.รทก.)": 2.25, "ระดับตลิ่ง (ม.รทก.)": null, "ระดับน้ำเทียบตลิ่ง (%)": 31.21, "แนวโน้มระดับน้ำ": "ลดลง", "ระยะจากตลิ่ง (ม.)": "-4.96", "อัตราการไหล (ลบ.ม./วิ)": null, "% อัตราการไหล": null, "แนวโน้มอัตราการไหล": "คงที่", "Latitude": 8.868464, "Longitude": 98.34875, "เวลาบันทึกข้อมูล (UTC)": "2026-09-27T17:00:00.000Z", "เวลาบันทึกข้อมูล (เวลาไทย)": null }, "geometry": { "type": "Point", "coordinates": [ 98.34875, 8.868464 ] } },
{ "type": "Feature", "properties": { "รหัสสถานี": "TSL27", "ชื่อสถานี": "ปตร.คลอง 1ซ-ร1", "จังหวัด": "สงขลา", "ระดับน้ำปัจจุบัน (ม.รทก.)": 1.56, "ระดับตลิ่ง (ม.รทก.)": null, "ระดับน้ำเทียบตลิ่ง (%)": 30.9, "แนวโน้มระดับน้ำ": "ลดลง", "ระยะจากตลิ่ง (ม.)": "-4.74", "อัตราการไหล (ลบ.ม./วิ)": null, "% อัตราการไหล": null, "แนวโน้มอัตราการไหล": "คงที่", "Latitude": 7.008409, "Longitude": 100.4421, "เวลาบันทึกข้อมูล (UTC)": "2026-09-27T17:00:00.000Z", "เวลาบันทึกข้อมูล (เวลาไทย)": null }, "geometry": { "type": "Point", "coordinates": [ 100.4421, 7.008409 ] } },
{ "type": "Feature", "properties": { "รหัสสถานี": "TSW.06", "ชื่อสถานี": "บ้านวังผา", "จังหวัด": "ตาก", "ระดับน้ำปัจจุบัน (ม.รทก.)": 2.3600006, "ระดับตลิ่ง (ม.รทก.)": null, "ระดับน้ำเทียบตลิ่ง (%)": 30.7, "แนวโน้มระดับน้ำ": "คงที่", "ระยะจากตลิ่ง (ม.)": "-8.06", "อัตราการไหล (ลบ.ม./วิ)": null, "% อัตราการไหล": null, "แนวโน้มอัตราการไหล": "คงที่", "Latitude": 16.830551, "Longitude": 98.53908, "เวลาบันทึกข้อมูล (UTC)": "2026-09-27T17:00:00.000Z", "เวลาบันทึกข้อมูล (เวลาไทย)": null }, "geometry": { "type": "Point", "coordinates": [ 98.53908, 16.830551 ] } },
{ "type": "Feature", "properties": { "รหัสสถานี": "TG06", "ชื่อสถานี": "บ้านป่าย้าง", "จังหวัด": "เชียงราย", "ระดับน้ำปัจจุบัน (ม.รทก.)": 1.5, "ระดับตลิ่ง (ม.รทก.)": null, "ระดับน้ำเทียบตลิ่ง (%)": 30.7, "แนวโน้มระดับน้ำ": "เพิ่มขึ้น", "ระยะจากตลิ่ง (ม.)": "-4.38", "อัตราการไหล (ลบ.ม./วิ)": null, "% อัตราการไหล": null, "แนวโน้มอัตราการไหล": "คงที่", "Latitude": 19.835882, "Longitude": 99.808464, "เวลาบันทึกข้อมูล (UTC)": "2026-09-27T17:00:00.000Z", "เวลาบันทึกข้อมูล (เวลาไทย)": null }, "geometry": { "type": "Point", "coordinates": [ 99.808464, 19.835882 ] } },
{ "type": "Feature", "properties": { "รหัสสถานี": "W.3A", "ชื่อสถานี": "บ้านดอนชัย", "จังหวัด": "ลำปาง", "ระดับน้ำปัจจุบัน (ม.รทก.)": 0.15, "ระดับตลิ่ง (ม.รทก.)": null, "ระดับน้ำเทียบตลิ่ง (%)": 30.6, "แนวโน้มระดับน้ำ": "คงที่", "ระยะจากตลิ่ง (ม.)": "-4.65", "อัตราการไหล (ลบ.ม./วิ)": 62.75, "% อัตราการไหล": "7.38", "แนวโน้มอัตราการไหล": "คงที่", "Latitude": 17.64149, "Longitude": 99.23201, "เวลาบันทึกข้อมูล (UTC)": "2026-09-27T17:00:00.000Z", "เวลาบันทึกข้อมูล (เวลาไทย)": null }, "geometry": { "type": "Point", "coordinates": [ 99.23201, 17.64149 ] } },
{ "type": "Feature", "properties": { "รหัสสถานี": "P.81", "ชื่อสถานี": "บ้านโป่ง", "จังหวัด": "เชียงใหม่", "ระดับน้ำปัจจุบัน (ม.รทก.)": 1.93, "ระดับตลิ่ง (ม.รทก.)": null, "ระดับน้ำเทียบตลิ่ง (%)": 30.51, "แนวโน้มระดับน้ำ": "คงที่", "ระยะจากตลิ่ง (ม.)": "-3.87", "อัตราการไหล (ลบ.ม./วิ)": 9.25, "% อัตราการไหล": "9.07", "แนวโน้มอัตราการไหล": "คงที่", "Latitude": 18.69521, "Longitude": 99.07875, "เวลาบันทึกข้อมูล (UTC)": "2026-09-27T17:00:00.000Z", "เวลาบันทึกข้อมูล (เวลาไทย)": null }, "geometry": { "type": "Point", "coordinates": [ 99.07875, 18.69521 ] } },
{ "type": "Feature", "properties": { "รหัสสถานี": "Tkol.24", "ชื่อสถานี": "ทรบ.คลองระบายสายที่ 13", "จังหวัด": "นราธิวาส", "ระดับน้ำปัจจุบัน (ม.รทก.)": 0.2, "ระดับตลิ่ง (ม.รทก.)": null, "ระดับน้ำเทียบตลิ่ง (%)": 30.43, "แนวโน้มระดับน้ำ": "คงที่", "ระยะจากตลิ่ง (ม.)": "-1.60", "อัตราการไหล (ลบ.ม./วิ)": null, "% อัตราการไหล": null, "แนวโน้มอัตราการไหล": "คงที่", "Latitude": 6.20995, "Longitude": 102.014435, "เวลาบันทึกข้อมูล (UTC)": "2026-09-27T17:00:00.000Z", "เวลาบันทึกข้อมูล (เวลาไทย)": null }, "geometry": { "type": "Point", "coordinates": [ 102.014435, 6.20995 ] } },
{ "type": "Feature", "properties": { "รหัสสถานี": "Kh.89", "ชื่อสถานี": "บ้านหัวสะพาน", "จังหวัด": "เชียงราย", "ระดับน้ำปัจจุบัน (ม.รทก.)": 0.66, "ระดับตลิ่ง (ม.รทก.)": null, "ระดับน้ำเทียบตลิ่ง (%)": 30.32, "แนวโน้มระดับน้ำ": "คงที่", "ระยะจากตลิ่ง (ม.)": "-1.54", "อัตราการไหล (ลบ.ม./วิ)": 3.05, "% อัตราการไหล": "4.62", "แนวโน้มอัตราการไหล": "คงที่", "Latitude": 20.15753, "Longitude": 99.8596, "เวลาบันทึกข้อมูล (UTC)": "2026-09-27T17:00:00.000Z", "เวลาบันทึกข้อมูล (เวลาไทย)": null }, "geometry": { "type": "Point", "coordinates": [ 99.8596, 20.15753 ] } },
{ "type": "Feature", "properties": { "รหัสสถานี": "TKH.128", "ชื่อสถานี": "อบต. บ้านแมด", "จังหวัด": "อุดรธานี", "ระดับน้ำปัจจุบัน (ม.รทก.)": 1.8800049, "ระดับตลิ่ง (ม.รทก.)": null, "ระดับน้ำเทียบตลิ่ง (%)": 30.03, "แนวโน้มระดับน้ำ": "คงที่", "ระยะจากตลิ่ง (ม.)": "-4.38", "อัตราการไหล (ลบ.ม./วิ)": null, "% อัตราการไหล": null, "แนวโน้มอัตราการไหล": "คงที่", "Latitude": 17.445194, "Longitude": 102.85453, "เวลาบันทึกข้อมูล (UTC)": "2026-09-27T17:00:00.000Z", "เวลาบันทึกข้อมูล (เวลาไทย)": null }, "geometry": { "type": "Point", "coordinates": [ 102.85453, 17.445194 ] } },
{ "type": "Feature", "properties": { "รหัสสถานี": "E.87", "ชื่อสถานี": "บ้านวังหิน", "จังหวัด": "กาฬสินธุ์", "ระดับน้ำปัจจุบัน (ม.รทก.)": 2.96, "ระดับตลิ่ง (ม.รทก.)": null, "ระดับน้ำเทียบตลิ่ง (%)": 29.96, "แนวโน้มระดับน้ำ": "คงที่", "ระยะจากตลิ่ง (ม.)": "-5.54", "อัตราการไหล (ลบ.ม./วิ)": 58.92, "% อัตราการไหล": "21.04", "แนวโน้มอัตราการไหล": "คงที่", "Latitude": 16.34078, "Longitude": 103.57701, "เวลาบันทึกข้อมูล (UTC)": "2026-09-27T17:00:00.000Z", "เวลาบันทึกข้อมูล (เวลาไทย)": null }, "geometry": { "type": "Point", "coordinates": [ 103.57701, 16.34078 ] } },
{ "type": "Feature", "properties": { "รหัสสถานี": "Gt.9", "ชื่อสถานี": "บ้านกลาง", "จังหวัด": "ประจวบคีรีขันธ์", "ระดับน้ำปัจจุบัน (ม.รทก.)": 1.05, "ระดับตลิ่ง (ม.รทก.)": null, "ระดับน้ำเทียบตลิ่ง (%)": 29.76, "แนวโน้มระดับน้ำ": "ลดลง", "ระยะจากตลิ่ง (ม.)": "-2.95", "อัตราการไหล (ลบ.ม./วิ)": 8.8, "% อัตราการไหล": "8.80", "แนวโน้มอัตราการไหล": "ลดลง", "Latitude": 11.49674, "Longitude": 99.6023, "เวลาบันทึกข้อมูล (UTC)": "2026-09-27T17:00:00.000Z", "เวลาบันทึกข้อมูล (เวลาไทย)": null }, "geometry": { "type": "Point", "coordinates": [ 99.6023, 11.49674 ] } },
{ "type": "Feature", "properties": { "รหัสสถานี": "TTP16", "ชื่อสถานี": "วัดตาขุน (X.38A)", "จังหวัด": "สุราษฎร์ธานี", "ระดับน้ำปัจจุบัน (ม.รทก.)": 4.81, "ระดับตลิ่ง (ม.รทก.)": null, "ระดับน้ำเทียบตลิ่ง (%)": 29.75, "แนวโน้มระดับน้ำ": "เพิ่มขึ้น", "ระยะจากตลิ่ง (ม.)": "-11.36", "อัตราการไหล (ลบ.ม./วิ)": null, "% อัตราการไหล": null, "แนวโน้มอัตราการไหล": "คงที่", "Latitude": 8.915404, "Longitude": 98.88632, "เวลาบันทึกข้อมูล (UTC)": "2026-09-27T17:00:00.000Z", "เวลาบันทึกข้อมูล (เวลาไทย)": null }, "geometry": { "type": "Point", "coordinates": [ 98.88632, 8.915404 ] } },
{ "type": "Feature", "properties": { "รหัสสถานี": "Y.1C", "ชื่อสถานี": "บ้านน้ำโค้ง", "จังหวัด": "แพร่", "ระดับน้ำปัจจุบัน (ม.รทก.)": 2.07, "ระดับตลิ่ง (ม.รทก.)": null, "ระดับน้ำเทียบตลิ่ง (%)": 29.3, "แนวโน้มระดับน้ำ": "ลดลง", "ระยะจากตลิ่ง (ม.)": "-6.13", "อัตราการไหล (ลบ.ม./วิ)": 118.6, "% อัตราการไหล": "11.38", "แนวโน้มอัตราการไหล": "ลดลง", "Latitude": 18.13391, "Longitude": 100.12464, "เวลาบันทึกข้อมูล (UTC)": "2026-09-27T17:00:00.000Z", "เวลาบันทึกข้อมูล (เวลาไทย)": null }, "geometry": { "type": "Point", "coordinates": [ 100.12464, 18.13391 ] } },
{ "type": "Feature", "properties": { "รหัสสถานี": "TTP24", "ชื่อสถานี": "สถานีบ้านมอเก็ต", "จังหวัด": "สุราษฎร์ธานี", "ระดับน้ำปัจจุบัน (ม.รทก.)": 3.21, "ระดับตลิ่ง (ม.รทก.)": null, "ระดับน้ำเทียบตลิ่ง (%)": 29.18, "แนวโน้มระดับน้ำ": "คงที่", "ระยะจากตลิ่ง (ม.)": "-7.79", "อัตราการไหล (ลบ.ม./วิ)": null, "% อัตราการไหล": null, "แนวโน้มอัตราการไหล": "คงที่", "Latitude": 8.701588, "Longitude": 99.26725, "เวลาบันทึกข้อมูล (UTC)": "2026-09-27T17:00:00.000Z", "เวลาบันทึกข้อมูล (เวลาไทย)": null }, "geometry": { "type": "Point", "coordinates": [ 99.26725, 8.701588 ] } },
{ "type": "Feature", "properties": { "รหัสสถานี": "LA03 (TX.333)", "ชื่อสถานี": "บ้านนาข่าเหนือ", "จังหวัด": "สตูล", "ระดับน้ำปัจจุบัน (ม.รทก.)": 3.49, "ระดับตลิ่ง (ม.รทก.)": null, "ระดับน้ำเทียบตลิ่ง (%)": 29.16, "แนวโน้มระดับน้ำ": "ลดลง", "ระยะจากตลิ่ง (ม.)": "-7.19", "อัตราการไหล (ลบ.ม./วิ)": null, "% อัตราการไหล": null, "แนวโน้มอัตราการไหล": "คงที่", "Latitude": 6.914998, "Longitude": 99.85133, "เวลาบันทึกข้อมูล (UTC)": "2026-09-27T17:00:00.000Z", "เวลาบันทึกข้อมูล (เวลาไทย)": null }, "geometry": { "type": "Point", "coordinates": [ 99.85133, 6.914998 ] } },
{ "type": "Feature", "properties": { "รหัสสถานี": "Gt.11", "ชื่อสถานี": "บ้านช้างแรก", "จังหวัด": "ประจวบคีรีขันธ์", "ระดับน้ำปัจจุบัน (ม.รทก.)": 0.95, "ระดับตลิ่ง (ม.รทก.)": null, "ระดับน้ำเทียบตลิ่ง (%)": 28.82, "แนวโน้มระดับน้ำ": "ลดลง", "ระยะจากตลิ่ง (ม.)": "-2.05", "อัตราการไหล (ลบ.ม./วิ)": 0.9, "% อัตราการไหล": "1.06", "แนวโน้มอัตราการไหล": "ลดลง", "Latitude": 11.06431, "Longitude": 99.37225, "เวลาบันทึกข้อมูล (UTC)": "2026-09-27T17:00:00.000Z", "เวลาบันทึกข้อมูล (เวลาไทย)": null }, "geometry": { "type": "Point", "coordinates": [ 99.37225, 11.06431 ] } },
{ "type": "Feature", "properties": { "รหัสสถานี": "TMN 12", "ชื่อสถานี": "ฝายลำเซบก", "จังหวัด": "อุบลราชธานี", "ระดับน้ำปัจจุบัน (ม.รทก.)": 3.540001, "ระดับตลิ่ง (ม.รทก.)": null, "ระดับน้ำเทียบตลิ่ง (%)": 28.55, "แนวโน้มระดับน้ำ": "ลดลง", "ระยะจากตลิ่ง (ม.)": "-8.86", "อัตราการไหล (ลบ.ม./วิ)": null, "% อัตราการไหล": null, "แนวโน้มอัตราการไหล": "คงที่", "Latitude": 15.427786, "Longitude": 105.05549, "เวลาบันทึกข้อมูล (UTC)": "2026-09-27T17:00:00.000Z", "เวลาบันทึกข้อมูล (เวลาไทย)": null }, "geometry": { "type": "Point", "coordinates": [ 105.05549, 15.427786 ] } },
{ "type": "Feature", "properties": { "รหัสสถานี": "TY.47", "ชื่อสถานี": "อำเภอปง จ.พะเยา", "จังหวัด": "พะเยา", "ระดับน้ำปัจจุบัน (ม.รทก.)": 0.8000183, "ระดับตลิ่ง (ม.รทก.)": null, "ระดับน้ำเทียบตลิ่ง (%)": 27.96, "แนวโน้มระดับน้ำ": "ลดลง", "ระยะจากตลิ่ง (ม.)": "-4.87", "อัตราการไหล (ลบ.ม./วิ)": null, "% อัตราการไหล": null, "แนวโน้มอัตราการไหล": "คงที่", "Latitude": 19.150734, "Longitude": 100.275246, "เวลาบันทึกข้อมูล (UTC)": "2026-09-27T17:00:00.000Z", "เวลาบันทึกข้อมูล (เวลาไทย)": null }, "geometry": { "type": "Point", "coordinates": [ 100.275246, 19.150734 ] } },
{ "type": "Feature", "properties": { "รหัสสถานี": "P.75", "ชื่อสถานี": "บ้านช่อแล", "จังหวัด": "เชียงใหม่", "ระดับน้ำปัจจุบัน (ม.รทก.)": 0.56, "ระดับตลิ่ง (ม.รทก.)": null, "ระดับน้ำเทียบตลิ่ง (%)": 27.82, "แนวโน้มระดับน้ำ": "คงที่", "ระยะจากตลิ่ง (ม.)": "-3.14", "อัตราการไหล (ลบ.ม./วิ)": 18.3, "% อัตราการไหล": "8.71", "แนวโน้มอัตราการไหล": "คงที่", "Latitude": 19.14599, "Longitude": 99.00733, "เวลาบันทึกข้อมูล (UTC)": "2026-09-27T17:00:00.000Z", "เวลาบันทึกข้อมูล (เวลาไทย)": null }, "geometry": { "type": "Point", "coordinates": [ 99.00733, 19.14599 ] } },
{ "type": "Feature", "properties": { "รหัสสถานี": "Y.14B", "ชื่อสถานี": "บ้านป่างิ้ว", "จังหวัด": "สุโขทัย", "ระดับน้ำปัจจุบัน (ม.รทก.)": 2.64, "ระดับตลิ่ง (ม.รทก.)": null, "ระดับน้ำเทียบตลิ่ง (%)": 27.59, "แนวโน้มระดับน้ำ": "เพิ่มขึ้น", "ระยะจากตลิ่ง (ม.)": "-8.66", "อัตราการไหล (ลบ.ม./วิ)": 241.4, "% อัตราการไหล": "10.52", "แนวโน้มอัตราการไหล": "เพิ่มขึ้น", "Latitude": 17.59552, "Longitude": 99.7163, "เวลาบันทึกข้อมูล (UTC)": "2026-09-27T17:00:00.000Z", "เวลาบันทึกข้อมูล (เวลาไทย)": null }, "geometry": { "type": "Point", "coordinates": [ 99.7163, 17.59552 ] } },
{ "type": "Feature", "properties": { "รหัสสถานี": "TG16", "ชื่อสถานี": "ท่าก่อบง", "จังหวัด": "เชียงราย", "ระดับน้ำปัจจุบัน (ม.รทก.)": 0.05999756, "ระดับตลิ่ง (ม.รทก.)": null, "ระดับน้ำเทียบตลิ่ง (%)": 27.48, "แนวโน้มระดับน้ำ": "ลดลง", "ระยะจากตลิ่ง (ม.)": "-4.09", "อัตราการไหล (ลบ.ม./วิ)": null, "% อัตราการไหล": null, "แนวโน้มอัตราการไหล": "คงที่", "Latitude": 20.125694, "Longitude": 100.03028, "เวลาบันทึกข้อมูล (UTC)": "2026-09-27T17:00:00.000Z", "เวลาบันทึกข้อมูล (เวลาไทย)": null }, "geometry": { "type": "Point", "coordinates": [ 100.03028, 20.125694 ] } },
{ "type": "Feature", "properties": { "รหัสสถานี": "N.39", "ชื่อสถานี": "บ้านฟากท่า", "จังหวัด": "อุตรดิตถ์", "ระดับน้ำปัจจุบัน (ม.รทก.)": 1.01, "ระดับตลิ่ง (ม.รทก.)": null, "ระดับน้ำเทียบตลิ่ง (%)": 26.96, "แนวโน้มระดับน้ำ": "คงที่", "ระยะจากตลิ่ง (ม.)": "-3.99", "อัตราการไหล (ลบ.ม./วิ)": null, "% อัตราการไหล": null, "แนวโน้มอัตราการไหล": "คงที่", "Latitude": 17.99702, "Longitude": 100.87909, "เวลาบันทึกข้อมูล (UTC)": "2026-09-27T17:00:00.000Z", "เวลาบันทึกข้อมูล (เวลาไทย)": null }, "geometry": { "type": "Point", "coordinates": [ 100.87909, 17.99702 ] } },
{ "type": "Feature", "properties": { "รหัสสถานี": "M.177", "ชื่อสถานี": "บ้านลาดบัวขาว", "จังหวัด": "นครราชสีมา", "ระดับน้ำปัจจุบัน (ม.รทก.)": 2.42, "ระดับตลิ่ง (ม.รทก.)": null, "ระดับน้ำเทียบตลิ่ง (%)": 26.92, "แนวโน้มระดับน้ำ": "ลดลง", "ระยะจากตลิ่ง (ม.)": "-4.18", "อัตราการไหล (ลบ.ม./วิ)": 5.16, "% อัตราการไหล": "4.91", "แนวโน้มอัตราการไหล": "ลดลง", "Latitude": 14.85019, "Longitude": 101.61679, "เวลาบันทึกข้อมูล (UTC)": "2026-09-27T17:00:00.000Z", "เวลาบันทึกข้อมูล (เวลาไทย)": null }, "geometry": { "type": "Point", "coordinates": [ 101.61679, 14.85019 ] } },
{ "type": "Feature", "properties": { "รหัสสถานี": "TP.108", "ชื่อสถานี": "บ้านแม่ปั๋ง", "จังหวัด": "เชียงใหม่", "ระดับน้ำปัจจุบัน (ม.รทก.)": 1.3599854, "ระดับตลิ่ง (ม.รทก.)": null, "ระดับน้ำเทียบตลิ่ง (%)": 26.82, "แนวโน้มระดับน้ำ": "คงที่", "ระยะจากตลิ่ง (ม.)": "-1.91", "อัตราการไหล (ลบ.ม./วิ)": null, "% อัตราการไหล": null, "แนวโน้มอัตราการไหล": "คงที่", "Latitude": 19.213799, "Longitude": 99.18452, "เวลาบันทึกข้อมูล (UTC)": "2026-09-27T17:00:00.000Z", "เวลาบันทึกข้อมูล (เวลาไทย)": null }, "geometry": { "type": "Point", "coordinates": [ 99.18452, 19.213799 ] } },
{ "type": "Feature", "properties": { "รหัสสถานี": "TE.103", "ชื่อสถานี": "(บ้านโนนสมอ)", "จังหวัด": "ชัยภูมิ", "ระดับน้ำปัจจุบัน (ม.รทก.)": 1.2900085, "ระดับตลิ่ง (ม.รทก.)": null, "ระดับน้ำเทียบตลิ่ง (%)": 26.76, "แนวโน้มระดับน้ำ": "เพิ่มขึ้น", "ระยะจากตลิ่ง (ม.)": "-3.53", "อัตราการไหล (ลบ.ม./วิ)": null, "% อัตราการไหล": null, "แนวโน้มอัตราการไหล": "คงที่", "Latitude": 15.821446, "Longitude": 102.03449, "เวลาบันทึกข้อมูล (UTC)": "2026-09-27T17:00:00.000Z", "เวลาบันทึกข้อมูล (เวลาไทย)": null }, "geometry": { "type": "Point", "coordinates": [ 102.03449, 15.821446 ] } },
{ "type": "Feature", "properties": { "รหัสสถานี": "N.12A", "ชื่อสถานี": "บ้านหาดไผ่", "จังหวัด": "อุตรดิตถ์", "ระดับน้ำปัจจุบัน (ม.รทก.)": 2.67, "ระดับตลิ่ง (ม.รทก.)": null, "ระดับน้ำเทียบตลิ่ง (%)": 26.39, "แนวโน้มระดับน้ำ": "ลดลง", "ระยะจากตลิ่ง (ม.)": "-9.79", "อัตราการไหล (ลบ.ม./วิ)": 275.5, "% อัตราการไหล": "9.18", "แนวโน้มอัตราการไหล": "ลดลง", "Latitude": 17.73687, "Longitude": 100.53159, "เวลาบันทึกข้อมูล (UTC)": "2026-09-27T17:00:00.000Z", "เวลาบันทึกข้อมูล (เวลาไทย)": null }, "geometry": { "type": "Point", "coordinates": [ 100.53159, 17.73687 ] } },
{ "type": "Feature", "properties": { "รหัสสถานี": "M.183B", "ชื่อสถานี": "บ้านคลองหินลับ", "จังหวัด": "นครราชสีมา", "ระดับน้ำปัจจุบัน (ม.รทก.)": 1.61, "ระดับตลิ่ง (ม.รทก.)": null, "ระดับน้ำเทียบตลิ่ง (%)": 25.59, "แนวโน้มระดับน้ำ": "ลดลง", "ระยะจากตลิ่ง (ม.)": "-4.39", "อัตราการไหล (ลบ.ม./วิ)": 6.48, "% อัตราการไหล": "6.75", "แนวโน้มอัตราการไหล": "ลดลง", "Latitude": 14.72852, "Longitude": 101.56429, "เวลาบันทึกข้อมูล (UTC)": "2026-09-27T17:00:00.000Z", "เวลาบันทึกข้อมูล (เวลาไทย)": null }, "geometry": { "type": "Point", "coordinates": [ 101.56429, 14.72852 ] } },
{ "type": "Feature", "properties": { "รหัสสถานี": "S.28", "ชื่อสถานี": "ท้ายเขื่อนป่าสักชลสิทธิ์", "จังหวัด": "สระบุรี", "ระดับน้ำปัจจุบัน (ม.รทก.)": 19.22, "ระดับตลิ่ง (ม.รทก.)": null, "ระดับน้ำเทียบตลิ่ง (%)": 25.41, "แนวโน้มระดับน้ำ": "ลดลง", "ระยะจากตลิ่ง (ม.)": "-12.24", "อัตราการไหล (ลบ.ม./วิ)": 67.0, "% อัตราการไหล": "5.66", "แนวโน้มอัตราการไหล": "ลดลง", "Latitude": 14.83464, "Longitude": 101.0843, "เวลาบันทึกข้อมูล (UTC)": "2026-09-27T17:00:00.000Z", "เวลาบันทึกข้อมูล (เวลาไทย)": null }, "geometry": { "type": "Point", "coordinates": [ 101.0843, 14.83464 ] } },
{ "type": "Feature", "properties": { "รหัสสถานี": "TKL.122", "ชื่อสถานี": "บ้านเลยวังไสย์", "จังหวัด": "เลย", "ระดับน้ำปัจจุบัน (ม.รทก.)": 1.7200012, "ระดับตลิ่ง (ม.รทก.)": null, "ระดับน้ำเทียบตลิ่ง (%)": 25.33, "แนวโน้มระดับน้ำ": "ลดลง", "ระยะจากตลิ่ง (ม.)": "-5.07", "อัตราการไหล (ลบ.ม./วิ)": null, "% อัตราการไหล": null, "แนวโน้มอัตราการไหล": "คงที่", "Latitude": 17.056541, "Longitude": 101.51605, "เวลาบันทึกข้อมูล (UTC)": "2026-09-27T17:00:00.000Z", "เวลาบันทึกข้อมูล (เวลาไทย)": null }, "geometry": { "type": "Point", "coordinates": [ 101.51605, 17.056541 ] } },
{ "type": "Feature", "properties": { "รหัสสถานี": "N.84", "ชื่อสถานี": "ต.น้ำปาด", "จังหวัด": "อุตรดิตถ์", "ระดับน้ำปัจจุบัน (ม.รทก.)": 1.51, "ระดับตลิ่ง (ม.รทก.)": null, "ระดับน้ำเทียบตลิ่ง (%)": 24.55, "แนวโน้มระดับน้ำ": "เพิ่มขึ้น", "ระยะจากตลิ่ง (ม.)": "-3.79", "อัตราการไหล (ลบ.ม./วิ)": 16.04, "% อัตราการไหล": "5.63", "แนวโน้มอัตราการไหล": "เพิ่มขึ้น", "Latitude": 17.74482, "Longitude": 100.70648, "เวลาบันทึกข้อมูล (UTC)": "2026-09-27T17:00:00.000Z", "เวลาบันทึกข้อมูล (เวลาไทย)": null }, "geometry": { "type": "Point", "coordinates": [ 100.70648, 17.74482 ] } },
{ "type": "Feature", "properties": { "รหัสสถานี": "Ky.3", "ชื่อสถานี": "บ้านทุ่งแฝก", "จังหวัด": "ประจวบคีรีขันธ์", "ระดับน้ำปัจจุบัน (ม.รทก.)": 0.92, "ระดับตลิ่ง (ม.รทก.)": null, "ระดับน้ำเทียบตลิ่ง (%)": 24.54, "แนวโน้มระดับน้ำ": "เพิ่มขึ้น", "ระยะจากตลิ่ง (ม.)": "-3.48", "อัตราการไหล (ลบ.ม./วิ)": 7.6, "% อัตราการไหล": "2.24", "แนวโน้มอัตราการไหล": "เพิ่มขึ้น", "Latitude": 12.09765, "Longitude": 99.78846, "เวลาบันทึกข้อมูล (UTC)": "2026-09-27T17:00:00.000Z", "เวลาบันทึกข้อมูล (เวลาไทย)": null }, "geometry": { "type": "Point", "coordinates": [ 99.78846, 12.09765 ] } },
{ "type": "Feature", "properties": { "รหัสสถานี": "TTR.10", "ชื่อสถานี": "วัดวุรุณดิตถาราม", "จังหวัด": "ตราด", "ระดับน้ำปัจจุบัน (ม.รทก.)": 0.46, "ระดับตลิ่ง (ม.รทก.)": null, "ระดับน้ำเทียบตลิ่ง (%)": 24.33, "แนวโน้มระดับน้ำ": "ลดลง", "ระยะจากตลิ่ง (ม.)": "-4.54", "อัตราการไหล (ลบ.ม./วิ)": null, "% อัตราการไหล": null, "แนวโน้มอัตราการไหล": "คงที่", "Latitude": 12.282, "Longitude": 102.61538, "เวลาบันทึกข้อมูล (UTC)": "2026-09-27T17:00:00.000Z", "เวลาบันทึกข้อมูล (เวลาไทย)": null }, "geometry": { "type": "Point", "coordinates": [ 102.61538, 12.282 ] } },
{ "type": "Feature", "properties": { "รหัสสถานี": "P.76", "ชื่อสถานี": "บ้านแม่อีไฮ", "จังหวัด": "ลำพูน", "ระดับน้ำปัจจุบัน (ม.รทก.)": 1.67, "ระดับตลิ่ง (ม.รทก.)": null, "ระดับน้ำเทียบตลิ่ง (%)": 23.68, "แนวโน้มระดับน้ำ": "ลดลง", "ระยะจากตลิ่ง (ม.)": "-3.73", "อัตราการไหล (ลบ.ม./วิ)": 5.73, "% อัตราการไหล": "2.27", "แนวโน้มอัตราการไหล": "ลดลง", "Latitude": 18.14139, "Longitude": 98.89661, "เวลาบันทึกข้อมูล (UTC)": "2026-09-27T17:00:00.000Z", "เวลาบันทึกข้อมูล (เวลาไทย)": null }, "geometry": { "type": "Point", "coordinates": [ 98.89661, 18.14139 ] } },
{ "type": "Feature", "properties": { "รหัสสถานี": "TE.127", "ชื่อสถานี": "ฝายยางลำน้ำยัง", "จังหวัด": "ร้อยเอ็ด", "ระดับน้ำปัจจุบัน (ม.รทก.)": 3.2799988, "ระดับตลิ่ง (ม.รทก.)": null, "ระดับน้ำเทียบตลิ่ง (%)": 23.49, "แนวโน้มระดับน้ำ": "เพิ่มขึ้น", "ระยะจากตลิ่ง (ม.)": "-9.15", "อัตราการไหล (ลบ.ม./วิ)": null, "% อัตราการไหล": null, "แนวโน้มอัตราการไหล": "คงที่", "Latitude": 16.059906, "Longitude": 104.03195, "เวลาบันทึกข้อมูล (UTC)": "2026-09-27T17:00:00.000Z", "เวลาบันทึกข้อมูล (เวลาไทย)": null }, "geometry": { "type": "Point", "coordinates": [ 104.03195, 16.059906 ] } },
{ "type": "Feature", "properties": { "รหัสสถานี": "LA07 (TX.336)", "ชื่อสถานี": "บ้านผังปาล์ม 1", "จังหวัด": "สตูล", "ระดับน้ำปัจจุบัน (ม.รทก.)": 14.61, "ระดับตลิ่ง (ม.รทก.)": null, "ระดับน้ำเทียบตลิ่ง (%)": 23.08, "แนวโน้มระดับน้ำ": "เพิ่มขึ้น", "ระยะจากตลิ่ง (ม.)": "-6.00", "อัตราการไหล (ลบ.ม./วิ)": null, "% อัตราการไหล": null, "แนวโน้มอัตราการไหล": "คงที่", "Latitude": 6.998849, "Longitude": 99.91101, "เวลาบันทึกข้อมูล (UTC)": "2026-09-27T17:00:00.000Z", "เวลาบันทึกข้อมูล (เวลาไทย)": null }, "geometry": { "type": "Point", "coordinates": [ 99.91101, 6.998849 ] } },
{ "type": "Feature", "properties": { "รหัสสถานี": "TG03", "ชื่อสถานี": "สะพานฝายดินดำ", "จังหวัด": "เชียงราย", "ระดับน้ำปัจจุบัน (ม.รทก.)": 0.24002075, "ระดับตลิ่ง (ม.รทก.)": null, "ระดับน้ำเทียบตลิ่ง (%)": 22.47, "แนวโน้มระดับน้ำ": "ลดลง", "ระยะจากตลิ่ง (ม.)": "-3.83", "อัตราการไหล (ลบ.ม./วิ)": null, "% อัตราการไหล": null, "แนวโน้มอัตราการไหล": "คงที่", "Latitude": 19.545473, "Longitude": 99.47185, "เวลาบันทึกข้อมูล (UTC)": "2026-09-27T17:00:00.000Z", "เวลาบันทึกข้อมูล (เวลาไทย)": null }, "geometry": { "type": "Point", "coordinates": [ 99.47185, 19.545473 ] } },
{ "type": "Feature", "properties": { "รหัสสถานี": "N.49", "ชื่อสถานี": "บ้านน้ำยาว", "จังหวัด": "น่าน", "ระดับน้ำปัจจุบัน (ม.รทก.)": 1.26, "ระดับตลิ่ง (ม.รทก.)": null, "ระดับน้ำเทียบตลิ่ง (%)": 21.93, "แนวโน้มระดับน้ำ": "คงที่", "ระยะจากตลิ่ง (ม.)": "-3.24", "อัตราการไหล (ลบ.ม./วิ)": 8.12, "% อัตราการไหล": "2.45", "แนวโน้มอัตราการไหล": "คงที่", "Latitude": 18.99374, "Longitude": 100.9401, "เวลาบันทึกข้อมูล (UTC)": "2026-09-27T17:00:00.000Z", "เวลาบันทึกข้อมูล (เวลาไทย)": null }, "geometry": { "type": "Point", "coordinates": [ 100.9401, 18.99374 ] } },
{ "type": "Feature", "properties": { "รหัสสถานี": "N.65", "ชื่อสถานี": "บ้านปางสา", "จังหวัด": "น่าน", "ระดับน้ำปัจจุบัน (ม.รทก.)": 1.14, "ระดับตลิ่ง (ม.รทก.)": null, "ระดับน้ำเทียบตลิ่ง (%)": 21.86, "แนวโน้มระดับน้ำ": "คงที่", "ระยะจากตลิ่ง (ม.)": "-3.86", "อัตราการไหล (ลบ.ม./วิ)": 16.77, "% อัตราการไหล": "7.99", "แนวโน้มอัตราการไหล": "คงที่", "Latitude": 19.23041, "Longitude": 100.75409, "เวลาบันทึกข้อมูล (UTC)": "2026-09-27T17:00:00.000Z", "เวลาบันทึกข้อมูล (เวลาไทย)": null }, "geometry": { "type": "Point", "coordinates": [ 100.75409, 19.23041 ] } },
{ "type": "Feature", "properties": { "รหัสสถานี": "K.25A", "ชื่อสถานี": "บ้านคา", "จังหวัด": "ราชบุรี", "ระดับน้ำปัจจุบัน (ม.รทก.)": 0.79, "ระดับตลิ่ง (ม.รทก.)": null, "ระดับน้ำเทียบตลิ่ง (%)": 20.96, "แนวโน้มระดับน้ำ": "คงที่", "ระยะจากตลิ่ง (ม.)": "-4.11", "อัตราการไหล (ลบ.ม./วิ)": 5.95, "% อัตราการไหล": "1.86", "แนวโน้มอัตราการไหล": "คงที่", "Latitude": 13.40285, "Longitude": 99.41701, "เวลาบันทึกข้อมูล (UTC)": "2026-09-27T17:00:00.000Z", "เวลาบันทึกข้อมูล (เวลาไทย)": null }, "geometry": { "type": "Point", "coordinates": [ 99.41701, 13.40285 ] } },
{ "type": "Feature", "properties": { "รหัสสถานี": "TW.35", "ชื่อสถานี": "TW.35", "จังหวัด": "ลำปาง", "ระดับน้ำปัจจุบัน (ม.รทก.)": 1.0899963, "ระดับตลิ่ง (ม.รทก.)": null, "ระดับน้ำเทียบตลิ่ง (%)": 20.52, "แนวโน้มระดับน้ำ": "เพิ่มขึ้น", "ระยะจากตลิ่ง (ม.)": "-2.13", "อัตราการไหล (ลบ.ม./วิ)": null, "% อัตราการไหล": null, "แนวโน้มอัตราการไหล": "คงที่", "Latitude": 17.479214, "Longitude": 99.08625, "เวลาบันทึกข้อมูล (UTC)": "2026-09-27T17:00:00.000Z", "เวลาบันทึกข้อมูล (เวลาไทย)": null }, "geometry": { "type": "Point", "coordinates": [ 99.08625, 17.479214 ] } },
{ "type": "Feature", "properties": { "รหัสสถานี": "TE.121", "ชื่อสถานี": "วัดศรีแก้ว", "จังหวัด": "หนองบัวลำภู", "ระดับน้ำปัจจุบัน (ม.รทก.)": 1.7400055, "ระดับตลิ่ง (ม.รทก.)": null, "ระดับน้ำเทียบตลิ่ง (%)": 20.42, "แนวโน้มระดับน้ำ": "เพิ่มขึ้น", "ระยะจากตลิ่ง (ม.)": "-6.78", "อัตราการไหล (ลบ.ม./วิ)": null, "% อัตราการไหล": null, "แนวโน้มอัตราการไหล": "คงที่", "Latitude": 16.871922, "Longitude": 102.18107, "เวลาบันทึกข้อมูล (UTC)": "2026-09-27T17:00:00.000Z", "เวลาบันทึกข้อมูล (เวลาไทย)": null }, "geometry": { "type": "Point", "coordinates": [ 102.18107, 16.871922 ] } },
{ "type": "Feature", "properties": { "รหัสสถานี": "TE.117", "ชื่อสถานี": "บ้านโนนเขวา", "จังหวัด": "ขอนแก่น", "ระดับน้ำปัจจุบัน (ม.รทก.)": 1.2100067, "ระดับตลิ่ง (ม.รทก.)": null, "ระดับน้ำเทียบตลิ่ง (%)": 20.4, "แนวโน้มระดับน้ำ": "คงที่", "ระยะจากตลิ่ง (ม.)": "-4.72", "อัตราการไหล (ลบ.ม./วิ)": null, "% อัตราการไหล": null, "แนวโน้มอัตราการไหล": "คงที่", "Latitude": 16.35233, "Longitude": 102.88133, "เวลาบันทึกข้อมูล (UTC)": "2026-09-27T17:00:00.000Z", "เวลาบันทึกข้อมูล (เวลาไทย)": null }, "geometry": { "type": "Point", "coordinates": [ 102.88133, 16.35233 ] } },
{ "type": "Feature", "properties": { "รหัสสถานี": "TNB.12", "ชื่อสถานี": "บ้านปากพญา", "จังหวัด": "นครศรีธรรมราช", "ระดับน้ำปัจจุบัน (ม.รทก.)": 0.81, "ระดับตลิ่ง (ม.รทก.)": null, "ระดับน้ำเทียบตลิ่ง (%)": 20.25, "แนวโน้มระดับน้ำ": "เพิ่มขึ้น", "ระยะจากตลิ่ง (ม.)": "-3.19", "อัตราการไหล (ลบ.ม./วิ)": null, "% อัตราการไหล": null, "แนวโน้มอัตราการไหล": "คงที่", "Latitude": 8.483189, "Longitude": 100.01541, "เวลาบันทึกข้อมูล (UTC)": "2026-09-27T17:00:00.000Z", "เวลาบันทึกข้อมูล (เวลาไทย)": null }, "geometry": { "type": "Point", "coordinates": [ 100.01541, 8.483189 ] } },
{ "type": "Feature", "properties": { "รหัสสถานี": "TKL.125", "ชื่อสถานี": "บ้านเพีย", "จังหวัด": "เลย", "ระดับน้ำปัจจุบัน (ม.รทก.)": 0.29000854, "ระดับตลิ่ง (ม.รทก.)": null, "ระดับน้ำเทียบตลิ่ง (%)": 20.19, "แนวโน้มระดับน้ำ": "เพิ่มขึ้น", "ระยะจากตลิ่ง (ม.)": "-5.10", "อัตราการไหล (ลบ.ม./วิ)": null, "% อัตราการไหล": null, "แนวโน้มอัตราการไหล": "คงที่", "Latitude": 17.53106, "Longitude": 101.83418, "เวลาบันทึกข้อมูล (UTC)": "2026-09-27T17:00:00.000Z", "เวลาบันทึกข้อมูล (เวลาไทย)": null }, "geometry": { "type": "Point", "coordinates": [ 101.83418, 17.53106 ] } },
{ "type": "Feature", "properties": { "รหัสสถานี": "TW.29", "ชื่อสถานี": "TW.29", "จังหวัด": "ลำปาง", "ระดับน้ำปัจจุบัน (ม.รทก.)": 1.2599792, "ระดับตลิ่ง (ม.รทก.)": null, "ระดับน้ำเทียบตลิ่ง (%)": 20.18, "แนวโน้มระดับน้ำ": "ลดลง", "ระยะจากตลิ่ง (ม.)": "-1.74", "อัตราการไหล (ลบ.ม./วิ)": null, "% อัตราการไหล": null, "แนวโน้มอัตราการไหล": "คงที่", "Latitude": 18.368643, "Longitude": 99.32662, "เวลาบันทึกข้อมูล (UTC)": "2026-09-27T17:00:00.000Z", "เวลาบันทึกข้อมูล (เวลาไทย)": null }, "geometry": { "type": "Point", "coordinates": [ 99.32662, 18.368643 ] } },
{ "type": "Feature", "properties": { "รหัสสถานี": "TSL09", "ชื่อสถานี": "สถานีบ่อยาง", "จังหวัด": "สงขลา", "ระดับน้ำปัจจุบัน (ม.รทก.)": 0.4, "ระดับตลิ่ง (ม.รทก.)": null, "ระดับน้ำเทียบตลิ่ง (%)": 20.0, "แนวโน้มระดับน้ำ": "ลดลง", "ระยะจากตลิ่ง (ม.)": "-1.60", "อัตราการไหล (ลบ.ม./วิ)": null, "% อัตราการไหล": null, "แนวโน้มอัตราการไหล": "คงที่", "Latitude": 7.200311, "Longitude": 100.587906, "เวลาบันทึกข้อมูล (UTC)": "2026-09-27T17:00:00.000Z", "เวลาบันทึกข้อมูล (เวลาไทย)": null }, "geometry": { "type": "Point", "coordinates": [ 100.587906, 7.200311 ] } },
{ "type": "Feature", "properties": { "รหัสสถานี": "Tkol.20", "ชื่อสถานี": "บ้านลาแล", "จังหวัด": "นราธิวาส", "ระดับน้ำปัจจุบัน (ม.รทก.)": 1.29, "ระดับตลิ่ง (ม.รทก.)": null, "ระดับน้ำเทียบตลิ่ง (%)": 19.25, "แนวโน้มระดับน้ำ": "ลดลง", "ระยะจากตลิ่ง (ม.)": "-5.41", "อัตราการไหล (ลบ.ม./วิ)": null, "% อัตราการไหล": null, "แนวโน้มอัตราการไหล": "คงที่", "Latitude": 6.0832, "Longitude": 102.0112, "เวลาบันทึกข้อมูล (UTC)": "2026-09-27T17:00:00.000Z", "เวลาบันทึกข้อมูล (เวลาไทย)": null }, "geometry": { "type": "Point", "coordinates": [ 102.0112, 6.0832 ] } },
{ "type": "Feature", "properties": { "รหัสสถานี": "N.64", "ชื่อสถานี": "บ้านผาขวาง", "จังหวัด": "น่าน", "ระดับน้ำปัจจุบัน (ม.รทก.)": 1.72, "ระดับตลิ่ง (ม.รทก.)": null, "ระดับน้ำเทียบตลิ่ง (%)": 18.87, "แนวโน้มระดับน้ำ": "คงที่", "ระยะจากตลิ่ง (ม.)": "-7.78", "อัตราการไหล (ลบ.ม./วิ)": 69.5, "% อัตราการไหล": "6.76", "แนวโน้มอัตราการไหล": "คงที่", "Latitude": 19.01517, "Longitude": 100.78021, "เวลาบันทึกข้อมูล (UTC)": "2026-09-27T17:00:00.000Z", "เวลาบันทึกข้อมูล (เวลาไทย)": null }, "geometry": { "type": "Point", "coordinates": [ 100.78021, 19.01517 ] } },
{ "type": "Feature", "properties": { "รหัสสถานี": "LA04 (TX.334)", "ชื่อสถานี": "บ้านอุใดใต้", "จังหวัด": "สตูล", "ระดับน้ำปัจจุบัน (ม.รทก.)": 24.05, "ระดับตลิ่ง (ม.รทก.)": null, "ระดับน้ำเทียบตลิ่ง (%)": 18.7, "แนวโน้มระดับน้ำ": "คงที่", "ระยะจากตลิ่ง (ม.)": "-8.35", "อัตราการไหล (ลบ.ม./วิ)": null, "% อัตราการไหล": null, "แนวโน้มอัตราการไหล": "คงที่", "Latitude": 6.928031, "Longitude": 99.93599, "เวลาบันทึกข้อมูล (UTC)": "2026-09-27T17:00:00.000Z", "เวลาบันทึกข้อมูล (เวลาไทย)": null }, "geometry": { "type": "Point", "coordinates": [ 99.93599, 6.928031 ] } },
{ "type": "Feature", "properties": { "รหัสสถานี": "TK.64", "ชื่อสถานี": "ห้วยลำอีซู", "จังหวัด": "กาญจนบุรี", "ระดับน้ำปัจจุบัน (ม.รทก.)": 0.6599884, "ระดับตลิ่ง (ม.รทก.)": null, "ระดับน้ำเทียบตลิ่ง (%)": 18.64, "แนวโน้มระดับน้ำ": "ลดลง", "ระยะจากตลิ่ง (ม.)": "-3.36", "อัตราการไหล (ลบ.ม./วิ)": null, "% อัตราการไหล": null, "แนวโน้มอัตราการไหล": "คงที่", "Latitude": 14.542453, "Longitude": 99.37821, "เวลาบันทึกข้อมูล (UTC)": "2026-09-27T17:00:00.000Z", "เวลาบันทึกข้อมูล (เวลาไทย)": null }, "geometry": { "type": "Point", "coordinates": [ 99.37821, 14.542453 ] } },
{ "type": "Feature", "properties": { "รหัสสถานี": "TTL.01", "ชื่อสถานี": "อ่างเก็บน้ำห้วยยาง", "จังหวัด": "สระแก้ว", "ระดับน้ำปัจจุบัน (ม.รทก.)": 0.26999664, "ระดับตลิ่ง (ม.รทก.)": null, "ระดับน้ำเทียบตลิ่ง (%)": 18.14, "แนวโน้มระดับน้ำ": "เพิ่มขึ้น", "ระยะจากตลิ่ง (ม.)": "-5.73", "อัตราการไหล (ลบ.ม./วิ)": null, "% อัตราการไหล": null, "แนวโน้มอัตราการไหล": "คงที่", "Latitude": 14.013375, "Longitude": 102.644844, "เวลาบันทึกข้อมูล (UTC)": "2026-09-27T17:00:00.000Z", "เวลาบันทึกข้อมูล (เวลาไทย)": null }, "geometry": { "type": "Point", "coordinates": [ 102.644844, 14.013375 ] } },
{ "type": "Feature", "properties": { "รหัสสถานี": "P.84", "ชื่อสถานี": "บ้านพันตน", "จังหวัด": "เชียงใหม่", "ระดับน้ำปัจจุบัน (ม.รทก.)": 0.61, "ระดับตลิ่ง (ม.รทก.)": null, "ระดับน้ำเทียบตลิ่ง (%)": 18.0, "แนวโน้มระดับน้ำ": "คงที่", "ระยะจากตลิ่ง (ม.)": "-3.39", "อัตราการไหล (ลบ.ม./วิ)": 2.2, "% อัตราการไหล": "2.59", "แนวโน้มอัตราการไหล": "คงที่", "Latitude": 18.59133, "Longitude": 98.79662, "เวลาบันทึกข้อมูล (UTC)": "2026-09-27T17:00:00.000Z", "เวลาบันทึกข้อมูล (เวลาไทย)": null }, "geometry": { "type": "Point", "coordinates": [ 98.79662, 18.59133 ] } },
{ "type": "Feature", "properties": { "รหัสสถานี": "TX109", "ชื่อสถานี": "บ้านควนอินนอโม", "จังหวัด": "พัทลุง", "ระดับน้ำปัจจุบัน (ม.รทก.)": 26.05, "ระดับตลิ่ง (ม.รทก.)": null, "ระดับน้ำเทียบตลิ่ง (%)": 17.99, "แนวโน้มระดับน้ำ": "คงที่", "ระยะจากตลิ่ง (ม.)": "-3.83", "อัตราการไหล (ลบ.ม./วิ)": null, "% อัตราการไหล": null, "แนวโน้มอัตราการไหล": "คงที่", "Latitude": 7.345515, "Longitude": 100.05583, "เวลาบันทึกข้อมูล (UTC)": "2026-09-27T17:00:00.000Z", "เวลาบันทึกข้อมูล (เวลาไทย)": null }, "geometry": { "type": "Point", "coordinates": [ 100.05583, 7.345515 ] } },
{ "type": "Feature", "properties": { "รหัสสถานี": "TPR.13", "ชื่อสถานี": "อ่างเก็บน้ำยางชุม", "จังหวัด": "ประจวบคีรีขันธ์", "ระดับน้ำปัจจุบัน (ม.รทก.)": 1.7799988, "ระดับตลิ่ง (ม.รทก.)": null, "ระดับน้ำเทียบตลิ่ง (%)": 17.8, "แนวโน้มระดับน้ำ": "เพิ่มขึ้น", "ระยะจากตลิ่ง (ม.)": "-8.22", "อัตราการไหล (ลบ.ม./วิ)": null, "% อัตราการไหล": null, "แนวโน้มอัตราการไหล": "คงที่", "Latitude": 12.084924, "Longitude": 99.68343, "เวลาบันทึกข้อมูล (UTC)": "2026-09-27T17:00:00.000Z", "เวลาบันทึกข้อมูล (เวลาไทย)": null }, "geometry": { "type": "Point", "coordinates": [ 99.68343, 12.084924 ] } },
{ "type": "Feature", "properties": { "รหัสสถานี": "TK.13", "ชื่อสถานี": "วัดท่าขนุน", "จังหวัด": "กาญจนบุรี", "ระดับน้ำปัจจุบัน (ม.รทก.)": 2.1900024, "ระดับตลิ่ง (ม.รทก.)": null, "ระดับน้ำเทียบตลิ่ง (%)": 17.24, "แนวโน้มระดับน้ำ": "เพิ่มขึ้น", "ระยะจากตลิ่ง (ม.)": "-16.94", "อัตราการไหล (ลบ.ม./วิ)": null, "% อัตราการไหล": null, "แนวโน้มอัตราการไหล": "คงที่", "Latitude": 14.742605, "Longitude": 98.63525, "เวลาบันทึกข้อมูล (UTC)": "2026-09-27T17:00:00.000Z", "เวลาบันทึกข้อมูล (เวลาไทย)": null }, "geometry": { "type": "Point", "coordinates": [ 98.63525, 14.742605 ] } },
{ "type": "Feature", "properties": { "รหัสสถานี": "N.89", "ชื่อสถานี": "ต.หาดงิ้ว", "จังหวัด": "อุตรดิตถ์", "ระดับน้ำปัจจุบัน (ม.รทก.)": 0.91, "ระดับตลิ่ง (ม.รทก.)": null, "ระดับน้ำเทียบตลิ่ง (%)": 16.96, "แนวโน้มระดับน้ำ": "เพิ่มขึ้น", "ระยะจากตลิ่ง (ม.)": "-4.96", "อัตราการไหล (ลบ.ม./วิ)": 4.1, "% อัตราการไหล": null, "แนวโน้มอัตราการไหล": "เพิ่มขึ้น", "Latitude": 17.69908, "Longitude": 100.31554, "เวลาบันทึกข้อมูล (UTC)": "2026-09-27T17:00:00.000Z", "เวลาบันทึกข้อมูล (เวลาไทย)": null }, "geometry": { "type": "Point", "coordinates": [ 100.31554, 17.69908 ] } },
{ "type": "Feature", "properties": { "รหัสสถานี": "TTL.07", "ชื่อสถานี": "บ้านวังกระแพร่", "จังหวัด": "จันทบุรี", "ระดับน้ำปัจจุบัน (ม.รทก.)": 1.0800018, "ระดับตลิ่ง (ม.รทก.)": null, "ระดับน้ำเทียบตลิ่ง (%)": 16.9, "แนวโน้มระดับน้ำ": "ลดลง", "ระยะจากตลิ่ง (ม.)": "-5.31", "อัตราการไหล (ลบ.ม./วิ)": null, "% อัตราการไหล": null, "แนวโน้มอัตราการไหล": "คงที่", "Latitude": 12.971751, "Longitude": 102.28541, "เวลาบันทึกข้อมูล (UTC)": "2026-09-27T17:00:00.000Z", "เวลาบันทึกข้อมูล (เวลาไทย)": null }, "geometry": { "type": "Point", "coordinates": [ 102.28541, 12.971751 ] } },
{ "type": "Feature", "properties": { "รหัสสถานี": "TSW.09", "ชื่อสถานี": "บ้านท่าสองแคว", "จังหวัด": "แม่ฮ่องสอน", "ระดับน้ำปัจจุบัน (ม.รทก.)": 1.7399902, "ระดับตลิ่ง (ม.รทก.)": null, "ระดับน้ำเทียบตลิ่ง (%)": 16.68, "แนวโน้มระดับน้ำ": "ลดลง", "ระยะจากตลิ่ง (ม.)": "-8.69", "อัตราการไหล (ลบ.ม./วิ)": null, "% อัตราการไหล": null, "แนวโน้มอัตราการไหล": "คงที่", "Latitude": 18.33965, "Longitude": 97.918304, "เวลาบันทึกข้อมูล (UTC)": "2026-09-27T17:00:00.000Z", "เวลาบันทึกข้อมูล (เวลาไทย)": null }, "geometry": { "type": "Point", "coordinates": [ 97.918304, 18.33965 ] } },
{ "type": "Feature", "properties": { "รหัสสถานี": "TW.17A", "ชื่อสถานี": "น้ำแม่สอย  W.17A", "จังหวัด": "ลำปาง", "ระดับน้ำปัจจุบัน (ม.รทก.)": 0.31002808, "ระดับตลิ่ง (ม.รทก.)": null, "ระดับน้ำเทียบตลิ่ง (%)": 16.13, "แนวโน้มระดับน้ำ": "ลดลง", "ระยะจากตลิ่ง (ม.)": "-2.08", "อัตราการไหล (ลบ.ม./วิ)": null, "% อัตราการไหล": null, "แนวโน้มอัตราการไหล": "คงที่", "Latitude": 18.744577, "Longitude": 99.56851, "เวลาบันทึกข้อมูล (UTC)": "2026-09-27T17:00:00.000Z", "เวลาบันทึกข้อมูล (เวลาไทย)": null }, "geometry": { "type": "Point", "coordinates": [ 99.56851, 18.744577 ] } },
{ "type": "Feature", "properties": { "รหัสสถานี": "BNR.03", "ชื่อสถานี": "ปตร.บางนราตอนล่าง", "จังหวัด": "นราธิวาส", "ระดับน้ำปัจจุบัน (ม.รทก.)": 2.51, "ระดับตลิ่ง (ม.รทก.)": null, "ระดับน้ำเทียบตลิ่ง (%)": 15.94, "แนวโน้มระดับน้ำ": "เพิ่มขึ้น", "ระยะจากตลิ่ง (ม.)": "-2.69", "อัตราการไหล (ลบ.ม./วิ)": null, "% อัตราการไหล": null, "แนวโน้มอัตราการไหล": "คงที่", "Latitude": 6.24644, "Longitude": 102.03023, "เวลาบันทึกข้อมูล (UTC)": "2026-09-27T17:00:00.000Z", "เวลาบันทึกข้อมูล (เวลาไทย)": null }, "geometry": { "type": "Point", "coordinates": [ 102.03023, 6.24644 ] } },
{ "type": "Feature", "properties": { "รหัสสถานี": "BNR.02", "ชื่อสถานี": "ปตร.น้ำแบ่ง", "จังหวัด": "นราธิวาส", "ระดับน้ำปัจจุบัน (ม.รทก.)": 2.71, "ระดับตลิ่ง (ม.รทก.)": null, "ระดับน้ำเทียบตลิ่ง (%)": 15.78, "แนวโน้มระดับน้ำ": "เพิ่มขึ้น", "ระยะจากตลิ่ง (ม.)": "-3.79", "อัตราการไหล (ลบ.ม./วิ)": null, "% อัตราการไหล": null, "แนวโน้มอัตราการไหล": "คงที่", "Latitude": 6.331683, "Longitude": 101.9573, "เวลาบันทึกข้อมูล (UTC)": "2026-09-27T17:00:00.000Z", "เวลาบันทึกข้อมูล (เวลาไทย)": null }, "geometry": { "type": "Point", "coordinates": [ 101.9573, 6.331683 ] } },
{ "type": "Feature", "properties": { "รหัสสถานี": "TSW.15", "ชื่อสถานี": "ปางหมู", "จังหวัด": "แม่ฮ่องสอน", "ระดับน้ำปัจจุบัน (ม.รทก.)": 1.1200104, "ระดับตลิ่ง (ม.รทก.)": null, "ระดับน้ำเทียบตลิ่ง (%)": 15.11, "แนวโน้มระดับน้ำ": "คงที่", "ระยะจากตลิ่ง (ม.)": "-6.29", "อัตราการไหล (ลบ.ม./วิ)": null, "% อัตราการไหล": null, "แนวโน้มอัตราการไหล": "คงที่", "Latitude": 19.333435, "Longitude": 97.950066, "เวลาบันทึกข้อมูล (UTC)": "2026-09-27T17:00:00.000Z", "เวลาบันทึกข้อมูล (เวลาไทย)": null }, "geometry": { "type": "Point", "coordinates": [ 97.950066, 19.333435 ] } },
{ "type": "Feature", "properties": { "รหัสสถานี": "TX141", "ชื่อสถานี": "ฝายนาท่อม", "จังหวัด": "พัทลุง", "ระดับน้ำปัจจุบัน (ม.รทก.)": 19.0, "ระดับตลิ่ง (ม.รทก.)": null, "ระดับน้ำเทียบตลิ่ง (%)": 14.67, "แนวโน้มระดับน้ำ": "คงที่", "ระยะจากตลิ่ง (ม.)": "-3.20", "อัตราการไหล (ลบ.ม./วิ)": null, "% อัตราการไหล": null, "แนวโน้มอัตราการไหล": "คงที่", "Latitude": 7.59192, "Longitude": 100.00982, "เวลาบันทึกข้อมูล (UTC)": "2026-09-27T17:00:00.000Z", "เวลาบันทึกข้อมูล (เวลาไทย)": null }, "geometry": { "type": "Point", "coordinates": [ 100.00982, 7.59192 ] } },
{ "type": "Feature", "properties": { "รหัสสถานี": "N.54", "ชื่อสถานี": "บ้านวังโป่ง", "จังหวัด": "เพชรบูรณ์", "ระดับน้ำปัจจุบัน (ม.รทก.)": -0.01, "ระดับตลิ่ง (ม.รทก.)": null, "ระดับน้ำเทียบตลิ่ง (%)": 14.44, "แนวโน้มระดับน้ำ": "เพิ่มขึ้น", "ระยะจากตลิ่ง (ม.)": "-5.09", "อัตราการไหล (ลบ.ม./วิ)": 1.17, "% อัตราการไหล": "0.39", "แนวโน้มอัตราการไหล": "เพิ่มขึ้น", "Latitude": 16.32747, "Longitude": 100.80173, "เวลาบันทึกข้อมูล (UTC)": "2026-09-27T17:00:00.000Z", "เวลาบันทึกข้อมูล (เวลาไทย)": null }, "geometry": { "type": "Point", "coordinates": [ 100.80173, 16.32747 ] } },
{ "type": "Feature", "properties": { "รหัสสถานี": "Y.21", "ชื่อสถานี": "ห้วยแม่สิน", "จังหวัด": "แพร่", "ระดับน้ำปัจจุบัน (ม.รทก.)": 0.59, "ระดับตลิ่ง (ม.รทก.)": null, "ระดับน้ำเทียบตลิ่ง (%)": 13.71, "แนวโน้มระดับน้ำ": "คงที่", "ระยะจากตลิ่ง (ม.)": "-6.33", "อัตราการไหล (ลบ.ม./วิ)": 1.92, "% อัตราการไหล": "0.60", "แนวโน้มอัตราการไหล": "คงที่", "Latitude": 17.79234, "Longitude": 99.78703, "เวลาบันทึกข้อมูล (UTC)": "2026-09-27T17:00:00.000Z", "เวลาบันทึกข้อมูล (เวลาไทย)": null }, "geometry": { "type": "Point", "coordinates": [ 99.78703, 17.79234 ] } },
{ "type": "Feature", "properties": { "รหัสสถานี": "TKH.119", "ชื่อสถานี": "สะพานห้วยลม", "จังหวัด": "อุดรธานี", "ระดับน้ำปัจจุบัน (ม.รทก.)": 1.9100037, "ระดับตลิ่ง (ม.รทก.)": null, "ระดับน้ำเทียบตลิ่ง (%)": 13.64, "แนวโน้มระดับน้ำ": "เพิ่มขึ้น", "ระยะจากตลิ่ง (ม.)": "-12.09", "อัตราการไหล (ลบ.ม./วิ)": null, "% อัตราการไหล": null, "แนวโน้มอัตราการไหล": "คงที่", "Latitude": 17.323277, "Longitude": 102.543785, "เวลาบันทึกข้อมูล (UTC)": "2026-09-27T17:00:00.000Z", "เวลาบันทึกข้อมูล (เวลาไทย)": null }, "geometry": { "type": "Point", "coordinates": [ 102.543785, 17.323277 ] } },
{ "type": "Feature", "properties": { "รหัสสถานี": "TTC14", "ชื่อสถานี": "บ้านด่านช้าง", "จังหวัด": "สุพรรณบุรี", "ระดับน้ำปัจจุบัน (ม.รทก.)": 0.920002, "ระดับตลิ่ง (ม.รทก.)": null, "ระดับน้ำเทียบตลิ่ง (%)": 13.63, "แนวโน้มระดับน้ำ": "คงที่", "ระยะจากตลิ่ง (ม.)": "-5.83", "อัตราการไหล (ลบ.ม./วิ)": null, "% อัตราการไหล": null, "แนวโน้มอัตราการไหล": "คงที่", "Latitude": 14.8197, "Longitude": 99.6941, "เวลาบันทึกข้อมูล (UTC)": "2026-09-27T17:00:00.000Z", "เวลาบันทึกข้อมูล (เวลาไทย)": null }, "geometry": { "type": "Point", "coordinates": [ 99.6941, 14.8197 ] } },
{ "type": "Feature", "properties": { "รหัสสถานี": "TSW.14", "ชื่อสถานี": "ห้วยน้ำของ", "จังหวัด": "แม่ฮ่องสอน", "ระดับน้ำปัจจุบัน (ม.รทก.)": 0.7800293, "ระดับตลิ่ง (ม.รทก.)": null, "ระดับน้ำเทียบตลิ่ง (%)": 13.61, "แนวโน้มระดับน้ำ": "คงที่", "ระยะจากตลิ่ง (ม.)": "-4.95", "อัตราการไหล (ลบ.ม./วิ)": null, "% อัตราการไหล": null, "แนวโน้มอัตราการไหล": "คงที่", "Latitude": 19.53521, "Longitude": 98.113686, "เวลาบันทึกข้อมูล (UTC)": "2026-09-27T17:00:00.000Z", "เวลาบันทึกข้อมูล (เวลาไทย)": null }, "geometry": { "type": "Point", "coordinates": [ 98.113686, 19.53521 ] } },
{ "type": "Feature", "properties": { "รหัสสถานี": "TSL38", "ชื่อสถานี": "คลองตงตอนล่าง", "จังหวัด": "สงขลา", "ระดับน้ำปัจจุบัน (ม.รทก.)": 10.39, "ระดับตลิ่ง (ม.รทก.)": null, "ระดับน้ำเทียบตลิ่ง (%)": 13.49, "แนวโน้มระดับน้ำ": "ลดลง", "ระยะจากตลิ่ง (ม.)": "-5.77", "อัตราการไหล (ลบ.ม./วิ)": null, "% อัตราการไหล": null, "แนวโน้มอัตราการไหล": "คงที่", "Latitude": 6.848806, "Longitude": 100.471146, "เวลาบันทึกข้อมูล (UTC)": "2026-09-27T17:00:00.000Z", "เวลาบันทึกข้อมูล (เวลาไทย)": null }, "geometry": { "type": "Point", "coordinates": [ 100.471146, 6.848806 ] } },
{ "type": "Feature", "properties": { "รหัสสถานี": "TX.230", "ชื่อสถานี": "บ้านท่าปาบ(X.230)", "จังหวัด": "ตรัง", "ระดับน้ำปัจจุบัน (ม.รทก.)": 19.93, "ระดับตลิ่ง (ม.รทก.)": null, "ระดับน้ำเทียบตลิ่ง (%)": 13.14, "แนวโน้มระดับน้ำ": "คงที่", "ระยะจากตลิ่ง (ม.)": "-3.57", "อัตราการไหล (ลบ.ม./วิ)": null, "% อัตราการไหล": null, "แนวโน้มอัตราการไหล": "คงที่", "Latitude": 7.565272, "Longitude": 99.68658, "เวลาบันทึกข้อมูล (UTC)": "2026-09-27T17:00:00.000Z", "เวลาบันทึกข้อมูล (เวลาไทย)": null }, "geometry": { "type": "Point", "coordinates": [ 99.68658, 7.565272 ] } },
{ "type": "Feature", "properties": { "รหัสสถานี": "Tpat.17", "ชื่อสถานี": "บ้านอาบอ", "จังหวัด": "ยะลา", "ระดับน้ำปัจจุบัน (ม.รทก.)": 23.19, "ระดับตลิ่ง (ม.รทก.)": null, "ระดับน้ำเทียบตลิ่ง (%)": 12.34, "แนวโน้มระดับน้ำ": "คงที่", "ระยะจากตลิ่ง (ม.)": "-12.01", "อัตราการไหล (ลบ.ม./วิ)": null, "% อัตราการไหล": null, "แนวโน้มอัตราการไหล": "คงที่", "Latitude": 6.474093, "Longitude": 101.14681, "เวลาบันทึกข้อมูล (UTC)": "2026-09-27T17:00:00.000Z", "เวลาบันทึกข้อมูล (เวลาไทย)": null }, "geometry": { "type": "Point", "coordinates": [ 101.14681, 6.474093 ] } },
{ "type": "Feature", "properties": { "รหัสสถานี": "TK.36", "ชื่อสถานี": "บ้านท่ามะนาว", "จังหวัด": "กาญจนบุรี", "ระดับน้ำปัจจุบัน (ม.รทก.)": 1.1599998, "ระดับตลิ่ง (ม.รทก.)": null, "ระดับน้ำเทียบตลิ่ง (%)": 11.67, "แนวโน้มระดับน้ำ": "ลดลง", "ระยะจากตลิ่ง (ม.)": "-8.78", "อัตราการไหล (ลบ.ม./วิ)": null, "% อัตราการไหล": null, "แนวโน้มอัตราการไหล": "คงที่", "Latitude": 14.1647, "Longitude": 99.2754, "เวลาบันทึกข้อมูล (UTC)": "2026-09-27T17:00:00.000Z", "เวลาบันทึกข้อมูล (เวลาไทย)": null }, "geometry": { "type": "Point", "coordinates": [ 99.2754, 14.1647 ] } },
{ "type": "Feature", "properties": { "รหัสสถานี": "TUP.11", "ชื่อสถานี": "สถานีน้ำแม่งัดที่ท้ายเขื่อนแม่งัดสมบูรณ์ชล", "จังหวัด": "เชียงใหม่", "ระดับน้ำปัจจุบัน (ม.รทก.)": 0.8800049, "ระดับตลิ่ง (ม.รทก.)": null, "ระดับน้ำเทียบตลิ่ง (%)": 11.52, "แนวโน้มระดับน้ำ": "คงที่", "ระยะจากตลิ่ง (ม.)": "-5.07", "อัตราการไหล (ลบ.ม./วิ)": null, "% อัตราการไหล": null, "แนวโน้มอัตราการไหล": "คงที่", "Latitude": 19.156273, "Longitude": 99.03173, "เวลาบันทึกข้อมูล (UTC)": "2026-09-27T17:00:00.000Z", "เวลาบันทึกข้อมูล (เวลาไทย)": null }, "geometry": { "type": "Point", "coordinates": [ 99.03173, 19.156273 ] } },
{ "type": "Feature", "properties": { "รหัสสถานี": "M.69", "ชื่อสถานี": "บ้านท่าบอแบง", "จังหวัด": "อุบลราชธานี", "ระดับน้ำปัจจุบัน (ม.รทก.)": 3.03, "ระดับตลิ่ง (ม.รทก.)": null, "ระดับน้ำเทียบตลิ่ง (%)": 11.05, "แนวโน้มระดับน้ำ": "คงที่", "ระยะจากตลิ่ง (ม.)": "-4.67", "อัตราการไหล (ลบ.ม./วิ)": 131.8, "% อัตราการไหล": "39.94", "แนวโน้มอัตราการไหล": "คงที่", "Latitude": 15.50421, "Longitude": 104.9662, "เวลาบันทึกข้อมูล (UTC)": "2026-09-27T17:00:00.000Z", "เวลาบันทึกข้อมูล (เวลาไทย)": null }, "geometry": { "type": "Point", "coordinates": [ 104.9662, 15.50421 ] } },
{ "type": "Feature", "properties": { "รหัสสถานี": "E.22B", "ชื่อสถานี": "บ้านท่าเม่า", "จังหวัด": "ขอนแก่น", "ระดับน้ำปัจจุบัน (ม.รทก.)": 0.81, "ระดับตลิ่ง (ม.รทก.)": null, "ระดับน้ำเทียบตลิ่ง (%)": 10.87, "แนวโน้มระดับน้ำ": "คงที่", "ระยะจากตลิ่ง (ม.)": "-9.19", "อัตราการไหล (ลบ.ม./วิ)": 12.78, "% อัตราการไหล": "2.97", "แนวโน้มอัตราการไหล": "คงที่", "Latitude": 16.65448, "Longitude": 102.82349, "เวลาบันทึกข้อมูล (UTC)": "2026-09-27T17:00:00.000Z", "เวลาบันทึกข้อมูล (เวลาไทย)": null }, "geometry": { "type": "Point", "coordinates": [ 102.82349, 16.65448 ] } },
{ "type": "Feature", "properties": { "รหัสสถานี": "TNA.02", "ชื่อสถานี": "คลองวัดหญ้า", "จังหวัด": "นครศรีธรรมราช", "ระดับน้ำปัจจุบัน (ม.รทก.)": 0.99, "ระดับตลิ่ง (ม.รทก.)": null, "ระดับน้ำเทียบตลิ่ง (%)": 9.9, "แนวโน้มระดับน้ำ": "ลดลง", "ระยะจากตลิ่ง (ม.)": "-9.01", "อัตราการไหล (ลบ.ม./วิ)": null, "% อัตราการไหล": null, "แนวโน้มอัตราการไหล": "คงที่", "Latitude": 8.476777, "Longitude": 99.9242, "เวลาบันทึกข้อมูล (UTC)": "2026-09-27T17:00:00.000Z", "เวลาบันทึกข้อมูล (เวลาไทย)": null }, "geometry": { "type": "Point", "coordinates": [ 99.9242, 8.476777 ] } },
{ "type": "Feature", "properties": { "รหัสสถานี": "Gt.20", "ชื่อสถานี": "สะพานรถยนต์ ร.ร.อนุบาลบางสะพาน", "จังหวัด": "ประจวบคีรีขันธ์", "ระดับน้ำปัจจุบัน (ม.รทก.)": 0.85, "ระดับตลิ่ง (ม.รทก.)": null, "ระดับน้ำเทียบตลิ่ง (%)": 9.81, "แนวโน้มระดับน้ำ": "ลดลง", "ระยะจากตลิ่ง (ม.)": "-2.85", "อัตราการไหล (ลบ.ม./วิ)": null, "% อัตราการไหล": null, "แนวโน้มอัตราการไหล": "คงที่", "Latitude": 11.20557, "Longitude": 99.5085, "เวลาบันทึกข้อมูล (UTC)": "2026-09-27T17:00:00.000Z", "เวลาบันทึกข้อมูล (เวลาไทย)": null }, "geometry": { "type": "Point", "coordinates": [ 99.5085, 11.20557 ] } },
{ "type": "Feature", "properties": { "รหัสสถานี": "Tkol.14", "ชื่อสถานี": "บ้านกาวะ", "จังหวัด": "นราธิวาส", "ระดับน้ำปัจจุบัน (ม.รทก.)": 2.0100002, "ระดับตลิ่ง (ม.รทก.)": null, "ระดับน้ำเทียบตลิ่ง (%)": 9.76, "แนวโน้มระดับน้ำ": "เพิ่มขึ้น", "ระยะจากตลิ่ง (ม.)": "-18.59", "อัตราการไหล (ลบ.ม./วิ)": null, "% อัตราการไหล": null, "แนวโน้มอัตราการไหล": "คงที่", "Latitude": 6.0304, "Longitude": 101.8956, "เวลาบันทึกข้อมูล (UTC)": "2026-09-27T17:00:00.000Z", "เวลาบันทึกข้อมูล (เวลาไทย)": null }, "geometry": { "type": "Point", "coordinates": [ 101.8956, 6.0304 ] } },
{ "type": "Feature", "properties": { "รหัสสถานี": "TP4 (TX.331)", "ชื่อสถานี": "บ้านสะพานเสือ", "จังหวัด": "พังงา", "ระดับน้ำปัจจุบัน (ม.รทก.)": 12.95, "ระดับตลิ่ง (ม.รทก.)": null, "ระดับน้ำเทียบตลิ่ง (%)": 9.76, "แนวโน้มระดับน้ำ": "เพิ่มขึ้น", "ระยะจากตลิ่ง (ม.)": "-2.59", "อัตราการไหล (ลบ.ม./วิ)": null, "% อัตราการไหล": null, "แนวโน้มอัตราการไหล": "คงที่", "Latitude": 8.748697, "Longitude": 98.38924, "เวลาบันทึกข้อมูล (UTC)": "2026-09-27T17:00:00.000Z", "เวลาบันทึกข้อมูล (เวลาไทย)": null }, "geometry": { "type": "Point", "coordinates": [ 98.38924, 8.748697 ] } },
{ "type": "Feature", "properties": { "รหัสสถานี": "TNB.09", "ชื่อสถานี": "บ้านโคกข่อย", "จังหวัด": "นครศรีธรรมราช", "ระดับน้ำปัจจุบัน (ม.รทก.)": 0.58, "ระดับตลิ่ง (ม.รทก.)": null, "ระดับน้ำเทียบตลิ่ง (%)": 8.29, "แนวโน้มระดับน้ำ": "เพิ่มขึ้น", "ระยะจากตลิ่ง (ม.)": "-6.42", "อัตราการไหล (ลบ.ม./วิ)": null, "% อัตราการไหล": null, "แนวโน้มอัตราการไหล": "คงที่", "Latitude": 8.435595, "Longitude": 100.01443, "เวลาบันทึกข้อมูล (UTC)": "2026-09-27T17:00:00.000Z", "เวลาบันทึกข้อมูล (เวลาไทย)": null }, "geometry": { "type": "Point", "coordinates": [ 100.01443, 8.435595 ] } },
{ "type": "Feature", "properties": { "รหัสสถานี": "Tkol.11", "ชื่อสถานี": "บ้านแว้ง", "จังหวัด": "นราธิวาส", "ระดับน้ำปัจจุบัน (ม.รทก.)": 1.6000004, "ระดับตลิ่ง (ม.รทก.)": null, "ระดับน้ำเทียบตลิ่ง (%)": 7.8, "แนวโน้มระดับน้ำ": "เพิ่มขึ้น", "ระยะจากตลิ่ง (ม.)": "-18.90", "อัตราการไหล (ลบ.ม./วิ)": null, "% อัตราการไหล": null, "แนวโน้มอัตราการไหล": "คงที่", "Latitude": 5.9266, "Longitude": 101.8841, "เวลาบันทึกข้อมูล (UTC)": "2026-09-27T17:00:00.000Z", "เวลาบันทึกข้อมูล (เวลาไทย)": null }, "geometry": { "type": "Point", "coordinates": [ 101.8841, 5.9266 ] } },
{ "type": "Feature", "properties": { "รหัสสถานี": "B.8A", "ชื่อสถานี": "บ้านโพรงเข้", "จังหวัด": "เพชรบุรี", "ระดับน้ำปัจจุบัน (ม.รทก.)": 0.65, "ระดับตลิ่ง (ม.รทก.)": null, "ระดับน้ำเทียบตลิ่ง (%)": 7.15, "แนวโน้มระดับน้ำ": "เพิ่มขึ้น", "ระยะจากตลิ่ง (ม.)": "-5.35", "อัตราการไหล (ลบ.ม./วิ)": null, "% อัตราการไหล": null, "แนวโน้มอัตราการไหล": "คงที่", "Latitude": 12.81504, "Longitude": 99.70087, "เวลาบันทึกข้อมูล (UTC)": "2026-09-27T17:00:00.000Z", "เวลาบันทึกข้อมูล (เวลาไทย)": null }, "geometry": { "type": "Point", "coordinates": [ 99.70087, 12.81504 ] } },
{ "type": "Feature", "properties": { "รหัสสถานี": "P.12C", "ชื่อสถานี": "บ้านย่านรี", "จังหวัด": "ตาก", "ระดับน้ำปัจจุบัน (ม.รทก.)": -0.93, "ระดับตลิ่ง (ม.รทก.)": null, "ระดับน้ำเทียบตลิ่ง (%)": 7.14, "แนวโน้มระดับน้ำ": "ลดลง", "ระยะจากตลิ่ง (ม.)": "-6.37", "อัตราการไหล (ลบ.ม./วิ)": 0.06, "% อัตราการไหล": "0.00", "แนวโน้มอัตราการไหล": "ลดลง", "Latitude": 17.23881, "Longitude": 99.02415, "เวลาบันทึกข้อมูล (UTC)": "2026-09-27T17:00:00.000Z", "เวลาบันทึกข้อมูล (เวลาไทย)": null }, "geometry": { "type": "Point", "coordinates": [ 99.02415, 17.23881 ] } },
{ "type": "Feature", "properties": { "รหัสสถานี": "Tpat.21", "ชื่อสถานี": "บ้านกูหมัง", "จังหวัด": "ยะลา", "ระดับน้ำปัจจุบัน (ม.รทก.)": 1.0600014, "ระดับตลิ่ง (ม.รทก.)": null, "ระดับน้ำเทียบตลิ่ง (%)": 6.93, "แนวโน้มระดับน้ำ": "คงที่", "ระยะจากตลิ่ง (ม.)": "-6.71", "อัตราการไหล (ลบ.ม./วิ)": null, "% อัตราการไหล": null, "แนวโน้มอัตราการไหล": "คงที่", "Latitude": 6.226084, "Longitude": 101.22258, "เวลาบันทึกข้อมูล (UTC)": "2026-09-27T17:00:00.000Z", "เวลาบันทึกข้อมูล (เวลาไทย)": null }, "geometry": { "type": "Point", "coordinates": [ 101.22258, 6.226084 ] } },
{ "type": "Feature", "properties": { "รหัสสถานี": "TSL37", "ชื่อสถานี": "คลองตงตอนบน", "จังหวัด": "สงขลา", "ระดับน้ำปัจจุบัน (ม.รทก.)": 39.37, "ระดับตลิ่ง (ม.รทก.)": null, "ระดับน้ำเทียบตลิ่ง (%)": 6.85, "แนวโน้มระดับน้ำ": "เพิ่มขึ้น", "ระยะจากตลิ่ง (ม.)": "-5.98", "อัตราการไหล (ลบ.ม./วิ)": null, "% อัตราการไหล": null, "แนวโน้มอัตราการไหล": "คงที่", "Latitude": 6.8176928, "Longitude": 100.553955, "เวลาบันทึกข้อมูล (UTC)": "2026-09-27T17:00:00.000Z", "เวลาบันทึกข้อมูล (เวลาไทย)": null }, "geometry": { "type": "Point", "coordinates": [ 100.553955, 6.8176928 ] } },
{ "type": "Feature", "properties": { "รหัสสถานี": "E.75", "ชื่อสถานี": "บ้านหนองม่วง", "จังหวัด": "กาฬสินธุ์", "ระดับน้ำปัจจุบัน (ม.รทก.)": 0.68, "ระดับตลิ่ง (ม.รทก.)": null, "ระดับน้ำเทียบตลิ่ง (%)": 5.15, "แนวโน้มระดับน้ำ": "คงที่", "ระยะจากตลิ่ง (ม.)": "-6.82", "อัตราการไหล (ลบ.ม./วิ)": 5.35, "% อัตราการไหล": "1.53", "แนวโน้มอัตราการไหล": "คงที่", "Latitude": 16.58121, "Longitude": 103.43711, "เวลาบันทึกข้อมูล (UTC)": "2026-09-27T17:00:00.000Z", "เวลาบันทึกข้อมูล (เวลาไทย)": null }, "geometry": { "type": "Point", "coordinates": [ 103.43711, 16.58121 ] } },
{ "type": "Feature", "properties": { "รหัสสถานี": "TSL35", "ชื่อสถานี": "คลองเหมืองตะกั่ว", "จังหวัด": "พัทลุง", "ระดับน้ำปัจจุบัน (ม.รทก.)": 36.81, "ระดับตลิ่ง (ม.รทก.)": null, "ระดับน้ำเทียบตลิ่ง (%)": 4.83, "แนวโน้มระดับน้ำ": "คงที่", "ระยะจากตลิ่ง (ม.)": "-4.73", "อัตราการไหล (ลบ.ม./วิ)": null, "% อัตราการไหล": null, "แนวโน้มอัตราการไหล": "คงที่", "Latitude": 7.26871, "Longitude": 100.09439, "เวลาบันทึกข้อมูล (UTC)": "2026-09-27T17:00:00.000Z", "เวลาบันทึกข้อมูล (เวลาไทย)": null }, "geometry": { "type": "Point", "coordinates": [ 100.09439, 7.26871 ] } },
{ "type": "Feature", "properties": { "รหัสสถานี": "TSL02", "ชื่อสถานี": "สถานีโรงสูบน้ำระโนด", "จังหวัด": "สงขลา", "ระดับน้ำปัจจุบัน (ม.รทก.)": 0.24, "ระดับตลิ่ง (ม.รทก.)": null, "ระดับน้ำเทียบตลิ่ง (%)": 4.0, "แนวโน้มระดับน้ำ": "เพิ่มขึ้น", "ระยะจากตลิ่ง (ม.)": "-5.76", "อัตราการไหล (ลบ.ม./วิ)": null, "% อัตราการไหล": null, "แนวโน้มอัตราการไหล": "คงที่", "Latitude": 7.793278, "Longitude": 100.25796, "เวลาบันทึกข้อมูล (UTC)": "2026-09-27T17:00:00.000Z", "เวลาบันทึกข้อมูล (เวลาไทย)": null }, "geometry": { "type": "Point", "coordinates": [ 100.25796, 7.793278 ] } },
{ "type": "Feature", "properties": { "รหัสสถานี": "TPN04", "ชื่อสถานี": "บ้านปากแพรก", "จังหวัด": "นครศรีธรรมราช", "ระดับน้ำปัจจุบัน (ม.รทก.)": 0.17, "ระดับตลิ่ง (ม.รทก.)": null, "ระดับน้ำเทียบตลิ่ง (%)": 3.4, "แนวโน้มระดับน้ำ": "คงที่", "ระยะจากตลิ่ง (ม.)": "-4.83", "อัตราการไหล (ลบ.ม./วิ)": null, "% อัตราการไหล": null, "แนวโน้มอัตราการไหล": "คงที่", "Latitude": 8.219533, "Longitude": 100.200905, "เวลาบันทึกข้อมูล (UTC)": "2026-09-27T17:00:00.000Z", "เวลาบันทึกข้อมูล (เวลาไทย)": null }, "geometry": { "type": "Point", "coordinates": [ 100.200905, 8.219533 ] } },
{ "type": "Feature", "properties": { "รหัสสถานี": "TSL03", "ชื่อสถานี": "สถานีปากคลองระโนด", "จังหวัด": "สงขลา", "ระดับน้ำปัจจุบัน (ม.รทก.)": 2.14, "ระดับตลิ่ง (ม.รทก.)": null, "ระดับน้ำเทียบตลิ่ง (%)": 2.8, "แนวโน้มระดับน้ำ": "เพิ่มขึ้น", "ระยะจากตลิ่ง (ม.)": "-4.86", "อัตราการไหล (ลบ.ม./วิ)": null, "% อัตราการไหล": null, "แนวโน้มอัตราการไหล": "คงที่", "Latitude": 7.769627, "Longitude": 100.3021, "เวลาบันทึกข้อมูล (UTC)": "2026-09-27T17:00:00.000Z", "เวลาบันทึกข้อมูล (เวลาไทย)": null }, "geometry": { "type": "Point", "coordinates": [ 100.3021, 7.769627 ] } },
{ "type": "Feature", "properties": { "รหัสสถานี": "TPN01", "ชื่อสถานี": "ปตร.อุทกวิภาชประสิทธิ", "จังหวัด": "นครศรีธรรมราช", "ระดับน้ำปัจจุบัน (ม.รทก.)": 0.38, "ระดับตลิ่ง (ม.รทก.)": null, "ระดับน้ำเทียบตลิ่ง (%)": 1.73, "แนวโน้มระดับน้ำ": "เพิ่มขึ้น", "ระยะจากตลิ่ง (ม.)": "-21.62", "อัตราการไหล (ลบ.ม./วิ)": null, "% อัตราการไหล": null, "แนวโน้มอัตราการไหล": "คงที่", "Latitude": 8.321786, "Longitude": 100.20608, "เวลาบันทึกข้อมูล (UTC)": "2026-09-27T17:00:00.000Z", "เวลาบันทึกข้อมูล (เวลาไทย)": null }, "geometry": { "type": "Point", "coordinates": [ 100.20608, 8.321786 ] } },
{ "type": "Feature", "properties": { "รหัสสถานี": "TPN13", "ชื่อสถานี": "บ้านการะเกด", "จังหวัด": "นครศรีธรรมราช", "ระดับน้ำปัจจุบัน (ม.รทก.)": 0.11, "ระดับตลิ่ง (ม.รทก.)": null, "ระดับน้ำเทียบตลิ่ง (%)": 1.37, "แนวโน้มระดับน้ำ": "คงที่", "ระยะจากตลิ่ง (ม.)": "-7.89", "อัตราการไหล (ลบ.ม./วิ)": null, "% อัตราการไหล": null, "แนวโน้มอัตราการไหล": "คงที่", "Latitude": 8.085369, "Longitude": 100.1324, "เวลาบันทึกข้อมูล (UTC)": "2026-09-27T17:00:00.000Z", "เวลาบันทึกข้อมูล (เวลาไทย)": null }, "geometry": { "type": "Point", "coordinates": [ 100.1324, 8.085369 ] } },
{ "type": "Feature", "properties": { "รหัสสถานี": "TPR.5", "ชื่อสถานี": "บ้านเขาน้ำตก", "จังหวัด": "ประจวบคีรีขันธ์", "ระดับน้ำปัจจุบัน (ม.รทก.)": 0.02, "ระดับตลิ่ง (ม.รทก.)": null, "ระดับน้ำเทียบตลิ่ง (%)": 1.0, "แนวโน้มระดับน้ำ": "คงที่", "ระยะจากตลิ่ง (ม.)": "-1.98", "อัตราการไหล (ลบ.ม./วิ)": null, "% อัตราการไหล": null, "แนวโน้มอัตราการไหล": "คงที่", "Latitude": 12.4672, "Longitude": 99.8041, "เวลาบันทึกข้อมูล (UTC)": "2026-09-27T17:00:00.000Z", "เวลาบันทึกข้อมูล (เวลาไทย)": null }, "geometry": { "type": "Point", "coordinates": [ 99.8041, 12.4672 ] } },
{ "type": "Feature", "properties": { "รหัสสถานี": "TTL.06", "ชื่อสถานี": "บ้านทุ่งกร่าง", "จังหวัด": "จันทบุรี", "ระดับน้ำปัจจุบัน (ม.รทก.)": 0.02999878, "ระดับตลิ่ง (ม.รทก.)": null, "ระดับน้ำเทียบตลิ่ง (%)": 0.59, "แนวโน้มระดับน้ำ": "คงที่", "ระยะจากตลิ่ง (ม.)": "-5.06", "อัตราการไหล (ลบ.ม./วิ)": null, "% อัตราการไหล": null, "แนวโน้มอัตราการไหล": "คงที่", "Latitude": 13.028848, "Longitude": 102.26882, "เวลาบันทึกข้อมูล (UTC)": "2026-09-27T17:00:00.000Z", "เวลาบันทึกข้อมูล (เวลาไทย)": null }, "geometry": { "type": "Point", "coordinates": [ 102.26882, 13.028848 ] } },
{ "type": "Feature", "properties": { "รหัสสถานี": "Tpat.4", "ชื่อสถานี": "บ้านบาซาเอ", "จังหวัด": "ปัตตานี", "ระดับน้ำปัจจุบัน (ม.รทก.)": 0.58, "ระดับตลิ่ง (ม.รทก.)": null, "ระดับน้ำเทียบตลิ่ง (%)": -0.31, "แนวโน้มระดับน้ำ": "ลดลง", "ระยะจากตลิ่ง (ม.)": "-6.57", "อัตราการไหล (ลบ.ม./วิ)": null, "% อัตราการไหล": null, "แนวโน้มอัตราการไหล": "คงที่", "Latitude": 6.737495, "Longitude": 101.27318, "เวลาบันทึกข้อมูล (UTC)": "2026-09-27T17:00:00.000Z", "เวลาบันทึกข้อมูล (เวลาไทย)": null }, "geometry": { "type": "Point", "coordinates": [ 101.27318, 6.737495 ] } },
{ "type": "Feature", "properties": { "รหัสสถานี": "TPN06", "ชื่อสถานี": "ปตร.เชียรใหญ่", "จังหวัด": "นครศรีธรรมราช", "ระดับน้ำปัจจุบัน (ม.รทก.)": -0.01, "ระดับตลิ่ง (ม.รทก.)": null, "ระดับน้ำเทียบตลิ่ง (%)": -0.5, "แนวโน้มระดับน้ำ": "คงที่", "ระยะจากตลิ่ง (ม.)": "-2.01", "อัตราการไหล (ลบ.ม./วิ)": null, "% อัตราการไหล": null, "แนวโน้มอัตราการไหล": "คงที่", "Latitude": 8.171241, "Longitude": 100.13797, "เวลาบันทึกข้อมูล (UTC)": "2026-09-27T17:00:00.000Z", "เวลาบันทึกข้อมูล (เวลาไทย)": null }, "geometry": { "type": "Point", "coordinates": [ 100.13797, 8.171241 ] } },
{ "type": "Feature", "properties": { "รหัสสถานี": "TM.197 (D/S)", "ชื่อสถานี": "T ปตร.ลำสะแทด (D/S)", "จังหวัด": "นครราชสีมา", "ระดับน้ำปัจจุบัน (ม.รทก.)": -0.05000305, "ระดับตลิ่ง (ม.รทก.)": null, "ระดับน้ำเทียบตลิ่ง (%)": -1.21, "แนวโน้มระดับน้ำ": "คงที่", "ระยะจากตลิ่ง (ม.)": "-4.19", "อัตราการไหล (ลบ.ม./วิ)": null, "% อัตราการไหล": null, "แนวโน้มอัตราการไหล": "คงที่", "Latitude": 15.41585, "Longitude": 102.57328, "เวลาบันทึกข้อมูล (UTC)": "2026-09-27T17:00:00.000Z", "เวลาบันทึกข้อมูล (เวลาไทย)": null }, "geometry": { "type": "Point", "coordinates": [ 102.57328, 15.41585 ] } },
{ "type": "Feature", "properties": { "รหัสสถานี": "TTC13", "ชื่อสถานี": "บ้านผาทั่ง", "จังหวัด": "อุทัยธานี", "ระดับน้ำปัจจุบัน (ม.รทก.)": -0.02999878, "ระดับตลิ่ง (ม.รทก.)": null, "ระดับน้ำเทียบตลิ่ง (%)": -1.22, "แนวโน้มระดับน้ำ": "ลดลง", "ระยะจากตลิ่ง (ม.)": "-2.49", "อัตราการไหล (ลบ.ม./วิ)": null, "% อัตราการไหล": null, "แนวโน้มอัตราการไหล": "คงที่", "Latitude": 15.1054, "Longitude": 99.5358, "เวลาบันทึกข้อมูล (UTC)": "2026-09-27T17:00:00.000Z", "เวลาบันทึกข้อมูล (เวลาไทย)": null }, "geometry": { "type": "Point", "coordinates": [ 99.5358, 15.1054 ] } },
{ "type": "Feature", "properties": { "รหัสสถานี": "Y.26", "ชื่อสถานี": "ห้วยแม่มอก", "จังหวัด": "ลำปาง", "ระดับน้ำปัจจุบัน (ม.รทก.)": 1.28, "ระดับตลิ่ง (ม.รทก.)": null, "ระดับน้ำเทียบตลิ่ง (%)": -2.22, "แนวโน้มระดับน้ำ": "ลดลง", "ระยะจากตลิ่ง (ม.)": "-4.60", "อัตราการไหล (ลบ.ม./วิ)": 8.1, "% อัตราการไหล": "2.79", "แนวโน้มอัตราการไหล": "ลดลง", "Latitude": 17.33189, "Longitude": 99.46181, "เวลาบันทึกข้อมูล (UTC)": "2026-09-27T17:00:00.000Z", "เวลาบันทึกข้อมูล (เวลาไทย)": null }, "geometry": { "type": "Point", "coordinates": [ 99.46181, 17.33189 ] } },
{ "type": "Feature", "properties": { "รหัสสถานี": "TW.28", "ชื่อสถานี": "TW.28", "จังหวัด": "ลำปาง", "ระดับน้ำปัจจุบัน (ม.รทก.)": 0.8000183, "ระดับตลิ่ง (ม.รทก.)": null, "ระดับน้ำเทียบตลิ่ง (%)": -2.55, "แนวโน้มระดับน้ำ": "เพิ่มขึ้น", "ระยะจากตลิ่ง (ม.)": "-2.41", "อัตราการไหล (ลบ.ม./วิ)": null, "% อัตราการไหล": null, "แนวโน้มอัตราการไหล": "คงที่", "Latitude": 18.55926, "Longitude": 99.466835, "เวลาบันทึกข้อมูล (UTC)": "2026-09-27T17:00:00.000Z", "เวลาบันทึกข้อมูล (เวลาไทย)": null }, "geometry": { "type": "Point", "coordinates": [ 99.466835, 18.55926 ] } },
{ "type": "Feature", "properties": { "รหัสสถานี": "TP9 (TX.332)", "ชื่อสถานี": "บ้านเหล", "จังหวัด": "พังงา", "ระดับน้ำปัจจุบัน (ม.รทก.)": 11.72, "ระดับตลิ่ง (ม.รทก.)": null, "ระดับน้ำเทียบตลิ่ง (%)": -5.0, "แนวโน้มระดับน้ำ": "ลดลง", "ระยะจากตลิ่ง (ม.)": "-5.46", "อัตราการไหล (ลบ.ม./วิ)": null, "% อัตราการไหล": null, "แนวโน้มอัตราการไหล": "คงที่", "Latitude": 8.771167, "Longitude": 98.438416, "เวลาบันทึกข้อมูล (UTC)": "2026-09-27T17:00:00.000Z", "เวลาบันทึกข้อมูล (เวลาไทย)": null }, "geometry": { "type": "Point", "coordinates": [ 98.438416, 8.771167 ] } },
{ "type": "Feature", "properties": { "รหัสสถานี": "TPR.4", "ชื่อสถานี": "เขื่อนปราณบุรี", "จังหวัด": "ประจวบคีรีขันธ์", "ระดับน้ำปัจจุบัน (ม.รทก.)": -3.75, "ระดับตลิ่ง (ม.รทก.)": null, "ระดับน้ำเทียบตลิ่ง (%)": -5.43, "แนวโน้มระดับน้ำ": "คงที่", "ระยะจากตลิ่ง (ม.)": "-72.75", "อัตราการไหล (ลบ.ม./วิ)": null, "% อัตราการไหล": null, "แนวโน้มอัตราการไหล": "คงที่", "Latitude": 12.457138, "Longitude": 99.79433, "เวลาบันทึกข้อมูล (UTC)": "2026-09-27T17:00:00.000Z", "เวลาบันทึกข้อมูล (เวลาไทย)": null }, "geometry": { "type": "Point", "coordinates": [ 99.79433, 12.457138 ] } },
{ "type": "Feature", "properties": { "รหัสสถานี": "TSL33", "ชื่อสถานี": "คลองลำเบ็ดบน", "จังหวัด": "พัทลุง", "ระดับน้ำปัจจุบัน (ม.รทก.)": 23.8, "ระดับตลิ่ง (ม.รทก.)": null, "ระดับน้ำเทียบตลิ่ง (%)": -7.66, "แนวโน้มระดับน้ำ": "ลดลง", "ระยะจากตลิ่ง (ม.)": "-7.17", "อัตราการไหล (ลบ.ม./วิ)": null, "% อัตราการไหล": null, "แนวโน้มอัตราการไหล": "คงที่", "Latitude": 7.545644, "Longitude": 99.96047, "เวลาบันทึกข้อมูล (UTC)": "2026-09-27T17:00:00.000Z", "เวลาบันทึกข้อมูล (เวลาไทย)": null }, "geometry": { "type": "Point", "coordinates": [ 99.96047, 7.545644 ] } },
{ "type": "Feature", "properties": { "รหัสสถานี": "TSL39", "ชื่อสถานี": "คลองหวะตอนบน", "จังหวัด": "สงขลา", "ระดับน้ำปัจจุบัน (ม.รทก.)": 19.84, "ระดับตลิ่ง (ม.รทก.)": null, "ระดับน้ำเทียบตลิ่ง (%)": -8.7, "แนวโน้มระดับน้ำ": "คงที่", "ระยะจากตลิ่ง (ม.)": "-5.37", "อัตราการไหล (ลบ.ม./วิ)": null, "% อัตราการไหล": null, "แนวโน้มอัตราการไหล": "คงที่", "Latitude": 6.969362, "Longitude": 100.5583, "เวลาบันทึกข้อมูล (UTC)": "2026-09-27T17:00:00.000Z", "เวลาบันทึกข้อมูล (เวลาไทย)": null }, "geometry": { "type": "Point", "coordinates": [ 100.5583, 6.969362 ] } },
{ "type": "Feature", "properties": { "รหัสสถานี": "Tpat.10", "ชื่อสถานี": "ท้ายเขื่อนบางลาง", "จังหวัด": "ยะลา", "ระดับน้ำปัจจุบัน (ม.รทก.)": 40.6, "ระดับตลิ่ง (ม.รทก.)": null, "ระดับน้ำเทียบตลิ่ง (%)": -10.87, "แนวโน้มระดับน้ำ": "ลดลง", "ระยะจากตลิ่ง (ม.)": "-10.20", "อัตราการไหล (ลบ.ม./วิ)": null, "% อัตราการไหล": null, "แนวโน้มอัตราการไหล": "คงที่", "Latitude": 6.160801, "Longitude": 101.27608, "เวลาบันทึกข้อมูล (UTC)": "2026-09-27T17:00:00.000Z", "เวลาบันทึกข้อมูล (เวลาไทย)": null }, "geometry": { "type": "Point", "coordinates": [ 101.27608, 6.160801 ] } },
{ "type": "Feature", "properties": { "รหัสสถานี": "TPB17", "ชื่อสถานี": "สถานีเขื่อนเพชร (ท้ายน้ำ)", "จังหวัด": "เพชรบุรี", "ระดับน้ำปัจจุบัน (ม.รทก.)": 6.91, "ระดับตลิ่ง (ม.รทก.)": null, "ระดับน้ำเทียบตลิ่ง (%)": -15.14, "แนวโน้มระดับน้ำ": "คงที่", "ระยะจากตลิ่ง (ม.)": "-12.09", "อัตราการไหล (ลบ.ม./วิ)": null, "% อัตราการไหล": null, "แนวโน้มอัตราการไหล": "คงที่", "Latitude": 12.914265, "Longitude": 99.854454, "เวลาบันทึกข้อมูล (UTC)": "2026-09-27T17:00:00.000Z", "เวลาบันทึกข้อมูล (เวลาไทย)": null }, "geometry": { "type": "Point", "coordinates": [ 99.854454, 12.914265 ] } },
{ "type": "Feature", "properties": { "รหัสสถานี": "TSL40", "ชื่อสถานี": "คลองหวะตอนล่าง", "จังหวัด": "สงขลา", "ระดับน้ำปัจจุบัน (ม.รทก.)": 1.25, "ระดับตลิ่ง (ม.รทก.)": null, "ระดับน้ำเทียบตลิ่ง (%)": -19.8, "แนวโน้มระดับน้ำ": "เพิ่มขึ้น", "ระยะจากตลิ่ง (ม.)": "-7.14", "อัตราการไหล (ลบ.ม./วิ)": null, "% อัตราการไหล": null, "แนวโน้มอัตราการไหล": "คงที่", "Latitude": 6.987312, "Longitude": 100.474045, "เวลาบันทึกข้อมูล (UTC)": "2026-09-27T17:00:00.000Z", "เวลาบันทึกข้อมูล (เวลาไทย)": null }, "geometry": { "type": "Point", "coordinates": [ 100.474045, 6.987312 ] } },
{ "type": "Feature", "properties": { "รหัสสถานี": "TE.109", "ชื่อสถานี": "ฝายร้อยเอ็ด (บ้านดอนวิเวก)", "จังหวัด": "ร้อยเอ็ด", "ระดับน้ำปัจจุบัน (ม.รทก.)": -18.11, "ระดับตลิ่ง (ม.รทก.)": null, "ระดับน้ำเทียบตลิ่ง (%)": -125.92, "แนวโน้มระดับน้ำ": "คงที่", "ระยะจากตลิ่ง (ม.)": "-27.11", "อัตราการไหล (ลบ.ม./วิ)": null, "% อัตราการไหล": null, "แนวโน้มอัตราการไหล": "คงที่", "Latitude": 16.171793, "Longitude": 103.78859, "เวลาบันทึกข้อมูล (UTC)": "2026-09-27T17:00:00.000Z", "เวลาบันทึกข้อมูล (เวลาไทย)": null }, "geometry": { "type": "Point", "coordinates": [ 103.78859, 16.171793 ] } },
{ "type": "Feature", "properties": { "รหัสสถานี": "Tkol.2(TX.358)", "ชื่อสถานี": "โรงเรียนบ้านปะลุกา", "จังหวัด": "นราธิวาส", "ระดับน้ำปัจจุบัน (ม.รทก.)": -9.99, "ระดับตลิ่ง (ม.รทก.)": null, "ระดับน้ำเทียบตลิ่ง (%)": -129.8, "แนวโน้มระดับน้ำ": "คงที่", "ระยะจากตลิ่ง (ม.)": "-11.49", "อัตราการไหล (ลบ.ม./วิ)": null, "% อัตราการไหล": null, "แนวโน้มอัตราการไหล": "คงที่", "Latitude": 6.180447, "Longitude": 102.080154, "เวลาบันทึกข้อมูล (UTC)": "2026-09-27T17:00:00.000Z", "เวลาบันทึกข้อมูล (เวลาไทย)": null }, "geometry": { "type": "Point", "coordinates": [ 102.080154, 6.180447 ] } },
{ "type": "Feature", "properties": { "รหัสสถานี": "TSN10", "ชื่อสถานี": "ประตูระบายน้ำสามแก้ว", "จังหวัด": "ชุมพร", "ระดับน้ำปัจจุบัน (ม.รทก.)": -9.99, "ระดับตลิ่ง (ม.รทก.)": null, "ระดับน้ำเทียบตลิ่ง (%)": -166.5, "แนวโน้มระดับน้ำ": "คงที่", "ระยะจากตลิ่ง (ม.)": "-15.99", "อัตราการไหล (ลบ.ม./วิ)": null, "% อัตราการไหล": null, "แนวโน้มอัตราการไหล": "คงที่", "Latitude": 10.520002, "Longitude": 99.18323, "เวลาบันทึกข้อมูล (UTC)": "2026-09-27T17:00:00.000Z", "เวลาบันทึกข้อมูล (เวลาไทย)": null }, "geometry": { "type": "Point", "coordinates": [ 99.18323, 10.520002 ] } },
{ "type": "Feature", "properties": { "รหัสสถานี": "TPN02", "ชื่อสถานี": "บ้านสองพี่น้อง", "จังหวัด": "นครศรีธรรมราช", "ระดับน้ำปัจจุบัน (ม.รทก.)": -9.99, "ระดับตลิ่ง (ม.รทก.)": null, "ระดับน้ำเทียบตลิ่ง (%)": -249.75, "แนวโน้มระดับน้ำ": "คงที่", "ระยะจากตลิ่ง (ม.)": "-13.99", "อัตราการไหล (ลบ.ม./วิ)": null, "% อัตราการไหล": null, "แนวโน้มอัตราการไหล": "คงที่", "Latitude": 8.301503, "Longitude": 100.193085, "เวลาบันทึกข้อมูล (UTC)": "2026-09-27T17:00:00.000Z", "เวลาบันทึกข้อมูล (เวลาไทย)": null }, "geometry": { "type": "Point", "coordinates": [ 100.193085, 8.301503 ] } },
{ "type": "Feature", "properties": { "รหัสสถานี": "TPN10", "ชื่อสถานี": "บ้านตูล", "จังหวัด": "นครศรีธรรมราช", "ระดับน้ำปัจจุบัน (ม.รทก.)": -9.99, "ระดับตลิ่ง (ม.รทก.)": null, "ระดับน้ำเทียบตลิ่ง (%)": -537.1, "แนวโน้มระดับน้ำ": "คงที่", "ระยะจากตลิ่ง (ม.)": "-11.85", "อัตราการไหล (ลบ.ม./วิ)": null, "% อัตราการไหล": null, "แนวโน้มอัตราการไหล": "คงที่", "Latitude": 8.041068, "Longitude": 99.98193, "เวลาบันทึกข้อมูล (UTC)": "2026-09-27T17:00:00.000Z", "เวลาบันทึกข้อมูล (เวลาไทย)": null }, "geometry": { "type": "Point", "coordinates": [ 99.98193, 8.041068 ] } },
{ "type": "Feature", "properties": { "รหัสสถานี": "TE.115", "ชื่อสถานี": "วัดเสมาท่าค้อ", "จังหวัด": "ร้อยเอ็ด", "ระดับน้ำปัจจุบัน (ม.รทก.)": -999.0, "ระดับตลิ่ง (ม.รทก.)": null, "ระดับน้ำเทียบตลิ่ง (%)": -9990.0, "แนวโน้มระดับน้ำ": "คงที่", "ระยะจากตลิ่ง (ม.)": "-1009.00", "อัตราการไหล (ลบ.ม./วิ)": null, "% อัตราการไหล": null, "แนวโน้มอัตราการไหล": "คงที่", "Latitude": 15.840905, "Longitude": 103.96517, "เวลาบันทึกข้อมูล (UTC)": "2026-09-27T17:00:00.000Z", "เวลาบันทึกข้อมูล (เวลาไทย)": null }, "geometry": { "type": "Point", "coordinates": [ 103.96517, 15.840905 ] } },
{ "type": "Feature", "properties": { "รหัสสถานี": "TE.116", "ชื่อสถานี": "บ้านหนองเป็ด", "จังหวัด": "ชัยภูมิ", "ระดับน้ำปัจจุบัน (ม.รทก.)": null, "ระดับตลิ่ง (ม.รทก.)": null, "ระดับน้ำเทียบตลิ่ง (%)": null, "แนวโน้มระดับน้ำ": "คงที่", "ระยะจากตลิ่ง (ม.)": null, "อัตราการไหล (ลบ.ม./วิ)": null, "% อัตราการไหล": null, "แนวโน้มอัตราการไหล": "คงที่", "Latitude": 16.011084, "Longitude": 101.64934, "เวลาบันทึกข้อมูล (UTC)": "2026-09-27T17:00:00.000Z", "เวลาบันทึกข้อมูล (เวลาไทย)": null }, "geometry": { "type": "Point", "coordinates": [ 101.64934, 16.011084 ] } },
{ "type": "Feature", "properties": { "รหัสสถานี": "TM.206  (U/S), (D/S)", "ชื่อสถานี": "Tฝายยางบ้านตะลุง (U/S), (D/S)", "จังหวัด": "สุรินทร์", "ระดับน้ำปัจจุบัน (ม.รทก.)": null, "ระดับตลิ่ง (ม.รทก.)": null, "ระดับน้ำเทียบตลิ่ง (%)": null, "แนวโน้มระดับน้ำ": "คงที่", "ระยะจากตลิ่ง (ม.)": null, "อัตราการไหล (ลบ.ม./วิ)": null, "% อัตราการไหล": null, "แนวโน้มอัตราการไหล": "คงที่", "Latitude": 15.29329, "Longitude": 103.54115, "เวลาบันทึกข้อมูล (UTC)": "2026-09-27T17:00:00.000Z", "เวลาบันทึกข้อมูล (เวลาไทย)": null }, "geometry": { "type": "Point", "coordinates": [ 103.54115, 15.29329 ] } },
{ "type": "Feature", "properties": { "รหัสสถานี": "TE.107", "ชื่อสถานี": "ฝายยโสธร", "จังหวัด": "ยโสธร", "ระดับน้ำปัจจุบัน (ม.รทก.)": null, "ระดับตลิ่ง (ม.รทก.)": null, "ระดับน้ำเทียบตลิ่ง (%)": null, "แนวโน้มระดับน้ำ": "คงที่", "ระยะจากตลิ่ง (ม.)": null, "อัตราการไหล (ลบ.ม./วิ)": null, "% อัตราการไหล": null, "แนวโน้มอัตราการไหล": "คงที่", "Latitude": 15.732567, "Longitude": 104.13161, "เวลาบันทึกข้อมูล (UTC)": "2026-09-27T17:00:00.000Z", "เวลาบันทึกข้อมูล (เวลาไทย)": null }, "geometry": { "type": "Point", "coordinates": [ 104.13161, 15.732567 ] } },
{ "type": "Feature", "properties": { "รหัสสถานี": "TTR.01", "ชื่อสถานี": "ชลประทานวังกระแจะ", "จังหวัด": "ตราด", "ระดับน้ำปัจจุบัน (ม.รทก.)": null, "ระดับตลิ่ง (ม.รทก.)": null, "ระดับน้ำเทียบตลิ่ง (%)": null, "แนวโน้มระดับน้ำ": "คงที่", "ระยะจากตลิ่ง (ม.)": null, "อัตราการไหล (ลบ.ม./วิ)": null, "% อัตราการไหล": null, "แนวโน้มอัตราการไหล": "คงที่", "Latitude": 12.250492, "Longitude": 102.530205, "เวลาบันทึกข้อมูล (UTC)": "2026-09-27T17:00:00.000Z", "เวลาบันทึกข้อมูล (เวลาไทย)": null }, "geometry": { "type": "Point", "coordinates": [ 102.530205, 12.250492 ] } },
{ "type": "Feature", "properties": { "รหัสสถานี": "TM.203", "ชื่อสถานี": "T หลุมข้าว", "จังหวัด": "นครราชสีมา", "ระดับน้ำปัจจุบัน (ม.รทก.)": null, "ระดับตลิ่ง (ม.รทก.)": null, "ระดับน้ำเทียบตลิ่ง (%)": null, "แนวโน้มระดับน้ำ": "คงที่", "ระยะจากตลิ่ง (ม.)": null, "อัตราการไหล (ลบ.ม./วิ)": null, "% อัตราการไหล": null, "แนวโน้มอัตราการไหล": "คงที่", "Latitude": 15.24712, "Longitude": 102.34881, "เวลาบันทึกข้อมูล (UTC)": "2026-09-27T17:00:00.000Z", "เวลาบันทึกข้อมูล (เวลาไทย)": null }, "geometry": { "type": "Point", "coordinates": [ 102.34881, 15.24712 ] } },
{ "type": "Feature", "properties": { "รหัสสถานี": "TPN16", "ชื่อสถานี": "ปตร.แพรกเมือง", "จังหวัด": "นครศรีธรรมราช", "ระดับน้ำปัจจุบัน (ม.รทก.)": null, "ระดับตลิ่ง (ม.รทก.)": null, "ระดับน้ำเทียบตลิ่ง (%)": null, "แนวโน้มระดับน้ำ": "คงที่", "ระยะจากตลิ่ง (ม.)": null, "อัตราการไหล (ลบ.ม./วิ)": null, "% อัตราการไหล": null, "แนวโน้มอัตราการไหล": "คงที่", "Latitude": 8.016916, "Longitude": 100.30001, "เวลาบันทึกข้อมูล (UTC)": "2026-09-27T17:00:00.000Z", "เวลาบันทึกข้อมูล (เวลาไทย)": null }, "geometry": { "type": "Point", "coordinates": [ 100.30001, 8.016916 ] } },
{ "type": "Feature", "properties": { "รหัสสถานี": "TTR.05", "ชื่อสถานี": "เขาสมิง", "จังหวัด": "ตราด", "ระดับน้ำปัจจุบัน (ม.รทก.)": null, "ระดับตลิ่ง (ม.รทก.)": null, "ระดับน้ำเทียบตลิ่ง (%)": null, "แนวโน้มระดับน้ำ": "คงที่", "ระยะจากตลิ่ง (ม.)": null, "อัตราการไหล (ลบ.ม./วิ)": null, "% อัตราการไหล": null, "แนวโน้มอัตราการไหล": "คงที่", "Latitude": 12.348571, "Longitude": 102.45461, "เวลาบันทึกข้อมูล (UTC)": "2026-09-27T17:00:00.000Z", "เวลาบันทึกข้อมูล (เวลาไทย)": null }, "geometry": { "type": "Point", "coordinates": [ 102.45461, 12.348571 ] } },
{ "type": "Feature", "properties": { "รหัสสถานี": "TP.110", "ชื่อสถานี": "บ้านปากร้อง", "จังหวัด": "ตาก", "ระดับน้ำปัจจุบัน (ม.รทก.)": null, "ระดับตลิ่ง (ม.รทก.)": null, "ระดับน้ำเทียบตลิ่ง (%)": null, "แนวโน้มระดับน้ำ": "คงที่", "ระยะจากตลิ่ง (ม.)": null, "อัตราการไหล (ลบ.ม./วิ)": null, "% อัตราการไหล": null, "แนวโน้มอัตราการไหล": "คงที่", "Latitude": 16.863934, "Longitude": 99.11409, "เวลาบันทึกข้อมูล (UTC)": "2026-09-27T17:00:00.000Z", "เวลาบันทึกข้อมูล (เวลาไทย)": null }, "geometry": { "type": "Point", "coordinates": [ 99.11409, 16.863934 ] } },
{ "type": "Feature", "properties": { "รหัสสถานี": "TP.106", "ชื่อสถานี": "บ้านคลองน้ำไหลใต้", "จังหวัด": "กำแพงเพชร", "ระดับน้ำปัจจุบัน (ม.รทก.)": null, "ระดับตลิ่ง (ม.รทก.)": null, "ระดับน้ำเทียบตลิ่ง (%)": null, "แนวโน้มระดับน้ำ": "คงที่", "ระยะจากตลิ่ง (ม.)": null, "อัตราการไหล (ลบ.ม./วิ)": null, "% อัตราการไหล": null, "แนวโน้มอัตราการไหล": "คงที่", "Latitude": 16.121721, "Longitude": 99.37297, "เวลาบันทึกข้อมูล (UTC)": "2026-09-27T17:00:00.000Z", "เวลาบันทึกข้อมูล (เวลาไทย)": null }, "geometry": { "type": "Point", "coordinates": [ 99.37297, 16.121721 ] } },
{ "type": "Feature", "properties": { "รหัสสถานี": "TE.113", "ชื่อสถานี": "สบแม่น้ำชีห้วยสามหมอ (บ.วังสามหมอ)", "จังหวัด": "ชัยภูมิ", "ระดับน้ำปัจจุบัน (ม.รทก.)": null, "ระดับตลิ่ง (ม.รทก.)": null, "ระดับน้ำเทียบตลิ่ง (%)": null, "แนวโน้มระดับน้ำ": "คงที่", "ระยะจากตลิ่ง (ม.)": null, "อัตราการไหล (ลบ.ม./วิ)": null, "% อัตราการไหล": null, "แนวโน้มอัตราการไหล": "คงที่", "Latitude": 15.983583, "Longitude": 102.409225, "เวลาบันทึกข้อมูล (UTC)": "2026-09-27T17:00:00.000Z", "เวลาบันทึกข้อมูล (เวลาไทย)": null }, "geometry": { "type": "Point", "coordinates": [ 102.409225, 15.983583 ] } },
{ "type": "Feature", "properties": { "รหัสสถานี": "TPN03", "ชื่อสถานี": "ปตร.บางไทร", "จังหวัด": "นครศรีธรรมราช", "ระดับน้ำปัจจุบัน (ม.รทก.)": null, "ระดับตลิ่ง (ม.รทก.)": null, "ระดับน้ำเทียบตลิ่ง (%)": null, "แนวโน้มระดับน้ำ": "คงที่", "ระยะจากตลิ่ง (ม.)": null, "อัตราการไหล (ลบ.ม./วิ)": null, "% อัตราการไหล": null, "แนวโน้มอัตราการไหล": "คงที่", "Latitude": 8.262636, "Longitude": 100.18711, "เวลาบันทึกข้อมูล (UTC)": "2026-09-27T17:00:00.000Z", "เวลาบันทึกข้อมูล (เวลาไทย)": null }, "geometry": { "type": "Point", "coordinates": [ 100.18711, 8.262636 ] } },
{ "type": "Feature", "properties": { "รหัสสถานี": "TUP.10", "ชื่อสถานี": "สถานีแม่น้ำปิงที่ฝายหนองสลีก", "จังหวัด": "ลำพูน", "ระดับน้ำปัจจุบัน (ม.รทก.)": null, "ระดับตลิ่ง (ม.รทก.)": null, "ระดับน้ำเทียบตลิ่ง (%)": null, "แนวโน้มระดับน้ำ": "คงที่", "ระยะจากตลิ่ง (ม.)": null, "อัตราการไหล (ลบ.ม./วิ)": null, "% อัตราการไหล": null, "แนวโน้มอัตราการไหล": "คงที่", "Latitude": 18.525196, "Longitude": 98.90216, "เวลาบันทึกข้อมูล (UTC)": "2026-09-27T17:00:00.000Z", "เวลาบันทึกข้อมูล (เวลาไทย)": null }, "geometry": { "type": "Point", "coordinates": [ 98.90216, 18.525196 ] } },
{ "type": "Feature", "properties": { "รหัสสถานี": "TP.103", "ชื่อสถานี": "บ้านโชคชัยพัฒนา-หินดาต", "จังหวัด": "กำแพงเพชร", "ระดับน้ำปัจจุบัน (ม.รทก.)": null, "ระดับตลิ่ง (ม.รทก.)": null, "ระดับน้ำเทียบตลิ่ง (%)": null, "แนวโน้มระดับน้ำ": "คงที่", "ระยะจากตลิ่ง (ม.)": null, "อัตราการไหล (ลบ.ม./วิ)": null, "% อัตราการไหล": null, "แนวโน้มอัตราการไหล": "คงที่", "Latitude": 16.085972, "Longitude": 99.42064, "เวลาบันทึกข้อมูล (UTC)": "2026-09-27T17:00:00.000Z", "เวลาบันทึกข้อมูล (เวลาไทย)": null }, "geometry": { "type": "Point", "coordinates": [ 99.42064, 16.085972 ] } },
{ "type": "Feature", "properties": { "รหัสสถานี": "TK.66", "ชื่อสถานี": "วัดประชุมพลแสน", "จังหวัด": "ราชบุรี", "ระดับน้ำปัจจุบัน (ม.รทก.)": null, "ระดับตลิ่ง (ม.รทก.)": null, "ระดับน้ำเทียบตลิ่ง (%)": null, "แนวโน้มระดับน้ำ": "คงที่", "ระยะจากตลิ่ง (ม.)": null, "อัตราการไหล (ลบ.ม./วิ)": null, "% อัตราการไหล": null, "แนวโน้มอัตราการไหล": "คงที่", "Latitude": 13.5603, "Longitude": 99.3615, "เวลาบันทึกข้อมูล (UTC)": "2026-09-27T17:00:00.000Z", "เวลาบันทึกข้อมูล (เวลาไทย)": null }, "geometry": { "type": "Point", "coordinates": [ 99.3615, 13.5603 ] } },
{ "type": "Feature", "properties": { "รหัสสถานี": "TTC01", "ชื่อสถานี": "ปตร.พลเทพ", "จังหวัด": "ชัยนาท", "ระดับน้ำปัจจุบัน (ม.รทก.)": null, "ระดับตลิ่ง (ม.รทก.)": null, "ระดับน้ำเทียบตลิ่ง (%)": null, "แนวโน้มระดับน้ำ": "คงที่", "ระยะจากตลิ่ง (ม.)": null, "อัตราการไหล (ลบ.ม./วิ)": null, "% อัตราการไหล": null, "แนวโน้มอัตราการไหล": "คงที่", "Latitude": 15.215885, "Longitude": 100.073044, "เวลาบันทึกข้อมูล (UTC)": "2026-09-27T17:00:00.000Z", "เวลาบันทึกข้อมูล (เวลาไทย)": null }, "geometry": { "type": "Point", "coordinates": [ 100.073044, 15.215885 ] } },
{ "type": "Feature", "properties": { "รหัสสถานี": "TW.27", "ชื่อสถานี": "TW.27", "จังหวัด": "ลำปาง", "ระดับน้ำปัจจุบัน (ม.รทก.)": null, "ระดับตลิ่ง (ม.รทก.)": null, "ระดับน้ำเทียบตลิ่ง (%)": null, "แนวโน้มระดับน้ำ": "คงที่", "ระยะจากตลิ่ง (ม.)": null, "อัตราการไหล (ลบ.ม./วิ)": null, "% อัตราการไหล": null, "แนวโน้มอัตราการไหล": "คงที่", "Latitude": 18.811476, "Longitude": 99.57504, "เวลาบันทึกข้อมูล (UTC)": "2026-09-27T17:00:00.000Z", "เวลาบันทึกข้อมูล (เวลาไทย)": null }, "geometry": { "type": "Point", "coordinates": [ 99.57504, 18.811476 ] } },
{ "type": "Feature", "properties": { "รหัสสถานี": "TSK.16", "ชื่อสถานี": "วัดเวฬุวนาราม", "จังหวัด": "อุทัยธานี", "ระดับน้ำปัจจุบัน (ม.รทก.)": null, "ระดับตลิ่ง (ม.รทก.)": null, "ระดับน้ำเทียบตลิ่ง (%)": null, "แนวโน้มระดับน้ำ": "คงที่", "ระยะจากตลิ่ง (ม.)": null, "อัตราการไหล (ลบ.ม./วิ)": null, "% อัตราการไหล": null, "แนวโน้มอัตราการไหล": "คงที่", "Latitude": 15.325393, "Longitude": 100.07004, "เวลาบันทึกข้อมูล (UTC)": "2026-09-27T17:00:00.000Z", "เวลาบันทึกข้อมูล (เวลาไทย)": null }, "geometry": { "type": "Point", "coordinates": [ 100.07004, 15.325393 ] } },
{ "type": "Feature", "properties": { "รหัสสถานี": "TMK01", "ชื่อสถานี": "วัดศรัทธาธรรม", "จังหวัด": "สุทรสงคราม", "ระดับน้ำปัจจุบัน (ม.รทก.)": null, "ระดับตลิ่ง (ม.รทก.)": null, "ระดับน้ำเทียบตลิ่ง (%)": null, "แนวโน้มระดับน้ำ": "คงที่", "ระยะจากตลิ่ง (ม.)": null, "อัตราการไหล (ลบ.ม./วิ)": null, "% อัตราการไหล": null, "แนวโน้มอัตราการไหล": "คงที่", "Latitude": 13.3773, "Longitude": 99.993, "เวลาบันทึกข้อมูล (UTC)": "2026-09-27T17:00:00.000Z", "เวลาบันทึกข้อมูล (เวลาไทย)": null }, "geometry": { "type": "Point", "coordinates": [ 99.993, 13.3773 ] } },
{ "type": "Feature", "properties": { "รหัสสถานี": "TSN03", "ชื่อสถานี": "คลองท่าแซะ", "จังหวัด": "ชุมพร", "ระดับน้ำปัจจุบัน (ม.รทก.)": null, "ระดับตลิ่ง (ม.รทก.)": null, "ระดับน้ำเทียบตลิ่ง (%)": null, "แนวโน้มระดับน้ำ": "คงที่", "ระยะจากตลิ่ง (ม.)": null, "อัตราการไหล (ลบ.ม./วิ)": null, "% อัตราการไหล": null, "แนวโน้มอัตราการไหล": "คงที่", "Latitude": 10.921667, "Longitude": 99.21889, "เวลาบันทึกข้อมูล (UTC)": "2026-09-27T17:00:00.000Z", "เวลาบันทึกข้อมูล (เวลาไทย)": null }, "geometry": { "type": "Point", "coordinates": [ 99.21889, 10.921667 ] } },
{ "type": "Feature", "properties": { "รหัสสถานี": "Tpat.15", "ชื่อสถานี": "บ้านตาสา", "จังหวัด": "ยะลา", "ระดับน้ำปัจจุบัน (ม.รทก.)": null, "ระดับตลิ่ง (ม.รทก.)": null, "ระดับน้ำเทียบตลิ่ง (%)": null, "แนวโน้มระดับน้ำ": "คงที่", "ระยะจากตลิ่ง (ม.)": null, "อัตราการไหล (ลบ.ม./วิ)": null, "% อัตราการไหล": null, "แนวโน้มอัตราการไหล": "คงที่", "Latitude": 6.559238, "Longitude": 101.219925, "เวลาบันทึกข้อมูล (UTC)": "2026-09-27T17:00:00.000Z", "เวลาบันทึกข้อมูล (เวลาไทย)": null }, "geometry": { "type": "Point", "coordinates": [ 101.219925, 6.559238 ] } },
{ "type": "Feature", "properties": { "รหัสสถานี": "TY.45", "ชื่อสถานี": "บ้านไผ่โทน จ.แพร่", "จังหวัด": "แพร่", "ระดับน้ำปัจจุบัน (ม.รทก.)": null, "ระดับตลิ่ง (ม.รทก.)": null, "ระดับน้ำเทียบตลิ่ง (%)": null, "แนวโน้มระดับน้ำ": "คงที่", "ระยะจากตลิ่ง (ม.)": null, "อัตราการไหล (ลบ.ม./วิ)": null, "% อัตราการไหล": null, "แนวโน้มอัตราการไหล": "คงที่", "Latitude": 18.388018, "Longitude": 100.43311, "เวลาบันทึกข้อมูล (UTC)": "2026-09-27T17:00:00.000Z", "เวลาบันทึกข้อมูล (เวลาไทย)": null }, "geometry": { "type": "Point", "coordinates": [ 100.43311, 18.388018 ] } },
{ "type": "Feature", "properties": { "รหัสสถานี": "TY.51", "ชื่อสถานี": "ห้วยแม่พวก", "จังหวัด": "แพร่", "ระดับน้ำปัจจุบัน (ม.รทก.)": null, "ระดับตลิ่ง (ม.รทก.)": null, "ระดับน้ำเทียบตลิ่ง (%)": null, "แนวโน้มระดับน้ำ": "คงที่", "ระยะจากตลิ่ง (ม.)": null, "อัตราการไหล (ลบ.ม./วิ)": null, "% อัตราการไหล": null, "แนวโน้มอัตราการไหล": "คงที่", "Latitude": 17.96015, "Longitude": 100.06547, "เวลาบันทึกข้อมูล (UTC)": "2026-09-27T17:00:00.000Z", "เวลาบันทึกข้อมูล (เวลาไทย)": null }, "geometry": { "type": "Point", "coordinates": [ 100.06547, 17.96015 ] } },
{ "type": "Feature", "properties": { "รหัสสถานี": "TY.54", "ชื่อสถานี": "ปตร.คลองหกบาท", "จังหวัด": "สุโขทัย", "ระดับน้ำปัจจุบัน (ม.รทก.)": null, "ระดับตลิ่ง (ม.รทก.)": null, "ระดับน้ำเทียบตลิ่ง (%)": null, "แนวโน้มระดับน้ำ": "คงที่", "ระยะจากตลิ่ง (ม.)": null, "อัตราการไหล (ลบ.ม./วิ)": null, "% อัตราการไหล": null, "แนวโน้มอัตราการไหล": "คงที่", "Latitude": 17.37505, "Longitude": 99.80881, "เวลาบันทึกข้อมูล (UTC)": "2026-09-27T17:00:00.000Z", "เวลาบันทึกข้อมูล (เวลาไทย)": null }, "geometry": { "type": "Point", "coordinates": [ 99.80881, 17.37505 ] } },
{ "type": "Feature", "properties": { "รหัสสถานี": "LA05 (TX.335)", "ชื่อสถานี": "บ้านเหนือคลอง", "จังหวัด": "สตูล", "ระดับน้ำปัจจุบัน (ม.รทก.)": null, "ระดับตลิ่ง (ม.รทก.)": null, "ระดับน้ำเทียบตลิ่ง (%)": null, "แนวโน้มระดับน้ำ": "คงที่", "ระยะจากตลิ่ง (ม.)": null, "อัตราการไหล (ลบ.ม./วิ)": null, "% อัตราการไหล": null, "แนวโน้มอัตราการไหล": "คงที่", "Latitude": 6.995637, "Longitude": 100.01673, "เวลาบันทึกข้อมูล (UTC)": "2026-09-27T17:00:00.000Z", "เวลาบันทึกข้อมูล (เวลาไทย)": null }, "geometry": { "type": "Point", "coordinates": [ 100.01673, 6.995637 ] } }
]
}
