snapshot_date,รหัสสถานี,ชื่อสถานี,จังหวัด,ระดับน้ำปัจจุบัน (ม.รทก.),ระดับตลิ่ง (ม.รทก.),ระดับน้ำเทียบตลิ่ง (%),แนวโน้มระดับน้ำ,ระยะจากตลิ่ง (ม.),อัตราการไหล (ลบ.ม./วิ),% อัตราการไหล,แนวโน้มอัตราการไหล,Latitude,Longitude,เวลาบันทึกข้อมูล (UTC),เวลาบันทึกข้อมูล (เวลาไทย)
2026-10-08,ST_02,ฝายบ้านน้ำขุ่น,จันทบุรี,1.0900002,,172.27,คงที่,5.50,,,คงที่,12.905955,102.03969,2026-10-08T09:00:00.000Z,2026-10-08 16:00:00
2026-10-08,T.10,บ้านวัดพระรูป,สุพรรณบุรี,8.13,,137.11,คงที่,2.13,,,คงที่,14.47046,100.11477,2026-10-08T09:00:00.000Z,2026-10-08 16:00:00
2026-10-08,C.67,สะพานหัวเวียง,พระนครศรีอยุธยา,5.4,,128.4,ลดลง,2.65,,,คงที่,14.368509,100.41439,2026-10-08T09:00:00.000Z,2026-10-08 16:00:00
2026-10-08,CPY009,คลองบางหลวง,พระนครศรีอยุธยา,6.5,,125.11,ลดลง,2.19,,,คงที่,14.41584,100.44073,2026-10-08T08:50:00.000Z,2026-10-08 15:50:00
2026-10-08,THA006,บางตาเถร,สุพรรณบุรี,3.15,,124.1,คงที่,1.01,,,คงที่,14.1566,100.12746,2026-10-08T08:50:00.000Z,2026-10-08 15:50:00
2026-10-08,TKgt61,หอทอง,ปราจีนบุรี,4.67,,123.32,ลดลง,2.64,,,คงที่,13.960857,101.21648,2026-10-08T09:00:00.000Z,2026-10-08 16:00:00
2026-10-08,C.36,บ้านบางหลวงโดด,พระนครศรีอยุธยา,6.55,,121.95,ลดลง,2.25,885.0,200.68,ลดลง,14.41588,100.4408,2026-10-08T09:00:00.000Z,2026-10-08 16:00:00
2026-10-08,TKgt60,บางขนาก,ฉะเชิงเทรา,3.36,,121.8,ลดลง,2.37,,,คงที่,13.874795,101.14165,2026-10-08T09:00:00.000Z,2026-10-08 16:00:00
2026-10-08,BKC002,ปตร.วัดบางกระเจ้านอก,สมุทรปราการ,1.82,,120.97,เพิ่มขึ้น,0.56,,,คงที่,13.689612,100.554886,2026-10-08T08:50:00.000Z,2026-10-08 15:50:00
2026-10-08,CPY010,คลองบางบาล,พระนครศรีอยุธยา,7.3,,120.79,ลดลง,1.46,,,คงที่,14.42307,100.48184,2026-10-08T08:50:00.000Z,2026-10-08 15:50:00
2026-10-08,THA010,สองพี่น้อง,สุพรรณบุรี,3.26,,120.72,เพิ่มขึ้น,0.82,,,คงที่,14.21614,100.05018,2026-10-08T08:50:00.000Z,2026-10-08 15:50:00
2026-10-08,TTC05,วัดมณีวรรณ,สุพรรณบุรี,4.73,,120.61,คงที่,1.41,,,คงที่,14.3969,100.153,2026-10-08T09:00:00.000Z,2026-10-08 16:00:00
2026-10-08,TKgt53,บ้านตะเภาลาย,ปราจีนบุรี,3.99,,120.49,ลดลง,1.67,,,คงที่,14.012733,101.26519,2026-10-08T09:00:00.000Z,2026-10-08 16:00:00
2026-10-08,C.68,ตลาดเสนา,พระนครศรีอยุธยา,4.4,,117.39,ลดลง,1.20,,,คงที่,14.327789,100.40543,2026-10-08T09:00:00.000Z,2026-10-08 16:00:00
2026-10-08,TS.25,วัดจอมเกษ,พระนครศรีอยุธยา,4.17,,116.95,ลดลง,0.99,,,คงที่,14.414349,100.55782,2026-10-08T09:00:00.000Z,2026-10-08 16:00:00
2026-10-08,TNy9,สมบูรณ์,นครนายก,3.31,,114.9,ลดลง,1.38,,,คงที่,13.970388,101.1387,2026-10-08T09:00:00.000Z,2026-10-08 16:00:00
2026-10-08,T.13,บ้านบางการ้อง,สุพรรณบุรี,7.32,,114.44,เพิ่มขึ้น,0.92,,,คงที่,14.157,100.12791,2026-10-08T09:00:00.000Z,2026-10-08 16:00:00
2026-10-08,Kgt.3,อ. กบินทร์บุรี,ปราจีนบุรี,10.12,,113.43,ลดลง,1.33,698.4,128.38,ลดลง,13.98666,101.70541,2026-10-08T09:00:00.000Z,2026-10-08 16:00:00
2026-10-08,BPK004,พนมสารคาม,ฉะเชิงเทรา,6.28,,112.52,ลดลง,0.88,,,คงที่,13.726651,101.35296,2026-10-08T08:50:00.000Z,2026-10-08 15:50:00
2026-10-08,BPK003,บางน้ำเปรี้ยว,ฉะเชิงเทรา,3.02,,112.49,ลดลง,1.55,,,คงที่,13.870314,101.145744,2026-10-08T08:50:00.000Z,2026-10-08 15:50:00
2026-10-08,PAS008,ท่าเรือ,พระนครศรีอยุธยา,7.5,,111.89,ลดลง,1.38,,,คงที่,14.56018,100.7199,2026-10-08T08:50:00.000Z,2026-10-08 15:50:00
2026-10-08,BKC003,ปตร. คลองลัดบางยอ 1,สมุทรปราการ,1.77,,110.62,เพิ่มขึ้น,0.26,,,คงที่,13.676162,100.553085,2026-10-08T08:50:00.000Z,2026-10-08 15:50:00
2026-10-08,TK.72,วัดบางคนฑีใน,สมุทรสงคราม,2.28,,110.5,ลดลง,0.25,,,คงที่,13.4913,99.9445,2026-10-08T09:00:00.000Z,2026-10-08 16:00:00
2026-10-08,ONE022,คลองสามบาท บ้านกุดพิมาน,นครราชสีมา,202.21,,110.18,ลดลง,0.24,,,คงที่,15.310615,101.743996,2026-10-08T08:50:00.000Z,2026-10-08 15:50:00
2026-10-08,TKgt51,ประจันตคาม,ปราจีนบุรี,6.0,,109.57,ลดลง,0.58,,,คงที่,14.069966,101.51858,2026-10-08T09:00:00.000Z,2026-10-08 16:00:00
2026-10-08,T.PhakhaiRegulator,T.ปตร.ผักไห่,สระบุรี,4.66,,109.51,คงที่,0.41,,,คงที่,14.43626,100.375496,2026-10-08T09:00:00.000Z,2026-10-08 16:00:00
2026-10-08,T.15,วัดบางไผ่นารถ,นครปฐม,8.5,,109.08,ลดลง,0.70,,,คงที่,14.05221,100.17509,2026-10-08T09:00:00.000Z,2026-10-08 16:00:00
2026-10-08,LBI001,บางปะหัน,พระนครศรีอยุธยา,5.5,,108.87,ลดลง,0.81,,,คงที่,14.42734,100.55606,2026-10-08T08:50:00.000Z,2026-10-08 15:50:00
2026-10-08,C.35,บ้านป้อม,พระนครศรีอยุธยา,5.36,,107.43,ลดลง,1.01,1469.0,126.75,ลดลง,14.3691,100.52873,2026-10-08T09:00:00.000Z,2026-10-08 16:00:00
2026-10-08,THA005,เมืองสุพรรณบุรี,สุพรรณบุรี,5.44,,107.27,คงที่,0.48,,,คงที่,14.47047,100.11476,2026-10-08T08:50:00.000Z,2026-10-08 15:50:00
2026-10-08,CPY012,บางปะอิน,พระนครศรีอยุธยา,3.38,,106.77,ลดลง,0.76,,,คงที่,14.3045,100.56649,2026-10-08T08:50:00.000Z,2026-10-08 15:50:00
2026-10-08,K.58,บ้านปากแซง,กาญจนบุรี,6.85,,106.1,ลดลง,0.55,701.9,111.41,ลดลง,14.21513,99.0582,2026-10-08T09:00:00.000Z,2026-10-08 16:00:00
2026-10-08,VLGE13,ชุมแสงสงคราม,พิษณุโลก,41.03,,106.09,ลดลง,0.50,,,คงที่,16.858543,100.05964,2026-10-08T08:50:00.000Z,2026-10-08 15:50:00
2026-10-08,HDA005,วัดขนอนใต้,พระนครศรีอยุธยา,2.81,,106.06,คงที่,0.27,,,คงที่,14.28826,100.61136,2026-10-08T08:50:00.000Z,2026-10-08 15:50:00
2026-10-08,S.26,ท้ายเขื่อนพระรามหก,พระนครศรีอยุธยา,7.85,,105.4,ลดลง,0.65,720.0,113.74,ลดลง,14.56012,100.71994,2026-10-08T09:00:00.000Z,2026-10-08 16:00:00
2026-10-08,C.37,บ้านบางบาล,พระนครศรีอยุธยา,4.52,,105.29,ลดลง,0.38,114.0,117.53,ลดลง,14.36319,100.48483,2026-10-08T09:00:00.000Z,2026-10-08 16:00:00
2026-10-08,Kgt.1,บ้านหน้าเมือง,ปราจีนบุรี,4.61,,104.7,ลดลง,0.48,,,คงที่,14.05144,101.36738,2026-10-08T09:00:00.000Z,2026-10-08 16:00:00
2026-10-08,T.1,ที่ว่าการอ.นครชัยศรี,นครปฐม,11.72,,104.66,ลดลง,0.52,,,คงที่,13.80096,100.18803,2026-10-08T09:00:00.000Z,2026-10-08 16:00:00
2026-10-08,PRC005,ศรีมหาโพธิ (KGT6),ปราจีนบุรี,7.98,,103.94,ลดลง,0.40,,,คงที่,13.973438,101.51753,2026-10-08T08:30:00.000Z,2026-10-08 15:30:00
2026-10-08,Kgt.6,อ.ศรีมหาโพธิ์,ปราจีนบุรี,7.11,,103.67,ลดลง,0.50,,,คงที่,13.97341,101.51745,2026-10-08T09:00:00.000Z,2026-10-08 16:00:00
2026-10-08,PRC004,ประจันตคาม (KGT7A),ปราจีนบุรี,6.85,,103.26,ลดลง,0.19,,,คงที่,14.07091,101.51891,2026-10-08T08:50:00.000Z,2026-10-08 15:50:00
2026-10-08,PAS009,นครหลวง,พระนครศรีอยุธยา,4.16,,103.03,ลดลง,0.28,,,คงที่,14.40269,100.58636,2026-10-08T08:50:00.000Z,2026-10-08 15:50:00
2026-10-08,TK.74,โรงเรียนบ้านลาดใหญ่สามัคคี,สมุทรสงคราม,1.29,,102.68,ลดลง,0.10,,,คงที่,13.482,100.044,2026-10-08T08:45:00.000Z,2026-10-08 15:45:00
2026-10-08,TKgt56,บ้านโพธิ์,ฉะเชิงเทรา,2.14,,102.25,เพิ่มขึ้น,0.24,,,คงที่,13.58335,101.070915,2026-10-08T09:00:00.000Z,2026-10-08 16:00:00
2026-10-08,TKgt62,ศรีมหาโพธิ์,ปราจีนบุรี,8.04,,101.8,ลดลง,0.22,,,คงที่,13.973075,101.51253,2026-10-08T09:00:00.000Z,2026-10-08 16:00:00
2026-10-08,Kgt.30,สะพานหน้าสถานีดับเพลิงจังหวัด,ฉะเชิงเทรา,1.95,,101.73,เพิ่มขึ้น,0.25,,,คงที่,13.6888,101.07701,2026-10-08T09:00:00.000Z,2026-10-08 16:00:00
2026-10-08,TKgt58,เขื่อนทดน้ำบางปะกง,ฉะเชิงเทรา,2.57,,101.58,ลดลง,0.17,,,คงที่,13.706797,101.13695,2026-10-08T09:00:00.000Z,2026-10-08 16:00:00
2026-10-08,TTC03,ปตร.สามชุก,สุพรรณบุรี,3.7000003,,101.37,คงที่,0.05,,,คงที่,14.772463,100.08828,2026-10-08T09:00:00.000Z,2026-10-08 16:00:00
2026-10-08,Y.16,บางระกำ,พิษณุโลก,7.41,,101.36,เพิ่มขึ้น,0.11,,,คงที่,16.76204,100.12102,2026-10-08T09:00:00.000Z,2026-10-08 16:00:00
2026-10-08,BKK017,คลองจระเข้ใหญ่ บางเสาธง (วัดศรีวารีน้อย),สมุทรปราการ,0.45,,100.69,ลดลง,0.02,,,คงที่,13.66943,100.80058,2026-10-08T08:50:00.000Z,2026-10-08 15:50:00
2026-10-08,TK.62A,วัดท่าแย้,กาญจนบุรี,4.0,,100.59,ลดลง,0.28,,,คงที่,13.8126,99.4007,2026-10-08T09:00:00.000Z,2026-10-08 16:00:00
2026-10-08,"TM.204 (U/S), (D/S)","Tฝายชุมพวง (U/S), (D/S)",นครราชสีมา,3.850006,,100.2,เพิ่มขึ้น,0.29,,,คงที่,15.38652,102.71847,2026-10-08T08:45:00.000Z,2026-10-08 15:45:00
2026-10-08,"TM.202 (U/S), (D/S)","Tเขื่อนพิมาย (U/S), (D/S)",นครราชสีมา,6.25,,100.08,เพิ่มขึ้น,0.12,,,คงที่,15.22783,102.50134,2026-10-08T09:00:00.000Z,2026-10-08 16:00:00
2026-10-08,TK.77,วัดลิ่นถิ่น,กาญจนบุรี,1.9000015,,99.91,เพิ่มขึ้น,-0.07,,,คงที่,14.5613,98.7925,2026-10-08T09:00:00.000Z,2026-10-08 16:00:00
2026-10-08,RAY001,เมืองแกลง,ระยอง,3.96,,99.91,คงที่,-0.01,,,คงที่,12.803011,101.65024,2026-10-08T08:50:00.000Z,2026-10-08 15:50:00
2026-10-08,Y.64,บางระกำ,พิษณุโลก,6.39,,99.88,เพิ่มขึ้น,-0.01,,,คงที่,16.70811,100.17184,2026-10-08T09:00:00.000Z,2026-10-08 16:00:00
2026-10-08,"TM.194 (U/S), (D/S)","T ขรน.มะเกลือใหม่ (U/S), (D/S)",นครราชสีมา,1.9000092,,99.8,เพิ่มขึ้น,-0.44,,,คงที่,14.88003,101.76168,2026-10-08T09:00:00.000Z,2026-10-08 16:00:00
2026-10-08,TM.1A,TM.1A (วัดใหม่อัมพร),นครราชสีมา,3.7200012,,99.62,ลดลง,-0.80,,,คงที่,14.90168,101.81711,2026-10-08T09:00:00.000Z,2026-10-08 16:00:00
2026-10-08,"TM.195 (U/S), (D/S)","T ขรน.กันผม (U/S), (D/S)",นครราชสีมา,4.3399963,,99.59,เพิ่มขึ้น,-0.68,,,คงที่,15.014,102.23379,2026-10-08T09:00:00.000Z,2026-10-08 16:00:00
2026-10-08,TE.102,ท้ายเขื่อนลำปะทาว,ชัยภูมิ,3.7000122,,99.58,คงที่,-1.93,,,คงที่,16.063515,102.040565,2026-10-08T09:00:00.000Z,2026-10-08 16:00:00
2026-10-08,TM.193,T สะพานบ้านหัน,นครราชสีมา,1.949997,,99.53,เพิ่มขึ้น,-0.95,,,คงที่,14.73907,102.00011,2026-10-08T09:00:00.000Z,2026-10-08 16:00:00
2026-10-08,TKL.86,บ้านไร่ม่วง,เลย,1.1100006,,99.51,ลดลง,-1.25,,,คงที่,17.490452,101.68759,2026-10-08T09:00:00.000Z,2026-10-08 16:00:00
2026-10-08,SKG003,สะพานต้นน้ำ (เกาะแก้ว-ตลิ่งสูง),กำแพงเพชร,118.04,,99.51,ลดลง,-0.08,,,คงที่,15.91465,99.4194,2026-10-08T08:50:00.000Z,2026-10-08 15:50:00
2026-10-08,TM.50,TM.50 (วัดแชะ),นครราชสีมา,2.7899933,,99.46,เพิ่มขึ้น,-1.09,,,คงที่,14.51989,102.2431,2026-10-08T09:00:00.000Z,2026-10-08 16:00:00
2026-10-08,MUN003,ชุมพวง,นครราชสีมา,147.53,,99.43,ลดลง,-0.04,,,คงที่,15.286645,102.68465,2026-10-08T08:50:00.000Z,2026-10-08 15:50:00
2026-10-08,TM.196,T-MUN3 (ฝายโคกตอง),นครราชสีมา,7.279999,,99.36,ลดลง,-0.95,,,คงที่,15.29435,102.6924,2026-10-08T09:00:00.000Z,2026-10-08 16:00:00
2026-10-08,"TM.205  (U/S), (D/S)","Tฝายยางบ้านเขว้า  (U/S), (D/S)",บุรีรัมย์,4.450012,,99.35,เพิ่มขึ้น,-0.86,,,คงที่,15.41209,103.10189,2026-10-08T09:00:00.000Z,2026-10-08 16:00:00
2026-10-08,BKK020,คลองลาดพร้าว ปากคลอง2สายใต้,กรุงเทพมหานคร,1.94,,99.09,ลดลง,-0.03,,,คงที่,13.93181,100.63951,2026-10-08T08:50:00.000Z,2026-10-08 15:50:00
2026-10-08,TKH.130,อ่างเก็บน้ำห้วยหลวง,อุดรธานี,4.800003,,99.06,ลดลง,-1.92,,,คงที่,17.375118,102.59914,2026-10-08T09:00:00.000Z,2026-10-08 16:00:00
2026-10-08,TTC07,โรงเรียนวัดบางปลา,นครปฐม,3.11,,99.05,ลดลง,-0.08,,,คงที่,13.983198,100.179054,2026-10-08T08:45:00.000Z,2026-10-08 15:45:00
2026-10-08,TE.129,ฝายบ้านดอนปอ,หนองบัวลำภู,2.3399963,,99.01,เพิ่มขึ้น,-1.83,,,คงที่,16.914654,102.382706,2026-10-08T09:00:00.000Z,2026-10-08 16:00:00
2026-10-08,TE.120,กุดน้ำใส,ขอนแก่น,12.149994,,98.93,เพิ่มขึ้น,-1.78,,,คงที่,16.73133,102.77117,2026-10-08T09:00:00.000Z,2026-10-08 16:00:00
2026-10-08,TKL.122,บ้านเลยวังไสย์,เลย,1.2000122,,98.91,ลดลง,-5.59,,,คงที่,17.056541,101.51605,2026-10-08T09:00:00.000Z,2026-10-08 16:00:00
2026-10-08,BKK009,คลองลำปลาทิว ลาดกระบัง,กรุงเทพมหานคร,0.58,,98.87,ลดลง,-0.04,,,คงที่,13.74071,100.79468,2026-10-08T08:50:00.000Z,2026-10-08 15:50:00
2026-10-08,TM.201 (D/S),T ปตร.น้ำเค็ม (D/S),นครราชสีมา,2.8799896,,98.86,เพิ่มขึ้น,-1.75,,,คงที่,15.20617,102.50055,2026-10-08T09:00:00.000Z,2026-10-08 16:00:00
2026-10-08,CPY014,สะพานนวลฉวี,นนทบุรี,2.32,,98.86,ลดลง,-0.18,,,คงที่,13.947542,100.535034,2026-10-08T08:50:00.000Z,2026-10-08 15:50:00
2026-10-08,TE.112,สบห้วยสามหมอแม่น้ำชี (บ.วังสามหมอ),ชัยภูมิ,6.0700073,,98.85,เพิ่มขึ้น,-1.95,,,คงที่,16.003199,102.372185,2026-10-08T09:00:00.000Z,2026-10-08 16:00:00
2026-10-08,TE.123,ฝายพรม-เชิญ,ขอนแก่น,4.6100006,,98.76,เพิ่มขึ้น,-2.75,,,คงที่,16.539064,102.0318,2026-10-08T09:00:00.000Z,2026-10-08 16:00:00
2026-10-08,TE.110,สบลำกระจวนแม่น้ำชี,ชัยภูมิ,1.699997,,98.75,ลดลง,-2.58,,,คงที่,15.781595,101.75438,2026-10-08T09:00:00.000Z,2026-10-08 16:00:00
2026-10-08,TKL.123,บ้านหนองบอน,เลย,3.3100128,,98.72,ลดลง,-3.18,,,คงที่,17.41509,101.715416,2026-10-08T09:00:00.000Z,2026-10-08 16:00:00
2026-10-08,TE.128,บุ่งเลิศ,ร้อยเอ็ด,0.9700012,,98.62,ลดลง,-2.43,,,คงที่,16.432484,104.185455,2026-10-08T09:00:00.000Z,2026-10-08 16:00:00
2026-10-08,THA008,สะพานนครชัยศรี,นครปฐม,1.81,,98.6,ลดลง,-0.14,,,คงที่,13.79216,100.19812,2026-10-08T08:50:00.000Z,2026-10-08 15:50:00
2026-10-08,TKH.124,สะพานห้วยน้ำขุ่น,อุดรธานี,1.5799866,,98.59,ลดลง,-2.42,,,คงที่,17.55009,102.958435,2026-10-08T09:00:00.000Z,2026-10-08 16:00:00
2026-10-08,T.14,ร.ร.เทศบาลบ้านสามพราน,นครปฐม,10.15,,98.54,ลดลง,-0.15,,,คงที่,13.72411,100.21568,2026-10-08T09:00:00.000Z,2026-10-08 16:00:00
2026-10-08,TE.122,วัดท่าประทาย,ขอนแก่น,2.4599915,,98.47,ลดลง,-2.28,,,คงที่,16.41384,102.91427,2026-10-08T09:00:00.000Z,2026-10-08 16:00:00
2026-10-08,TS.17,คลองน้ำจู,เพชรบูรณ์,4.0999985,,98.46,คงที่,-0.06,,,คงที่,16.04515,101.12285,2026-10-08T09:00:00.000Z,2026-10-08 16:00:00
2026-10-08,CPY004,สะพานธรรมจักร(วัดธรรมามูล),ชัยนาท,17.31,,98.41,ลดลง,-0.23,,,คงที่,15.25031,100.08348,2026-10-08T08:50:00.000Z,2026-10-08 15:50:00
2026-10-08,TM.145,TM.145,นครราชสีมา,-0.9499817,,98.36,ลดลง,-6.42,,,คงที่,14.49238,101.6835,2026-10-08T09:00:00.000Z,2026-10-08 16:00:00
2026-10-08,TKS.117,บ้านท่าสำราญ,บึงกาฬ,11.059998,,98.32,ลดลง,-2.44,,,คงที่,17.77897,103.95359,2026-10-08T09:00:00.000Z,2026-10-08 16:00:00
2026-10-08,TE.125,บ้านนางใย,มหาสารคาม,2.0099945,,98.19,คงที่,-2.60,,,คงที่,16.18648,103.3271,2026-10-08T09:00:00.000Z,2026-10-08 16:00:00
2026-10-08,C.29B,วัดกร่าง,ปทุมธานี,2.59,,98.13,ลดลง,-0.41,1746.0,48.50,ลดลง,14.116582,100.53743,2026-10-08T09:00:00.000Z,2026-10-08 16:00:00
2026-10-08,"TM.200 (U/S), (D/S)","Tฝายยางบ้านส้ม (U/S), (D/S)",นครราชสีมา,2.9600067,,98.13,ลดลง,-3.09,,,คงที่,15.021915,102.28049,2026-10-08T09:00:00.000Z,2026-10-08 16:00:00
2026-10-08,TY.56,สะพานเขาโค้ง,สุโขทัย,5.869999,,98.11,เพิ่มขึ้น,-0.13,,,คงที่,16.925978,99.890305,2026-10-08T09:00:00.000Z,2026-10-08 16:00:00
2026-10-08,TE.103,(บ้านโนนสมอ),ชัยภูมิ,1.25,,98.06,ลดลง,-3.57,,,คงที่,15.821446,102.03449,2026-10-08T09:00:00.000Z,2026-10-08 16:00:00
2026-10-08,TKL.126,บ้านโป่ง,เลย,3.019989,,97.99,เพิ่มขึ้น,-4.82,,,คงที่,17.71032,101.7109,2026-10-08T09:00:00.000Z,2026-10-08 16:00:00
2026-10-08,TKL.125,บ้านเพีย,เลย,0.38000488,,97.87,ลดลง,-6.01,,,คงที่,17.53106,101.83418,2026-10-08T09:00:00.000Z,2026-10-08 16:00:00
2026-10-08,LBI002,เมืองลพบุรี,ลพบุรี,6.37,,97.85,ลดลง,-0.16,,,คงที่,14.76047,100.59958,2026-10-08T08:50:00.000Z,2026-10-08 15:50:00
2026-10-08,TC.60,TC.60,นครสวรรค์,25.86,,97.84,เพิ่มขึ้น,-0.57,,,คงที่,15.67,100.33417,2026-10-08T09:00:00.000Z,2026-10-08 16:00:00
2026-10-08,MITP01,สะพานข้ามลำน้ำเชิญ (มิตรผลหนองเรือ),ขอนแก่น,182.75,,97.84,ลดลง,-0.11,,,คงที่,16.48885,102.419075,2026-10-08T08:50:00.000Z,2026-10-08 15:50:00
2026-10-08,C.12,กรมชลประทานสามเสน,กรุงเทพมหานคร,1.89,,97.79,เพิ่มขึ้น,-0.37,,,คงที่,13.78815,100.50915,2026-10-08T09:00:00.000Z,2026-10-08 16:00:00
2026-10-08,TK.65,ฝายทดน้ำลำเหย,กาญจนบุรี,3.6500015,,97.74,ลดลง,-2.23,,,คงที่,14.4678,99.4973,2026-10-08T09:00:00.000Z,2026-10-08 16:00:00
2026-10-08,TE.119,หอทะหลา มเหศักดิ์,กาฬสินธุ์,3.6599884,,97.69,เพิ่มขึ้น,-4.12,,,คงที่,16.684656,104.08239,2026-10-08T09:00:00.000Z,2026-10-08 16:00:00
2026-10-08,TKS.110,บ้านพันนา,สกลนคร,2.100006,,97.64,ลดลง,-3.90,,,คงที่,17.441923,103.57055,2026-10-08T09:00:00.000Z,2026-10-08 16:00:00
2026-10-08,TE.126,วัดโพธิ์ศรีท่าแห่,กาฬสินธุ์,5.119995,,97.51,เพิ่มขึ้น,-3.53,,,คงที่,16.236935,103.429,2026-10-08T09:00:00.000Z,2026-10-08 16:00:00
2026-10-08,LP-06,สถานีเขื่อนลำปาว,กาฬสินธุ์,3.369995,,97.49,ลดลง,-4.17,,,คงที่,16.604,103.46321,2026-10-08T09:00:00.000Z,2026-10-08 16:00:00
2026-10-08,TE.116,บ้านหนองเป็ด,ชัยภูมิ,-0.010009766,,97.44,คงที่,-5.61,,,คงที่,16.011084,101.64934,2026-10-08T09:00:00.000Z,2026-10-08 16:00:00
2026-10-08,MOU431,สะพานแม่น้ำแควใหญ่,ตาก,453.79,,97.44,ลดลง,-1.00,,,คงที่,16.04942,98.84473,2026-10-08T08:50:00.000Z,2026-10-08 15:50:00
2026-10-08,Kgt.12A,บ้านแก้ง,สระแก้ว,8.35,,97.41,ลดลง,-0.22,110.5,95.26,ลดลง,13.93635,101.97232,2026-10-08T09:00:00.000Z,2026-10-08 16:00:00
2026-10-08,TKS.121,บ้านป่งไฮ,บึงกาฬ,4.1600037,,97.41,ลดลง,-4.84,,,คงที่,18.02316,103.82134,2026-10-08T09:00:00.000Z,2026-10-08 16:00:00
2026-10-08,TM.4,TM.4,สุรินทร์,3.2400055,,97.38,ลดลง,-3.23,,,คงที่,15.367572,103.775116,2026-10-08T09:00:00.000Z,2026-10-08 16:00:00
2026-10-08,TKH.128,อบต. บ้านแมด,อุดรธานี,1.6399994,,97.32,ลดลง,-4.62,,,คงที่,17.445194,102.85453,2026-10-08T09:00:00.000Z,2026-10-08 16:00:00
2026-10-08,TKS.116,บ้านสุขสำราญ,สกลนคร,11.690002,,97.32,ลดลง,-4.31,,,คงที่,17.95482,103.68074,2026-10-08T09:00:00.000Z,2026-10-08 16:00:00
2026-10-08,TK.67,วัดศรีมงคล,กาญจนบุรี,2.1599998,,97.3,ลดลง,-1.59,,,คงที่,14.0182,99.1592,2026-10-08T09:00:00.000Z,2026-10-08 16:00:00
2026-10-08,TM.197 (D/S),T ปตร.ลำสะแทด (D/S),นครราชสีมา,-0.05000305,,97.18,ลดลง,-4.19,,,คงที่,15.41585,102.57328,2026-10-08T09:00:00.000Z,2026-10-08 16:00:00
2026-10-08,TK.64,ห้วยลำอีซู,กาญจนบุรี,-0.2000122,,97.15,คงที่,-4.22,,,คงที่,14.542453,99.37821,2026-10-08T09:00:00.000Z,2026-10-08 16:00:00
2026-10-08,TKS.107,เขื่อนน้ำอูน,สกลนคร,4.550003,,97.1,ลดลง,-5.45,,,คงที่,17.308556,103.737885,2026-10-08T09:00:00.000Z,2026-10-08 16:00:00
2026-10-08,TP.102,คลองวังหิน,กำแพงเพชร,2.9099998,,97.0,ลดลง,-0.14,,,คงที่,16.229584,99.696724,2026-10-08T09:00:00.000Z,2026-10-08 16:00:00
2026-10-08,TM.199,Tใต้ฝายห้วยขะยุง,ศรีสะเกษ,0.7899933,,96.97,ลดลง,-4.41,,,คงที่,14.680312,104.693596,2026-10-08T09:00:00.000Z,2026-10-08 16:00:00
2026-10-08,LP-02,สถานีฝายกุมภวาปี,อุดรธานี,1.5299988,,96.9,คงที่,-5.29,,,คงที่,17.0762,103.0233,2026-10-08T08:00:00.000Z,2026-10-08 15:00:00
2026-10-08,TKH.118,ปตร.ห้วยหลวง,หนองคาย,5.3600006,,96.9,เพิ่มขึ้น,-6.64,,,คงที่,18.016285,103.08178,2026-10-08T09:00:00.000Z,2026-10-08 16:00:00
2026-10-08,CPY008,เมืองอ่างทอง,อ่างทอง,8.37,,96.87,ลดลง,-0.41,,,คงที่,14.5765,100.44847,2026-10-08T08:50:00.000Z,2026-10-08 15:50:00
2026-10-08,HDA006,สะพานอนุสรณ์ 100 ปีสิงห์หบุรี (สะพานหลวงพ่อแพ 89),สิงห์บุรี,11.77,,96.87,ลดลง,-0.38,2834.13,,ลดลง,14.870226,100.4086,2026-10-08T08:50:00.000Z,2026-10-08 15:50:00
2026-10-08,TE.117,บ้านโนนเขวา,ขอนแก่น,1.2100067,,96.84,คงที่,-4.72,,,คงที่,16.35233,102.88133,2026-10-08T09:00:00.000Z,2026-10-08 16:00:00
2026-10-08,TE.101,บ้านไผ่ล้อม,ร้อยเอ็ด,5.6299896,,96.81,ลดลง,-4.41,,,คงที่,16.212109,103.73669,2026-10-08T09:00:00.000Z,2026-10-08 16:00:00
2026-10-08,TKH.120,สะพานห้วยบ้าน,อุดรธานี,0.69999695,,96.79,เพิ่มขึ้น,-5.30,,,คงที่,17.798357,103.03035,2026-10-08T09:00:00.000Z,2026-10-08 16:00:00
2026-10-08,TM.176,TM.176 (วัดลือชัย),ศรีสะเกษ,4.0499954,,96.59,ลดลง,-3.98,,,คงที่,15.01284,104.6566,2026-10-08T09:00:00.000Z,2026-10-08 16:00:00
2026-10-08,TPR.13,อ่างเก็บน้ำยางชุม,ประจวบคีรีขันธ์,4.040001,,96.49,เพิ่มขึ้น,-5.96,,,คงที่,12.084924,99.68343,2026-10-08T09:00:00.000Z,2026-10-08 16:00:00
2026-10-08,TKS.112,บ้านโพธิ์ชัยทอง,สกลนคร,4.6799927,,96.48,ลดลง,-5.32,,,คงที่,17.600224,103.98097,2026-10-08T09:00:00.000Z,2026-10-08 16:00:00
2026-10-08,TY.57,ปตร.บ้านวังสะตือ,สุโขทัย,9.75,,96.41,คงที่,-0.34,,,คงที่,16.87341,100.02551,2026-10-08T09:00:00.000Z,2026-10-08 16:00:00
2026-10-08,CPY007,พรหมบุรี,สิงห์บุรี,10.49,,96.39,ลดลง,-0.44,,,คงที่,14.7909,100.45184,2026-10-08T08:50:00.000Z,2026-10-08 15:50:00
2026-10-08,CPY015,สะพานกรุงเทพ,กรุงเทพมหานคร,1.49,,96.24,เพิ่มขึ้น,-0.67,,,คงที่,13.700287,100.492805,2026-10-08T08:50:00.000Z,2026-10-08 15:50:00
2026-10-08,BKK003,คลองมหาสวัสดิ บางกรวย-สวนผัก,กรุงเทพมหานคร,1.87,,96.07,ลดลง,-0.20,,,คงที่,13.79963,100.43866,2026-10-08T08:40:00.000Z,2026-10-08 15:40:00
2026-10-08,S.5,สะพานปรีดี-ธำรง,พระนครศรีอยุธยา,4.16,,95.94,ลดลง,-0.54,,,คงที่,14.35872,100.58045,2026-10-08T09:00:00.000Z,2026-10-08 16:00:00
2026-10-08,TPR.12,อ่างเก็บน้ำโป่งสามสิบ,ประจวบคีรีขันธ์,6.699997,,95.93,คงที่,-3.30,,,คงที่,11.1831,99.3493,2026-10-08T09:00:00.000Z,2026-10-08 16:00:00
2026-10-08,TE.118,โรงเรียนบ้านหนองหอย,มหาสารคาม,3.3899994,,95.85,เพิ่มขึ้น,-6.52,,,คงที่,16.20698,103.13701,2026-10-08T09:00:00.000Z,2026-10-08 16:00:00
2026-10-08,TE.109,ฝายร้อยเอ็ด (บ้านดอนวิเวก),ร้อยเอ็ด,5.4900055,,95.84,เพิ่มขึ้น,-5.71,,,คงที่,16.171793,103.78859,2026-10-08T09:00:00.000Z,2026-10-08 16:00:00
2026-10-08,TE.121,วัดศรีแก้ว,หนองบัวลำภู,0.16000366,,95.78,คงที่,-8.36,,,คงที่,16.871922,102.18107,2026-10-08T09:00:00.000Z,2026-10-08 16:00:00
2026-10-08,TKS.118,บ้านดงหนองบัว,นครพนม,8.660004,,95.69,เพิ่มขึ้น,-6.34,,,คงที่,17.692019,104.14854,2026-10-08T09:00:00.000Z,2026-10-08 16:00:00
2026-10-08,K.57,บ้านกระดังงา,สมุทรสงคราม,14.56,,95.68,ลดลง,-0.94,,,คงที่,13.49261,99.92401,2026-10-08T09:00:00.000Z,2026-10-08 16:00:00
2026-10-08,TMN 10,ฝายอำนาจเจริญ,อุบลราชธานี,3.5899963,,95.52,ลดลง,-5.32,,,คงที่,15.360334,104.68391,2026-10-08T09:00:00.000Z,2026-10-08 16:00:00
2026-10-08,TSK.6,เขื่อนทับเสลา,อุทัยธานี,10.789993,,95.49,เพิ่มขึ้น,-7.21,,,คงที่,15.543873,99.44768,2026-10-08T09:00:00.000Z,2026-10-08 16:00:00
2026-10-08,C.22A,กรมชลประทานปากเกร็ด,นนทบุรี,1.92,,95.31,ลดลง,-0.98,,,คงที่,13.89474,100.49199,2026-10-08T09:00:00.000Z,2026-10-08 16:00:00
2026-10-08,THA004,สามชุก,สุพรรณบุรี,7.69,,95.26,ลดลง,-0.26,,,คงที่,14.75138,100.09591,2026-10-08T08:50:00.000Z,2026-10-08 15:50:00
2026-10-08,TMN 08,บ้านวังยาง,อุบลราชธานี,2.9199982,,94.99,ลดลง,-6.00,,,คงที่,15.167267,104.71683,2026-10-08T09:00:00.000Z,2026-10-08 16:00:00
2026-10-08,X.265,หน้าวัดภูผาพิมุข,พัทลุง,7.58,,94.75,เพิ่มขึ้น,-0.42,,,คงที่,7.61689,100.0789,2026-10-08T09:00:00.000Z,2026-10-08 16:00:00
2026-10-08,C.13,ท้ายเขื่อนเจ้าพระยา,ชัยนาท,15.58,,94.67,คงที่,-0.76,2350.0,86.40,คงที่,15.16384,100.18792,2026-10-08T09:00:00.000Z,2026-10-08 16:00:00
2026-10-08,CPY005,สรรพยา,ชัยนาท,14.61,,94.57,ลดลง,-0.67,,,คงที่,15.10905,100.26788,2026-10-08T08:50:00.000Z,2026-10-08 15:50:00
2026-10-08,C.38,โรงเรียนคณะราษฎร์บำรุง,ปทุมธานี,2.35,,94.54,ลดลง,-1.10,,,คงที่,14.01987,100.53738,2026-10-08T09:00:00.000Z,2026-10-08 16:00:00
2026-10-08,HDA009,สะพานป่าโมก,อ่างทอง,7.46,,94.48,ลดลง,-0.51,,,คงที่,14.498097,100.449684,2026-10-08T08:50:00.000Z,2026-10-08 15:50:00
2026-10-08,MKSND03,วัดไชยชุมพลชนะสงคราม (วัดใต้),กาญจนบุรี,22.86,,94.44,ลดลง,-0.55,,,คงที่,14.01615,99.53029,2026-10-08T08:00:00.000Z,2026-10-08 15:00:00
2026-10-08,TM.198,Tสบห้วยเหนือ+ห้วยสำราญ,ศรีสะเกษ,2.4199982,,94.36,ลดลง,-7.51,,,คงที่,14.889,104.133,2026-10-08T09:00:00.000Z,2026-10-08 16:00:00
2026-10-08,TK.68,สะพานข้ามลำภาชี,ราชบุรี,2.1100006,,94.17,เพิ่มขึ้น,-3.46,,,คงที่,13.7521,99.4374,2026-10-08T09:00:00.000Z,2026-10-08 16:00:00
2026-10-08,CHAU01,คลองชะอวด,นครศรีธรรมราช,22.78,,94.08,ลดลง,-1.43,,,คงที่,7.96633,99.99435,2026-10-08T08:50:00.000Z,2026-10-08 15:50:00
2026-10-08,FOP022,สะพานวัดมงคลร่วมใจ (บ้านวังสาร),พิษณุโลก,38.4,,94.05,เพิ่มขึ้น,-0.44,,,คงที่,16.670525,100.3279,2026-10-08T08:50:00.000Z,2026-10-08 15:50:00
2026-10-08,TK.81,สำนักงานประปา  อบต.ท่ากระดาน สาขาแก่งแคบ,กาญจนบุรี,0.84000015,,93.9,ลดลง,-4.22,,,คงที่,14.365097,99.15402,2026-10-08T09:00:00.000Z,2026-10-08 16:00:00
2026-10-08,TMN 05,ฝายราษีไศล,ศรีสะเกษ,3.699997,,93.88,เพิ่มขึ้น,-7.55,,,คงที่,15.342538,104.09924,2026-10-08T09:00:00.000Z,2026-10-08 16:00:00
2026-10-08,TY.58,วัดท่าไม้,นครสวรรค์,7.16,,93.75,ลดลง,-0.47,,,คงที่,15.915064,100.24716,2026-10-08T09:00:00.000Z,2026-10-08 16:00:00
2026-10-08,T.PholarhepRegulator,T.ปตร.พลเทพ,ชัยนาท,16.8,,93.75,ลดลง,-0.43,,,คงที่,15.214294,100.073326,2026-10-08T09:00:00.000Z,2026-10-08 16:00:00
2026-10-08,HDA004,คลองช่องสะเดา,พระนครศรีอยุธยา,2.85,,93.68,คงที่,-0.18,,,คงที่,14.344748,100.67011,2026-10-08T08:50:00.000Z,2026-10-08 15:50:00
2026-10-08,C.7A,บ้านบางแก้ว,อ่างทอง,8.81,,93.45,ลดลง,-1.09,2344.0,81.90,ลดลง,14.59044,100.45329,2026-10-08T09:00:00.000Z,2026-10-08 16:00:00
2026-10-08,TKgt52,วัดสง่างาม,ปราจีนบุรี,5.59,,93.39,ลดลง,-0.90,,,คงที่,14.031634,101.42646,2026-10-08T09:00:00.000Z,2026-10-08 16:00:00
2026-10-08,TE.106,วัดอัมพวันนาราม,อุบลราชธานี,2.3299942,,93.38,ลดลง,-7.93,,,คงที่,15.2694,104.64478,2026-10-08T09:00:00.000Z,2026-10-08 16:00:00
2026-10-08,TKH.121,ศูนย์การเรียนรู้ อบต.เตาไห,อุดรธานี,3.0900116,,93.26,ลดลง,-11.56,,,คงที่,17.638449,103.09881,2026-10-08T09:00:00.000Z,2026-10-08 16:00:00
2026-10-08,"TM.206  (U/S), (D/S)","Tฝายยางบ้านตะลุง (U/S), (D/S)",สุรินทร์,-3.8099976,,93.17,คงที่,-8.51,,,คงที่,15.29329,103.54115,2026-10-08T08:45:00.000Z,2026-10-08 15:45:00
2026-10-08,TUP.16,สถานีเขื่อนแม่งัดสมบูรณ์ชล,เชียงใหม่,395.68,,93.17,เพิ่มขึ้น,-2.58,,,คงที่,19.16155,99.03961,2026-10-08T09:00:00.000Z,2026-10-08 16:00:00
2026-10-08,K.49,บ้านยางสูง,กาญจนบุรี,4.28,,92.99,ลดลง,-0.22,,,คงที่,14.48943,99.46979,2026-10-08T09:00:00.000Z,2026-10-08 16:00:00
2026-10-08,C.3,บ้านบางพุทรา,สิงห์บุรี,12.09,,92.83,ลดลง,-1.11,2407.0,80.31,ลดลง,14.89868,100.40186,2026-10-08T09:00:00.000Z,2026-10-08 16:00:00
2026-10-08,T.MakhamthaoRegulator,T.ปตร.มะขามเฒ่า,ชัยนาท,16.91,,92.56,ลดลง,-0.38,,,คงที่,15.222455,100.06222,2026-10-08T09:00:00.000Z,2026-10-08 16:00:00
2026-10-08,TSL17,เขาชัยสน,พัทลุง,5.65,,92.2,คงที่,-0.39,,,คงที่,7.47076,100.138,2026-10-08T09:00:00.000Z,2026-10-08 16:00:00
2026-10-08,TY.42,อำเภอโพธิ์ประทับช้าง จ.พิจิตร,พิจิตร,7.130001,,92.09,ลดลง,-2.88,,,คงที่,16.31032,100.27146,2026-10-08T09:00:00.000Z,2026-10-08 16:00:00
2026-10-08,CPY017,เสนา,พระนครศรีอยุธยา,3.17,,92.07,เพิ่มขึ้น,-0.42,,,คงที่,14.31973,100.37951,2026-10-08T08:50:00.000Z,2026-10-08 15:50:00
2026-10-08,Z.11,บ้านเขาวังไทร,ระยอง,6.05,,91.98,ลดลง,-0.48,144.0,85.71,ลดลง,12.85783,101.61574,2026-10-08T09:00:00.000Z,2026-10-08 16:00:00
2026-10-08,PAT002,เมืองยะลา,ยะลา,12.86,,91.82,ลดลง,-0.99,,,คงที่,6.675252,101.28636,2026-10-08T08:50:00.000Z,2026-10-08 15:50:00
2026-10-08,TNy10,คลองแม่น้ำใน(โพธิ์แทน),นครนายก,3.52,,91.78,ลดลง,-0.42,,,คงที่,14.212921,100.94245,2026-10-08T09:00:00.000Z,2026-10-08 16:00:00
2026-10-08,SKE001,คลองพระปรง,สระแก้ว,18.83,,91.67,ลดลง,-0.79,,,คงที่,13.9374,101.92199,2026-10-08T08:50:00.000Z,2026-10-08 15:50:00
2026-10-08,TRD001,เมืองตราด,ตราด,0.07,,91.66,เพิ่มขึ้น,-0.62,,,คงที่,12.325215,102.5005,2026-10-08T08:50:00.000Z,2026-10-08 15:50:00
2026-10-08,TKH.119,สะพานห้วยลม,อุดรธานี,1.7899933,,91.64,คงที่,-12.21,,,คงที่,17.323277,102.543785,2026-10-08T09:00:00.000Z,2026-10-08 16:00:00
2026-10-08,TE.127,ฝายยางลำน้ำยัง,ร้อยเอ็ด,0.87999725,,91.38,ลดลง,-11.55,,,คงที่,16.059906,104.03195,2026-10-08T09:00:00.000Z,2026-10-08 16:00:00
2026-10-08,THA009,เมืองสมุทรสาคร,สมุทรสาคร,1.15,,91.31,เพิ่มขึ้น,-0.77,,,คงที่,13.58597,100.23048,2026-10-08T08:50:00.000Z,2026-10-08 15:50:00
2026-10-08,Kgt.43A,บ้านนาแขม,ปราจีนบุรี,9.2,,91.2,ลดลง,-0.95,423.7,78.03,ลดลง,14.02174,101.75066,2026-10-08T09:00:00.000Z,2026-10-08 16:00:00
2026-10-08,TMN 12,ฝายลำเซบก,อุบลราชธานี,1.7600021,,91.19,ลดลง,-10.64,,,คงที่,15.427786,105.05549,2026-10-08T09:00:00.000Z,2026-10-08 16:00:00
2026-10-08,Tkol.11,บ้านแว้ง,นราธิวาส,1.6800003,,91.12,ลดลง,-1.82,,,คงที่,5.9266,101.8841,2026-10-08T09:00:00.000Z,2026-10-08 16:00:00
2026-10-08,PCH003,ท่ายาง,เพชรบุรี,25.71,,91.12,ลดลง,-0.38,,,คงที่,12.81334,99.79429,2026-10-08T08:50:00.000Z,2026-10-08 15:50:00
2026-10-08,TCP010,ทรบ. ปากคลองห้าวา (ทุ่งท่าวุ้ง),ลพบุรี,7.29,,91.12,เพิ่มขึ้น,-0.71,,,คงที่,14.818604,100.57653,2026-10-08T08:40:00.000Z,2026-10-08 15:40:00
2026-10-08,Kgt.13A,บ้านโนนสุขภูมิ,ปราจีนบุรี,15.19,,91.11,ลดลง,-0.98,302.6,88.48,ลดลง,13.91009,101.83821,2026-10-08T09:00:00.000Z,2026-10-08 16:00:00
2026-10-08,TY.55,แม่น้ำยม ปากคลองเข้า ปตร.บางพระ,สุโขทัย,7.5600014,,91.0,เพิ่มขึ้น,-0.77,,,คงที่,16.9145,99.8438,2026-10-08T09:00:00.000Z,2026-10-08 16:00:00
2026-10-08,K.2B,สะพานธนะรัชต์,ราชบุรี,12.97,,90.88,ลดลง,-1.33,,,คงที่,13.54115,99.82413,2026-10-08T09:00:00.000Z,2026-10-08 16:00:00
2026-10-08,M.185A,บ้านหินโคนเก่า,บุรีรัมย์,7.61,,90.6,ลดลง,-0.84,165.2,35.30,ลดลง,15.02688,102.80569,2026-10-08T09:00:00.000Z,2026-10-08 16:00:00
2026-10-08,TCP011,สถานีสูบน้ำคลองระบายชัยนาท-ป่าสัก 2 (ทุ่งเชียงราก),สิงห์บุรี,11.14,,90.57,คงที่,-1.16,,,คงที่,15.055055,100.32081,2026-10-08T08:50:00.000Z,2026-10-08 15:50:00
2026-10-08,Y.50,บ้านท่านางงาม,พิษณุโลก,5.22,,90.45,เพิ่มขึ้น,-0.88,228.6,81.64,เพิ่มขึ้น,16.78548,100.0885,2026-10-08T09:00:00.000Z,2026-10-08 16:00:00
2026-10-08,K.11A,บ้านวังขนาย,กาญจนบุรี,5.5,,90.41,ลดลง,-0.70,,,คงที่,13.95094,99.64548,2026-10-08T09:00:00.000Z,2026-10-08 16:00:00
2026-10-08,SKN002,สะพานตาบัว บ้านยาเด๊ะ,นราธิวาส,112.48,,89.64,ลดลง,-1.62,,,คงที่,5.827553,101.75235,2026-10-08T08:30:00.000Z,2026-10-08 15:30:00
2026-10-08,Y.52,บ้านวังจิก,พิจิตร,6.08,,89.61,ลดลง,-0.83,,,คงที่,16.35742,100.26379,2026-10-08T09:00:00.000Z,2026-10-08 16:00:00
2026-10-08,TRD003,วังกระแจะ,ตราด,0.53,,89.61,เพิ่มขึ้น,-0.70,,,คงที่,12.262464,102.52681,2026-10-08T08:50:00.000Z,2026-10-08 15:50:00
2026-10-08,MOU510,น้ำตกโตนแพรทอง,พัทลุง,399.08,,89.55,ลดลง,-0.42,,,คงที่,7.48415,99.8918,2026-10-08T08:50:00.000Z,2026-10-08 15:50:00
2026-10-08,M.184,บ้านซึม,นครราชสีมา,4.7,,89.47,เพิ่มขึ้น,-0.60,88.0,69.84,เพิ่มขึ้น,15.21996,102.4283,2026-10-08T09:00:00.000Z,2026-10-08 16:00:00
2026-10-08,TNy11,เขื่อนนายก,นครนายก,3.96,,88.66,ลดลง,-0.83,,,คงที่,14.18205,101.16216,2026-10-08T09:00:00.000Z,2026-10-08 16:00:00
2026-10-08,TPB15,บ้านแหลม,เพชรบุรี,1.68,,88.46,เพิ่มขึ้น,-0.48,,,คงที่,13.212777,99.98276,2026-10-08T09:00:00.000Z,2026-10-08 16:00:00
2026-10-08,RPBRPBD13,สะพานบ้างอ้อ อ.พุนพิน,สุราษฎร์ธานี,0.42,,88.31,ลดลง,-1.26,,,คงที่,9.074279,99.21762,2026-10-08T08:00:00.000Z,2026-10-08 15:00:00
2026-10-08,SKG004,สะพานแม่เล่ย์,นครสวรรค์,133.69,,88.25,ลดลง,-2.90,,,คงที่,15.84175,99.41808,2026-10-08T08:50:00.000Z,2026-10-08 15:50:00
2026-10-08,CPY006,อินทร์บุรี,สิงห์บุรี,13.49,,88.2,ลดลง,-1.61,,,คงที่,15.00598,100.33089,2026-10-08T08:50:00.000Z,2026-10-08 15:50:00
2026-10-08,RPBRPBD15,วัดโชติการาม อ.เมืองสุราษฎร์ธานี,สุราษฎร์ธานี,0.24,,88.12,ลดลง,-1.09,,,คงที่,9.191049,99.26379,2026-10-08T08:00:00.000Z,2026-10-08 15:00:00
2026-10-08,BNR.08,สะพานยะกัง,นราธิวาส,1.58,,88.08,ลดลง,-0.62,,,คงที่,6.40016,101.82338,2026-10-08T09:00:00.000Z,2026-10-08 16:00:00
2026-10-08,BKK013,คลองระพีพัฒน์แยกใต้ หนองเสือ,ปทุมธานี,3.42,,88.02,ลดลง,-0.54,,,คงที่,14.22058,100.8917,2026-10-08T08:50:00.000Z,2026-10-08 15:50:00
2026-10-08,PYO001,ท้ายกว๊านพะเยา,พะเยา,391.89,,87.95,ลดลง,-0.64,,,คงที่,19.159805,99.91415,2026-10-08T08:50:00.000Z,2026-10-08 15:50:00
2026-10-08,CHK001,บ่อดินขาว,นครสวรรค์,14.78,,87.92,ลดลง,-2.03,,,คงที่,15.169044,100.41471,2026-10-08T08:50:00.000Z,2026-10-08 15:50:00
2026-10-08,M.42,บ้านห้วยทับทัน,สุรินทร์,7.14,,87.85,ลดลง,-1.16,108.2,71.66,ลดลง,15.04821,104.02097,2026-10-08T09:00:00.000Z,2026-10-08 16:00:00
2026-10-08,X.281,บ้านดุสน,สตูล,28.42,,87.84,ลดลง,-0.77,,,คงที่,6.80353,100.09658,2026-10-08T09:00:00.000Z,2026-10-08 16:00:00
2026-10-08,CAN001,คลองระพีพัฒน์แยกตก,ปทุมธานี,3.92,,87.79,ลดลง,-0.63,,,คงที่,14.206145,100.744804,2026-10-08T08:50:00.000Z,2026-10-08 15:50:00
2026-10-08,TCP009,สถานีสูบน้ำปากคลองสระตาแวว (ทุ่งซ้ายคลองชัยนาท),ลพบุรี,13.32,,87.52,ลดลง,-1.90,,,คงที่,14.940776,100.5929,2026-10-08T08:50:00.000Z,2026-10-08 15:50:00
2026-10-08,TKgt54,ปากแม่น้ำบางปะกง,ฉะเชิงเทรา,0.6,,86.91,เพิ่มขึ้น,-1.53,,,คงที่,13.474833,100.98196,2026-10-08T09:00:00.000Z,2026-10-08 16:00:00
2026-10-08,TCP007,ทุ่งโพธิ์พระยา,สุพรรณบุรี,0.67,,86.8,เพิ่มขึ้น,-0.33,,,คงที่,14.320748,100.017395,2026-10-08T08:50:00.000Z,2026-10-08 15:50:00
2026-10-08,TS.24,คลองเพรียว,สระบุรี,6.8700004,,86.63,ลดลง,-1.06,,,คงที่,14.529712,100.93149,2026-10-08T09:00:00.000Z,2026-10-08 16:00:00
2026-10-08,BKK016,ปากคลองพระองค์เจ้าฯ (บางน้ำเปรี้ยว),ฉะเชิงเทรา,0.74,,86.34,คงที่,-0.50,,,คงที่,13.838202,100.96661,2026-10-08T08:50:00.000Z,2026-10-08 15:50:00
2026-10-08,ONE037,สะพานข้ามคลองอู่ตะเภา,สงขลา,0.06,,85.5,ลดลง,-0.78,,,คงที่,7.134991,100.45319,2026-10-08T08:50:00.000Z,2026-10-08 15:50:00
2026-10-08,TCP008,สถานีสูบน้ำปากคลองสายห้วยแก้ว (ทุ่งซ้ายคลองชัยนาท),ลพบุรี,13.2,,85.49,ลดลง,-2.24,,,คงที่,15.082774,100.55449,2026-10-08T08:50:00.000Z,2026-10-08 15:50:00
2026-10-08,TK.13,วัดท่าขนุน,กาญจนบุรี,5.159996,,85.48,เพิ่มขึ้น,-13.97,,,คงที่,14.742605,98.63525,2026-10-08T09:00:00.000Z,2026-10-08 16:00:00
2026-10-08,SKN003,สะพานกะลูบี บ้านสายปารี,นราธิวาส,21.48,,85.32,ลดลง,-2.54,,,คงที่,5.895709,101.76639,2026-10-08T08:50:00.000Z,2026-10-08 15:50:00
2026-10-08,ONE006,ปตร.ธรณิศนฤมิต-เหนือน้ำ,นครพนม,138.46,,85.17,เพิ่มขึ้น,-1.79,,,คงที่,16.92319,104.7161,2026-10-08T08:50:00.000Z,2026-10-08 15:50:00
2026-10-08,MKSND06,โรงเรียนบ้านทุ่งนานางหรอก,กาญจนบุรี,42.76,,85.08,ลดลง,-2.38,56.66,,ลดลง,14.17509,99.43382,2026-10-08T08:00:00.000Z,2026-10-08 15:00:00
2026-10-08,TSK.14,อบต.สว่างแจ้งสบายใจ,อุทัยธานี,4.4799976,,84.85,เพิ่มขึ้น,-0.80,,,คงที่,15.559001,99.86481,2026-10-08T09:00:00.000Z,2026-10-08 16:00:00
2026-10-08,SKM001,สะพานนาทม,สกลนคร,142.04,,84.85,ลดลง,-1.82,,,คงที่,17.777632,104.01503,2026-10-08T08:50:00.000Z,2026-10-08 15:50:00
2026-10-08,MOU074,คลองแม่รำพัน 1,สุโขทัย,62.36,,84.79,ลดลง,-0.48,,,คงที่,17.050398,99.66436,2026-10-08T08:50:00.000Z,2026-10-08 15:50:00
2026-10-08,TCP006,ปตร กุฎิ (ทุ่งป่าโมก),พระนครศรีอยุธยา,6.01,,84.77,ลดลง,-0.99,,,คงที่,14.412398,100.40116,2026-10-08T08:50:00.000Z,2026-10-08 15:50:00
2026-10-08,T.BorommathatRegulator,T.ปตร.บรมธาตุ,ชัยนาท,16.16,,84.67,ลดลง,-1.45,,,คงที่,15.15713,100.152985,2026-10-08T09:00:00.000Z,2026-10-08 16:00:00
2026-10-08,S.52,บ้านท่าไม้ทอง,เพชรบูรณ์,9.7,,84.58,ลดลง,-1.90,129.31,,ลดลง,15.43676,101.10109,2026-10-08T09:00:00.000Z,2026-10-08 16:00:00
2026-10-08,TS.19,คลองกองทูล,เพชรบูรณ์,5.779999,,84.3,ลดลง,-1.22,,,คงที่,15.937227,101.09412,2026-10-08T09:00:00.000Z,2026-10-08 16:00:00
2026-10-08,N.67,วัดเกยไชยเหนือ,นครสวรรค์,25.73,,84.17,ลดลง,-2.48,983.0,68.50,ลดลง,15.86918,100.26473,2026-10-08T09:00:00.000Z,2026-10-08 16:00:00
2026-10-08,TTC09,วัดท่ากระบือ,สมุทรสาคร,1.35,,83.75,เพิ่มขึ้น,-0.65,,,คงที่,13.662052,100.223335,2026-10-08T09:00:00.000Z,2026-10-08 16:00:00
2026-10-08,BKK002,คลองเปรมประชากร หลักหก,ปทุมธานี,0.86,,83.67,ลดลง,-0.44,,,คงที่,13.96562,100.60259,2026-10-08T08:50:00.000Z,2026-10-08 15:50:00
2026-10-08,K.55A,สะพานค่ายหลวง,ราชบุรี,7.44,,83.63,ลดลง,-1.56,1188.8,68.72,ลดลง,13.80568,99.87159,2026-10-08T09:00:00.000Z,2026-10-08 16:00:00
2026-10-08,K.10,บ้านลุ่มสุ่ม,กาญจนบุรี,8.17,,83.62,ลดลง,-2.13,734.96,72.05,ลดลง,14.09243,99.17899,2026-10-08T09:00:00.000Z,2026-10-08 16:00:00
2026-10-08,BKK015,คลองหกวา ลำลูกกา คลอง8,ปทุมธานี,1.85,,83.49,ลดลง,-0.86,,,คงที่,13.94162,100.77497,2026-10-08T08:50:00.000Z,2026-10-08 15:50:00
2026-10-08,SKM005,สว่างแดนดิน,สกลนคร,154.93,,83.44,ลดลง,-1.30,,,คงที่,17.59475,103.38447,2026-10-08T08:50:00.000Z,2026-10-08 15:50:00
2026-10-08,Y.5,หน้าอำเภอโพทะเล,พิจิตร,7.11,,83.39,ลดลง,-0.99,,,คงที่,16.09481,100.2599,2026-10-08T09:00:00.000Z,2026-10-08 16:00:00
2026-10-08,HDA012,สะพานแมน้ำปาสัก บ้านนาโฉง,สระบุรี,9.85,,82.98,ลดลง,-1.57,1144.15,,ลดลง,14.546948,100.889786,2026-10-08T08:50:00.000Z,2026-10-08 15:50:00
2026-10-08,BKK006,คลองมหาชัย วัดพันท้ายนรสิงห์,สมุทรสาคร,0.62,,82.77,เพิ่มขึ้น,-0.68,,,คงที่,13.58185,100.36583,2026-10-08T08:50:00.000Z,2026-10-08 15:50:00
2026-10-08,PYO004,สะพานบ้านเจดีย์งาม,พะเยา,387.35,,82.73,ลดลง,-0.38,,,คงที่,19.186577,99.94391,2026-10-08T08:50:00.000Z,2026-10-08 15:50:00
2026-10-08,CPY016,คลองพระยาบรรลือ,พระนครศรีอยุธยา,2.65,,82.69,เพิ่มขึ้น,-0.87,,,คงที่,14.16479,100.30723,2026-10-08T08:50:00.000Z,2026-10-08 15:50:00
2026-10-08,TK.36,บ้านท่ามะนาว,กาญจนบุรี,2.5300026,,82.59,เพิ่มขึ้น,-7.41,,,คงที่,14.1647,99.2754,2026-10-08T09:00:00.000Z,2026-10-08 16:00:00
2026-10-08,TS.20,คลองท่าเสา,เพชรบูรณ์,4.580002,,82.3,ลดลง,-0.91,,,คงที่,15.893215,101.09118,2026-10-08T09:00:00.000Z,2026-10-08 16:00:00
2026-10-08,BKK021,คลองลาดพร้าว วัดบางบัว,กรุงเทพมหานคร,1.75,,82.29,ลดลง,-0.45,,,คงที่,13.854033,100.587265,2026-10-08T08:50:00.000Z,2026-10-08 15:50:00
2026-10-08,SKN001,สะพานไอร์ปาโจ,นราธิวาส,92.27,,82.28,ลดลง,-2.78,,,คงที่,5.835676,101.73485,2026-10-08T08:50:00.000Z,2026-10-08 15:50:00
2026-10-08,TCP003,ปตร.ลาดชะโด (ทุ่งผักไห่),พระนครศรีอยุธยา,3.97,,82.24,ลดลง,-1.03,,,คงที่,14.464408,100.366005,2026-10-08T08:50:00.000Z,2026-10-08 15:50:00
2026-10-08,TTr12,ฝายคลองนางน้อย,ตรัง,29.6,,82.22,เพิ่มขึ้น,-6.40,,,คงที่,7.549089,99.72682,2026-10-08T09:00:00.000Z,2026-10-08 16:00:00
2026-10-08,HDA007,สะพานค่ายบางระจัน,สิงห์บุรี,8.4,,82.16,ลดลง,-1.39,100.21,,ลดลง,14.815273,100.36446,2026-10-08T08:50:00.000Z,2026-10-08 15:50:00
2026-10-08,TKgt59,ฝายท่าลาด,ฉะเชิงเทรา,8.36,,82.13,ลดลง,-1.73,,,คงที่,13.707719,101.40141,2026-10-08T09:00:00.000Z,2026-10-08 16:00:00
2026-10-08,M.192,บ้านโนนค่า,นครราชสีมา,3.59,,82.12,เพิ่มขึ้น,-0.71,8.51,24.31,เพิ่มขึ้น,14.93225,101.86788,2026-10-08T09:00:00.000Z,2026-10-08 16:00:00
2026-10-08,E.2A,ประปายโสธร,ยโสธร,9.85,,81.71,เพิ่มขึ้น,-2.15,,,คงที่,15.79962,104.13486,2026-10-08T08:00:00.000Z,2026-10-08 15:00:00
2026-10-08,FOP039,สะพานท่าสำเภา,พัทลุง,0.21,,81.68,เพิ่มขึ้น,-1.12,,,คงที่,7.729597,100.10794,2026-10-08T08:50:00.000Z,2026-10-08 15:50:00
2026-10-08,TPB06,บ้านห้วยกวางจริง,เพชรบุรี,33.78,,81.39,คงที่,-10.22,,,คงที่,13.005179,99.74277,2026-10-08T09:00:00.000Z,2026-10-08 16:00:00
2026-10-08,HDA008,สะพานคลองส่งน้ำชลประทาน บ้านตลาดใหม่,อ่างทอง,4.18,,81.23,ลดลง,-0.79,890.95,,ลดลง,14.553482,100.31676,2026-10-08T08:50:00.000Z,2026-10-08 15:50:00
2026-10-08,TPB08,เขื่อนแก่งกระจาน (ท้ายน้ำ),เพชรบุรี,50.15,,80.89,เพิ่มขึ้น,-11.85,,,คงที่,12.909761,99.64162,2026-10-08T09:00:00.000Z,2026-10-08 16:00:00
2026-10-08,URTU03,ลำพะเนียง อ.เมือง,หนองบัวลำภู,208.8,,80.65,เพิ่มขึ้น,-1.34,66.75,,เพิ่มขึ้น,17.182447,102.43194,2026-10-08T08:00:00.000Z,2026-10-08 15:00:00
2026-10-08,KWN001,นครไทย,พิษณุโลก,201.15,,80.61,ลดลง,-1.05,,,คงที่,17.10701,100.84587,2026-10-08T08:50:00.000Z,2026-10-08 15:50:00
2026-10-08,Ny.7,เทศบาลเมือง,นครนายก,4.63,,80.45,ลดลง,-1.93,,,คงที่,14.20048,101.21931,2026-10-08T09:00:00.000Z,2026-10-08 16:00:00
2026-10-08,S.42,บ้านบ่อวัง,เพชรบูรณ์,9.38,,80.22,ลดลง,-1.62,162.7,65.08,ลดลง,15.5783,101.08862,2026-10-08T09:00:00.000Z,2026-10-08 16:00:00
2026-10-08,HDA011,สะพานคลองส่งน้ำชลประทาน บ้านสร่างโศก,สระบุรี,9.95,,80.1,ลดลง,-1.55,459.01,,ลดลง,14.650724,100.742714,2026-10-08T08:50:00.000Z,2026-10-08 15:50:00
2026-10-08,CPY001,สะพานเดชาติวงศ์,นครสวรรค์,22.44,,80.07,เพิ่มขึ้น,-3.62,,,คงที่,15.68849,100.12381,2026-10-08T08:50:00.000Z,2026-10-08 15:50:00
2026-10-08,N.8B,บางมูลนาก,พิจิตร,12.33,,79.69,เพิ่มขึ้น,-3.12,702.6,57.21,เพิ่มขึ้น,16.00931,100.36926,2026-10-08T09:00:00.000Z,2026-10-08 16:00:00
2026-10-08,FOP041,คลองสุหงาบารู หมู่ที่ 4,ปัตตานี,2.83,,79.66,เพิ่มขึ้น,-3.93,,,คงที่,6.737101,101.27308,2026-10-08T08:50:00.000Z,2026-10-08 15:50:00
2026-10-08,PTT002,สะพานข้ามคลองโคน,สมุทรสงคราม,1.19,,79.62,เพิ่มขึ้น,-0.76,,,คงที่,13.331919,99.96896,2026-10-08T08:50:00.000Z,2026-10-08 15:50:00
2026-10-08,S.32,สถานีแพดับเพลิง,สระบุรี,10.45,,79.46,ลดลง,-2.35,529.0,62.68,ลดลง,14.55752,100.92422,2026-10-08T09:00:00.000Z,2026-10-08 16:00:00
2026-10-08,TCP005,ปตร.บางแก้ว (ทุ่งผักไห่),พระนครศรีอยุธยา,3.96,,79.2,คงที่,-1.04,,,คงที่,14.43659,100.371475,2026-10-08T08:50:00.000Z,2026-10-08 15:50:00
2026-10-08,TTr6,บ้านนิคม,นครศรีธรรมราช,4.7800007,,79.12,ลดลง,-5.22,,,คงที่,7.949661,99.52943,2026-10-08T09:00:00.000Z,2026-10-08 16:00:00
2026-10-08,CPY002,พยุหะคีรี,นครสวรรค์,19.0,,79.09,เพิ่มขึ้น,-2.33,,,คงที่,15.42655,100.13471,2026-10-08T08:50:00.000Z,2026-10-08 15:50:00
2026-10-08,RAJ001,โพธาราม,ราชบุรี,4.03,,79.0,ลดลง,-1.89,,,คงที่,13.63307,99.81636,2026-10-08T08:50:00.000Z,2026-10-08 15:50:00
2026-10-08,TUP.12,เขื่อนแม่กวงอุดมธารา,เชียงใหม่,377.59,,78.83,เพิ่มขึ้น,-7.41,,,คงที่,18.929543,99.12771,2026-10-08T09:00:00.000Z,2026-10-08 16:00:00
2026-10-08,SKD10,บ้านแสนตอ,อุตรดิตถ์,67.0,,78.78,ลดลง,-3.56,,,คงที่,17.66514,100.29809,2026-10-08T08:00:00.000Z,2026-10-08 15:00:00
2026-10-08,MOU385,สะพานคลองท่าสะแก,พิษณุโลก,187.38,,78.76,ลดลง,-1.07,,,คงที่,17.253153,100.62827,2026-10-08T08:50:00.000Z,2026-10-08 15:50:00
2026-10-08,K.56A,สะพานบ้านหม้อ-สร้อยฟ้า ,ราชบุรี,8.07,,78.31,ลดลง,-2.23,1205.6,64.47,ลดลง,13.74118,99.84294,2026-10-08T09:00:00.000Z,2026-10-08 16:00:00
2026-10-08,E.23,บ้านค่าย,ชัยภูมิ,7.33,,78.28,ลดลง,-1.67,150.56,55.76,ลดลง,15.68176,102.00955,2026-10-08T08:00:00.000Z,2026-10-08 15:00:00
2026-10-08,PATO01,สะพานบ้านตรังพัฒนา,ชุมพร,17.55,,77.81,ลดลง,-5.01,,,คงที่,9.85489,98.84009,2026-10-08T08:50:00.000Z,2026-10-08 15:50:00
2026-10-08,Ct.2A,บ้านหาดทนง,อุทัยธานี,19.11,,77.79,ลดลง,-2.23,,,คงที่,15.41085,100.05707,2026-10-08T09:00:00.000Z,2026-10-08 16:00:00
2026-10-08,TP.111,บ้านวังชะโอน,กำแพงเพชร,3.880005,,77.7,ลดลง,-1.22,,,คงที่,16.703333,99.43528,2026-10-08T09:00:00.000Z,2026-10-08 16:00:00
2026-10-08,TCP004,ปตร.ลาดชิด (ทุ่งผักไห่),พระนครศรีอยุธยา,3.87,,77.4,ลดลง,-1.13,,,คงที่,14.440615,100.35738,2026-10-08T08:50:00.000Z,2026-10-08 15:50:00
2026-10-08,ONE011,ปตร.บ้านนาคู่-เหนือน้ำ,นครพนม,142.74,,77.39,เพิ่มขึ้น,-2.01,,,คงที่,16.96218,104.52514,2026-10-08T08:50:00.000Z,2026-10-08 15:50:00
2026-10-08,NKO002,เชียรใหญ่,นครศรีธรรมราช,-0.45,,77.38,ลดลง,-3.77,,,คงที่,8.089507,100.12789,2026-10-08T08:50:00.000Z,2026-10-08 15:50:00
2026-10-08,ONE024,สะพานข้ามคลองบางม่วง,พัทลุง,0.22,,77.21,ลดลง,-0.94,,,คงที่,7.365281,100.27959,2026-10-08T08:50:00.000Z,2026-10-08 15:50:00
2026-10-08,Z.58,สะพานอำเภอเขาสมิง,ตราด,2.38,,77.18,เพิ่มขึ้น,-2.12,,,คงที่,12.35731,102.4379,2026-10-08T09:00:00.000Z,2026-10-08 16:00:00
2026-10-08,M.7,สะพานเสรีประชาธิปไตย,อุบลราชธานี,4.34,,77.03,ลดลง,-2.66,1031.2,44.83,ลดลง,15.22263,104.85913,2026-10-08T09:00:00.000Z,2026-10-08 16:00:00
2026-10-08,Y.15,บ้านกง,สุโขทัย,7.47,,76.82,คงที่,-2.85,180.5,36.69,คงที่,16.92743,99.95943,2026-10-08T09:00:00.000Z,2026-10-08 16:00:00
2026-10-08,TCP012,เสนา (ทุ่งบางบาล-บ้านแพน),พระนครศรีอยุธยา,2.3,,76.67,ลดลง,-0.70,,,คงที่,14.327802,100.40543,2026-10-08T08:50:00.000Z,2026-10-08 15:50:00
2026-10-08,NAN013,วังทอง,พิษณุโลก,46.68,,76.48,เพิ่มขึ้น,-2.56,,,คงที่,16.822176,100.43156,2026-10-08T08:50:00.000Z,2026-10-08 15:50:00
2026-10-08,C.2,ค่ายจิรประวัติ,นครสวรรค์,22.78,,76.41,เพิ่มขึ้น,-2.92,2016.0,53.98,เพิ่มขึ้น,15.67059,100.10936,2026-10-08T09:00:00.000Z,2026-10-08 16:00:00
2026-10-08,Kh.74,บ้านท่าห้วยหลัว,สกลนคร,7.21,,76.31,ลดลง,-2.29,93.3,37.32,ลดลง,17.82162,103.38693,2026-10-08T08:00:00.000Z,2026-10-08 15:00:00
2026-10-08,NAN008,ชุมแสง,นครสวรรค์,25.17,,76.21,ลดลง,-2.80,,,คงที่,15.86923,100.26481,2026-10-08T08:50:00.000Z,2026-10-08 15:50:00
2026-10-08,RAJ002,บ้านโป่ง,ราชบุรี,7.31,,76.15,ลดลง,-2.25,,,คงที่,13.81859,99.86503,2026-10-08T08:50:00.000Z,2026-10-08 15:50:00
2026-10-08,N.36,บ้านหนองกระท้าว,พิษณุโลก,5.84,,75.94,เพิ่มขึ้น,-2.66,35.34,31.55,เพิ่มขึ้น,17.0851,100.82467,2026-10-08T09:00:00.000Z,2026-10-08 16:00:00
2026-10-08,PYO003,สะพานบ้านต๋ำ,พะเยา,391.94,,75.36,ลดลง,-0.69,,,คงที่,19.218225,99.86268,2026-10-08T08:50:00.000Z,2026-10-08 15:50:00
2026-10-08,YOM007,กงไกรลาศ,สุโขทัย,42.02,,75.22,ลดลง,-2.85,,,คงที่,16.92732,99.95933,2026-10-08T08:50:00.000Z,2026-10-08 15:50:00
2026-10-08,TS.10,เหนือเขื่อนป่าสัก,ลพบุรี,42.14,,75.09,ลดลง,-4.36,,,คงที่,14.848254,101.0902,2026-10-08T09:00:00.000Z,2026-10-08 16:00:00
2026-10-08,CHN005,นายายอาม,จันทบุรี,2.59,,74.9,ลดลง,-1.69,,,คงที่,12.722433,101.95606,2026-10-08T08:50:00.000Z,2026-10-08 15:50:00
2026-10-08,TSK.15,วัดโคกหม้อ,อุทัยธานี,7.01,,74.73,เพิ่มขึ้น,-2.37,,,คงที่,15.534278,99.899086,2026-10-08T09:00:00.000Z,2026-10-08 16:00:00
2026-10-08,TBW033,ลำเซบาย,ยโสธร,143.55,,74.67,ลดลง,-1.11,,,คงที่,16.195423,104.52569,2026-10-08T08:50:00.000Z,2026-10-08 15:50:00
2026-10-08,M.186,บ้านโนนคอย,นครราชสีมา,3.37,,74.48,เพิ่มขึ้น,-1.23,31.5,28.64,เพิ่มขึ้น,15.06611,102.4025,2026-10-08T09:00:00.000Z,2026-10-08 16:00:00
2026-10-08,TON001,ตาพระยา,สระแก้ว,58.11,,74.36,ลดลง,-0.83,,,คงที่,14.051245,102.88538,2026-10-08T08:50:00.000Z,2026-10-08 15:50:00
2026-10-08,TTC02,ปตร.ท่าโบสถ์,ชัยนาท,7.1299996,,74.12,เพิ่มขึ้น,-2.49,,,คงที่,15.05395,100.01206,2026-10-08T09:00:00.000Z,2026-10-08 16:00:00
2026-10-08,T.ChongKhaeRegulator,T.ปตร.ช่องแค,นครสวรรค์,13.72,,74.02,ลดลง,-1.39,,,คงที่,15.145483,100.41172,2026-10-08T09:00:00.000Z,2026-10-08 16:00:00
2026-10-08,TPB16,สถานีเขื่อนเพชร (เหนือน้ำ),เพชรบุรี,18.68,,73.44,ลดลง,-3.32,,,คงที่,12.912,99.8546,2026-10-08T09:00:00.000Z,2026-10-08 16:00:00
2026-10-08,URTU09,น้ำพรม อ.เกษตรสมบูรณ์,ชัยภูมิ,224.41,,72.52,ลดลง,-0.98,14.66,,ลดลง,16.309406,101.97177,2026-10-08T08:00:00.000Z,2026-10-08 15:00:00
2026-10-08,MOU368,สะพานน้ำปี้ เชียงม่วน,พะเยา,258.39,,72.29,ลดลง,-1.50,,,คงที่,18.88195,100.28276,2026-10-08T08:50:00.000Z,2026-10-08 15:50:00
2026-10-08,TX.139B,บ้านปากแครง,ตรัง,25.97,,72.14,เพิ่มขึ้น,-10.03,,,คงที่,7.314746,99.8254,2026-10-08T09:00:00.000Z,2026-10-08 16:00:00
2026-10-08,TTr3,บ้านวังปราง,นครศรีธรรมราช,5.25,,72.14,ลดลง,-9.75,,,คงที่,8.025506,99.631516,2026-10-08T09:00:00.000Z,2026-10-08 16:00:00
2026-10-08,M.26A,บ้านละลูน,บุรีรัมย์,6.67,,72.06,ลดลง,-2.33,65.74,54.78,ลดลง,14.87545,103.3788,2026-10-08T09:00:00.000Z,2026-10-08 16:00:00
2026-10-08,TPI003,พุนพิน 3,สุราษฎร์ธานี,0.43,,72.01,ลดลง,-2.19,,,คงที่,8.986866,99.21123,2026-10-08T08:50:00.000Z,2026-10-08 15:50:00
2026-10-08,B.3A,บ้านสองพี่น้อง,เพชรบุรี,2.8,,71.93,ลดลง,-1.60,112.0,43.08,ลดลง,12.86361,99.6785,2026-10-08T09:00:00.000Z,2026-10-08 16:00:00
2026-10-08,Z.62,บ้านค่าย,ระยอง,4.83,,71.91,ลดลง,-2.02,64.0,44.14,ลดลง,12.78358,101.29594,2026-10-08T09:00:00.000Z,2026-10-08 16:00:00
2026-10-08,K.3A,สะพานข้ามแม่น้ำแม่กลองหน้าศาลากลางจ.กาญจนบุรี,กาญจนบุรี,8.41,,71.87,ลดลง,-3.39,,,คงที่,13.99597,99.53882,2026-10-08T09:00:00.000Z,2026-10-08 16:00:00
2026-10-08,SVI001,สวี 1,ชุมพร,1.15,,71.87,ลดลง,-1.76,,,คงที่,10.231191,99.098465,2026-10-08T08:50:00.000Z,2026-10-08 15:50:00
2026-10-08,M.104,บ้านวังปลัด,บุรีรัมย์,6.25,,71.86,เพิ่มขึ้น,-3.25,228.5,32.18,เพิ่มขึ้น,15.43527,103.01263,2026-10-08T09:00:00.000Z,2026-10-08 16:00:00
2026-10-08,Y.51,บ้านท่าแห,พิษณุโลก,9.07,,71.85,เพิ่มขึ้น,-4.62,,,คงที่,16.65573,100.19112,2026-10-08T09:00:00.000Z,2026-10-08 16:00:00
2026-10-08,M.9,ชุมชนสะพานขาว,ศรีสะเกษ,6.47,,71.67,ลดลง,-2.53,63.65,31.83,ลดลง,15.11808,104.31864,2026-10-08T09:00:00.000Z,2026-10-08 16:00:00
2026-10-08,TP.107,บ้านคลองสีนวล,กำแพงเพชร,3.4699974,,71.52,ลดลง,-1.31,,,คงที่,16.343056,99.59839,2026-10-08T09:00:00.000Z,2026-10-08 16:00:00
2026-10-08,Y.17,สามง่าม,พิจิตร,4.39,,71.17,คงที่,-2.37,,,คงที่,16.50744,100.20409,2026-10-08T09:00:00.000Z,2026-10-08 16:00:00
2026-10-08,NAN007,ตะพานหิน,พิจิตร,30.55,,71.04,เพิ่มขึ้น,-3.61,,,คงที่,16.27034,100.41396,2026-10-08T08:50:00.000Z,2026-10-08 15:50:00
2026-10-08,YOM009,โพธิ์ประทับช้าง,พิจิตร,32.28,,70.92,ลดลง,-2.51,,,คงที่,16.31077,100.27173,2026-10-08T08:50:00.000Z,2026-10-08 15:50:00
2026-10-08,TS.4,เพชรบูรณ์,เพชรบูรณ์,3.3799973,,70.83,ลดลง,-1.80,,,คงที่,16.365005,101.155815,2026-10-08T09:00:00.000Z,2026-10-08 16:00:00
2026-10-08,MKSND02,บ้านหนองบัว (K.35A),กาญจนบุรี,25.48,,70.52,เพิ่มขึ้น,-1.55,205.36,,เพิ่มขึ้น,14.06024,99.44414,2026-10-08T08:00:00.000Z,2026-10-08 15:00:00
2026-10-08,N.24A,บ้านวังนกแอ่น,พิษณุโลก,8.22,,70.33,ลดลง,-3.28,134.1,40.76,ลดลง,16.84701,100.5121,2026-10-08T09:00:00.000Z,2026-10-08 16:00:00
2026-10-08,N.7A,บ้านราชช้างขวัญ,พิจิตร,6.08,,70.23,เพิ่มขึ้น,-3.79,530.8,53.24,เพิ่มขึ้น,16.4695,100.33087,2026-10-08T09:00:00.000Z,2026-10-08 16:00:00
2026-10-08,K.37,บ้านวังเย็น,กาญจนบุรี,7.62,,69.97,ลดลง,-4.03,898.88,47.06,ลดลง,13.93906,99.41625,2026-10-08T09:00:00.000Z,2026-10-08 16:00:00
2026-10-08,TBW027,ลำน้ำอูน,สกลนคร,152.85,,69.82,ลดลง,-2.00,,,คงที่,17.322672,103.97925,2026-10-08T08:50:00.000Z,2026-10-08 15:50:00
2026-10-08,TBW028,บ้านโพธิ์ชัยทอง,สกลนคร,148.2,,69.8,ลดลง,-2.29,,,คงที่,17.59971,103.98092,2026-10-08T08:50:00.000Z,2026-10-08 15:50:00
2026-10-08,SWR025,ฝายคลองท่าเลา,นครศรีธรรมราช,122.8,,69.51,ลดลง,-1.01,,,คงที่,8.232547,99.70778,2026-10-08T08:30:00.000Z,2026-10-08 15:30:00
2026-10-08,M.95A,บ้านดอนยาง,ร้อยเอ็ด,5.05,,69.43,ลดลง,-2.25,7.0,5.00,ลดลง,15.57186,103.81985,2026-10-08T09:00:00.000Z,2026-10-08 16:00:00
2026-10-08,X.119A,บริเวณสะพานลันตู,นราธิวาส,6.43,,69.14,ลดลง,-2.87,116.5,37.22,ลดลง,6.02261,101.97489,2026-10-08T09:00:00.000Z,2026-10-08 16:00:00
2026-10-08,MKSND05,วัดหนองปรือ,กาญจนบุรี,128.6,,69.14,ลดลง,-1.58,8.18,,ลดลง,14.609306,99.457695,2026-10-08T08:00:00.000Z,2026-10-08 15:00:00
2026-10-08,ONE025,สะพานข้ามคลองลำปำ,พัทลุง,0.25,,69.04,เพิ่มขึ้น,-1.12,,,คงที่,7.622818,100.14691,2026-10-08T08:50:00.000Z,2026-10-08 15:50:00
2026-10-08,X.273,บ้านปายอยือนิ ,ยะลา,11.39,,69.03,ลดลง,-5.11,,,คงที่,6.47977,101.44474,2026-10-08T09:00:00.000Z,2026-10-08 16:00:00
2026-10-08,STU002,ละงู,สตูล,0.21,,68.99,ลดลง,-4.01,,,คงที่,6.885762,99.80429,2026-10-08T08:50:00.000Z,2026-10-08 15:50:00
2026-10-08,K.54,สะพานรถยนต์บ้านลิ่นถิ่น,กาญจนบุรี,5.41,,68.76,ลดลง,-2.59,620.7,57.47,ลดลง,14.53557,98.78765,2026-10-08T09:00:00.000Z,2026-10-08 16:00:00
2026-10-08,YOM012,เมืองสุโขทัย,สุโขทัย,48.9,,68.61,เพิ่มขึ้น,-3.07,,,คงที่,17.02127,99.81973,2026-10-08T08:50:00.000Z,2026-10-08 15:50:00
2026-10-08,BKK018,คลองพระพิมล (ไทรน้อย),นนทบุรี,2.14,,68.57,ลดลง,-1.91,,,คงที่,13.97401,100.319,2026-10-08T08:50:00.000Z,2026-10-08 15:50:00
2026-10-08,Z.57,สะพานวัดจันทนาราม,จันทบุรี,0.81,,68.5,ลดลง,-2.63,,,คงที่,12.61359,102.11411,2026-10-08T09:00:00.000Z,2026-10-08 16:00:00
2026-10-08,Y.4,ต.ธานี,สุโขทัย,5.13,,68.24,เพิ่มขึ้น,-3.02,190.0,37.25,เพิ่มขึ้น,17.00636,99.82211,2026-10-08T09:00:00.000Z,2026-10-08 16:00:00
2026-10-08,M.188A,บ้านบัว,นครราชสีมา,3.71,,68.01,ลดลง,-1.19,17.25,24.64,ลดลง,15.18159,102.24274,2026-10-08T09:00:00.000Z,2026-10-08 16:00:00
2026-10-08,E.9,บ้านท่านางเลื่อน,ขอนแก่น,6.89,,67.92,ลดลง,-4.11,79.78,16.62,ลดลง,16.09694,102.57002,2026-10-08T08:00:00.000Z,2026-10-08 15:00:00
2026-10-08,X.233,บ้านไสหาร,นครศรีธรรมราช,14.68,,67.65,เพิ่มขึ้น,-7.02,28.9,11.89,เพิ่มขึ้น,7.90741,99.54239,2026-10-08T09:00:00.000Z,2026-10-08 16:00:00
2026-10-08,THA001,สะพานคง-ศุข ศรีสวัสดิ์,ชัยนาท,16.37,,67.52,ลดลง,-3.05,,,คงที่,15.22497,100.07823,2026-10-08T08:50:00.000Z,2026-10-08 15:50:00
2026-10-08,TTR.03,บ้านปลายคลอง,ตราด,4.71,,67.29,คงที่,-2.29,,,คงที่,12.260545,102.46482,2026-10-08T09:00:00.000Z,2026-10-08 16:00:00
2026-10-08,Ct.4,บ้านศาลเจ้าไก่ต่อ,นครสวรรค์,69.72,,67.17,ลดลง,-1.95,47.0,23.86,ลดลง,15.78585,99.67833,2026-10-08T09:00:00.000Z,2026-10-08 16:00:00
2026-10-08,TSW.01,อ่างเก็บน้ำห้วยแม่สอด,ตาก,4.699997,,67.11,ลดลง,-5.00,,,คงที่,16.709246,98.61583,2026-10-08T09:00:00.000Z,2026-10-08 16:00:00
2026-10-08,B.18,เขาลูกช้าง,เพชรบุรี,4.85,,67.0,ลดลง,-2.15,127.5,43.97,ลดลง,12.81337,99.79402,2026-10-08T09:00:00.000Z,2026-10-08 16:00:00
2026-10-08,M.159,บ้านหลุมดิน,สุรินทร์,5.44,,66.83,ลดลง,-2.76,132.0,51.56,ลดลง,15.14119,103.42936,2026-10-08T09:00:00.000Z,2026-10-08 16:00:00
2026-10-08,TP.101,บ้านโป่งน้ำร้อน,กำแพงเพชร,2.1399994,,66.73,ลดลง,-1.63,,,คงที่,16.332056,99.31694,2026-10-08T09:00:00.000Z,2026-10-08 16:00:00
2026-10-08,B.9,บ้านสาระเห็ด,เพชรบุรี,4.06,,66.72,ลดลง,-2.14,104.7,34.90,ลดลง,12.80623,99.77057,2026-10-08T09:00:00.000Z,2026-10-08 16:00:00
2026-10-08,MUN010,เมืองศรีสะเกษ,ศรีสะเกษ,115.25,,66.61,ลดลง,-2.93,,,คงที่,15.118101,104.318596,2026-10-08T08:50:00.000Z,2026-10-08 15:50:00
2026-10-08,TS.23,คลองส้ม,ลพบุรี,2.790001,,66.59,ลดลง,-1.40,,,คงที่,14.822028,101.014595,2026-10-08T09:00:00.000Z,2026-10-08 16:00:00
2026-10-08,M.190,บ้านเขวา,ศรีสะเกษ,5.4,,66.41,ลดลง,-2.20,53.0,24.20,ลดลง,15.01052,104.12845,2026-10-08T09:00:00.000Z,2026-10-08 16:00:00
2026-10-08,MUN009,เมืองสุรินทร์,สุรินทร์,134.21,,66.15,ลดลง,-3.12,,,คงที่,14.875548,103.37887,2026-10-08T08:50:00.000Z,2026-10-08 15:50:00
2026-10-08,FOP038,สะพานบ้านแหลมโตนด,พัทลุง,2.69,,65.84,ลดลง,-1.25,,,คงที่,7.817578,100.047485,2026-10-08T08:50:00.000Z,2026-10-08 15:50:00
2026-10-08,TE.100,ฝายมหาสารคาม (บ้านคุยเชือก),มหาสารคาม,8.440002,,65.82,เพิ่มขึ้น,-3.92,,,คงที่,16.369066,102.94783,2026-10-08T09:00:00.000Z,2026-10-08 16:00:00
2026-10-08,KRN001,เมืองกาญจนบุรี,กาญจนบุรี,23.83,,65.68,เพิ่มขึ้น,-1.86,,,คงที่,14.06046,99.48326,2026-10-08T08:50:00.000Z,2026-10-08 15:50:00
2026-10-08,Kgt.34,บ้านวังหมัน,ปราจีนบุรี,4.28,,65.63,ลดลง,-3.28,128.4,30.28,ลดลง,14.10461,101.74418,2026-10-08T09:00:00.000Z,2026-10-08 16:00:00
2026-10-08,CHI005,ชนบท,ขอนแก่น,157.41,,65.61,ลดลง,-4.17,,,คงที่,16.096876,102.57001,2026-10-08T08:50:00.000Z,2026-10-08 15:50:00
2026-10-08,TKS.120,บ้านโป่งเปื่อย,บึงกาฬ,3.130005,,65.59,ลดลง,-2.97,,,คงที่,18.314566,103.52555,2026-10-08T08:30:00.000Z,2026-10-08 15:30:00
2026-10-08,TNG003,คลองนางน้อย,ตรัง,15.85,,65.58,เพิ่มขึ้น,-0.97,,,คงที่,7.568062,99.65104,2026-10-08T08:50:00.000Z,2026-10-08 15:50:00
2026-10-08,MOU226,สะพานน้ำชี,ชัยภูมิ,228.39,,65.54,ลดลง,-3.31,,,คงที่,16.15583,101.65372,2026-10-08T08:50:00.000Z,2026-10-08 15:50:00
2026-10-08,K.35A,บ้านหนองบัว,กาญจนบุรี,3.94,,65.47,เพิ่มขึ้น,-1.56,200.8,45.64,เพิ่มขึ้น,14.05861,99.44522,2026-10-08T09:00:00.000Z,2026-10-08 16:00:00
2026-10-08,RPBRPBD14,สะพานจุลจอมเกล้า อ.พุนพิน (X.5C),สุราษฎร์ธานี,0.58,,65.28,ลดลง,-5.53,,,คงที่,9.113061,99.22375,2026-10-08T08:00:00.000Z,2026-10-08 15:00:00
2026-10-08,VLGE20,ศาลาดิน,นครปฐม,0.8,,65.18,ลดลง,-1.51,,,คงที่,13.8078,100.27416,2026-10-08T08:50:00.000Z,2026-10-08 15:50:00
2026-10-08,TSK.13,อบต.ศาลเจ้าไก่ต่อ,นครสวรรค์,2.1600037,,65.06,ลดลง,-1.16,,,คงที่,15.773471,99.66709,2026-10-08T09:00:00.000Z,2026-10-08 16:00:00
2026-10-08,Pr.1,บ้านเขาน้อย,ประจวบคีรีขันธ์,4.53,,64.92,ลดลง,-3.47,,,คงที่,12.38995,99.91125,2026-10-08T09:00:00.000Z,2026-10-08 16:00:00
2026-10-08,E.20A,บ้านฟ้าหยาด,ยโสธร,5.71,,64.89,ลดลง,-4.29,386.33,35.12,ลดลง,15.52481,104.24966,2026-10-08T08:00:00.000Z,2026-10-08 15:00:00
2026-10-08,P.17,บ้านท่างิ้ว,นครสวรรค์,35.57,,64.83,ลดลง,-2.68,569.0,31.01,ลดลง,15.93539,99.97609,2026-10-08T09:00:00.000Z,2026-10-08 16:00:00
2026-10-08,S.9,บ้านป่า,สระบุรี,14.81,,64.72,ลดลง,-5.14,517.0,42.41,ลดลง,14.62918,101.01443,2026-10-08T09:00:00.000Z,2026-10-08 16:00:00
2026-10-08,FOP014,สะพานลำน้ำยาม,สกลนคร,148.66,,64.72,ลดลง,-3.83,,,คงที่,17.594927,103.96947,2026-10-08T08:50:00.000Z,2026-10-08 15:50:00
2026-10-08,FOP015,ลำน้ำกวงสะพานศรีดอนชัย,ลำพูน,292.04,,64.71,ลดลง,-2.30,,,คงที่,18.653326,99.06441,2026-10-08T08:50:00.000Z,2026-10-08 15:50:00
2026-10-08,M.195,บ้านสัมฤทธิ์,นครราชสีมา,4.22,,64.66,ลดลง,-2.58,100.7,31.47,ลดลง,15.20926,102.39295,2026-10-08T09:00:00.000Z,2026-10-08 16:00:00
2026-10-08,Ny.3,บ้านป่าขะ,นครนายก,4.23,,64.63,ลดลง,-2.03,12.8,17.78,ลดลง,14.28644,101.07047,2026-10-08T09:00:00.000Z,2026-10-08 16:00:00
2026-10-08,FOP062,บ้านคลองใส หมู่ที่ 8,สุราษฎร์ธานี,121.92,,64.63,เพิ่มขึ้น,-2.05,,,คงที่,9.314678,98.88985,2026-10-08T08:50:00.000Z,2026-10-08 15:50:00
2026-10-08,X.217,บ้านเคียนซา,สุราษฎร์ธานี,1.09,,64.15,ลดลง,-5.01,140.75,10.05,ลดลง,8.84753,99.19886,2026-10-08T09:00:00.000Z,2026-10-08 16:00:00
2026-10-08,ONE039,สะพานข้ามคลองระโนด,สงขลา,0.28,,64.03,คงที่,-0.90,,,คงที่,7.7699,100.302086,2026-10-08T08:50:00.000Z,2026-10-08 15:50:00
2026-10-08,PIN009,แม่น้ำลี้ บ้านโฮ่ง,ลำพูน,309.2,,63.89,เพิ่มขึ้น,-1.64,,,คงที่,18.31077,98.82351,2026-10-08T08:50:00.000Z,2026-10-08 15:50:00
2026-10-08,Kgt.19A,บ้านท่าบุญมี,ชลบุรี,2.99,,63.84,ลดลง,-1.81,27.0,32.14,ลดลง,13.40472,101.28178,2026-10-08T09:00:00.000Z,2026-10-08 16:00:00
2026-10-08,M.32,บ้านเชียงเพ็ง,ยโสธร,4.22,,63.82,ลดลง,-3.98,26.8,3.97,ลดลง,15.84008,104.4557,2026-10-08T09:00:00.000Z,2026-10-08 16:00:00
2026-10-08,TS.22,ฝายคลองสุคต,สระบุรี,2.1899986,,63.66,คงที่,-1.25,,,คงที่,14.863621,101.11996,2026-10-08T09:00:00.000Z,2026-10-08 16:00:00
2026-10-08,VLGE16,ชุมชนลีเล็ด,สุราษฎร์ธานี,0.23,,63.61,ลดลง,-1.76,,,คงที่,9.191665,99.253815,2026-10-08T08:50:00.000Z,2026-10-08 15:50:00
2026-10-08,RPBRPBD07,สะพานสิริกฤตานุกุล์ (บ้านท่านหญิง)อ.วิภาวดี ,สุราษฎร์ธานี,32.58,,63.6,ลดลง,-2.30,,,คงที่,9.24312,98.91925,2026-10-08T08:00:00.000Z,2026-10-08 15:00:00
2026-10-08,X.119,บ้านมูโน๊ะ,นราธิวาส,4.45,,63.57,ลดลง,-2.55,,,คงที่,6.07114,102.03588,2026-10-08T09:00:00.000Z,2026-10-08 16:00:00
2026-10-08,TP.96,บ้านใหม่เสรีธรรม,กำแพงเพชร,1.8500061,,63.43,ลดลง,-0.98,,,คงที่,16.533264,99.2288,2026-10-08T09:00:00.000Z,2026-10-08 16:00:00
2026-10-08,CHN001,เมืองจันทบุรี,จันทบุรี,0.64,,63.05,ลดลง,-2.61,,,คงที่,12.613584,102.11407,2026-10-08T08:50:00.000Z,2026-10-08 15:50:00
2026-10-08,Z.64,ตำบลท่าหลวง,จันทบุรี,3.49,,62.82,ลดลง,-3.72,93.3,17.18,ลดลง,12.657201,102.15439,2026-10-08T09:00:00.000Z,2026-10-08 16:00:00
2026-10-08,P.26A,คลองสวนหมาก,กำแพงเพชร,1.52,,62.77,ลดลง,-3.48,36.3,10.80,ลดลง,16.45741,99.45606,2026-10-08T09:00:00.000Z,2026-10-08 16:00:00
2026-10-08,Tpat.1,ปากแม่น้ำปัตตานี,ปัตตานี,1.8199999,,62.76,ลดลง,-1.08,,,คงที่,6.895837,101.25107,2026-10-08T09:00:00.000Z,2026-10-08 16:00:00
2026-10-08,TUP.22,สถานีฝายวังปาน,เชียงใหม่,272.8,,62.74,ลดลง,-3.64,,,คงที่,18.405083,98.702805,2026-10-08T09:00:00.000Z,2026-10-08 16:00:00
2026-10-08,E.97,บ้านดอนขยอม,ร้อยเอ็ด,7.09,,62.66,ลดลง,-5.41,243.5,20.29,ลดลง,15.73111,104.13098,2026-10-08T08:00:00.000Z,2026-10-08 15:00:00
2026-10-08,BKK019,คลองนราภิรมย์ (บางเลน),นครปฐม,1.88,,62.54,ลดลง,-2.08,,,คงที่,13.88211,100.29086,2026-10-08T08:50:00.000Z,2026-10-08 15:50:00
2026-10-08,TPI002,พุนพิน 2,สุราษฎร์ธานี,0.29,,62.44,ลดลง,-3.34,,,คงที่,9.085804,99.170044,2026-10-08T08:50:00.000Z,2026-10-08 15:50:00
2026-10-08,TS.16,คลองปู่เจ้า,เพชรบูรณ์,3.2200012,,62.32,ลดลง,-1.56,,,คงที่,16.146187,101.08415,2026-10-08T09:00:00.000Z,2026-10-08 16:00:00
2026-10-08,STU001,เมืองสตูล,สตูล,13.86,,62.17,ลดลง,-1.42,,,คงที่,6.726643,100.06259,2026-10-08T08:50:00.000Z,2026-10-08 15:50:00
2026-10-08,Y.33,บ้านคลองตาล,สุโขทัย,6.43,,62.08,เพิ่มขึ้น,-4.74,266.4,38.61,เพิ่มขึ้น,17.16888,99.86098,2026-10-08T09:00:00.000Z,2026-10-08 16:00:00
2026-10-08,TTC01,ปตร.พลเทพ,ชัยนาท,1.3000002,,62.0,เพิ่มขึ้น,-8.74,,,คงที่,15.215885,100.073044,2026-10-08T09:00:00.000Z,2026-10-08 16:00:00
2026-10-08,CHI003,เมืองชัยภูมิ,ชัยภูมิ,182.29,,61.97,ลดลง,-3.24,,,คงที่,15.681611,102.00953,2026-10-08T08:50:00.000Z,2026-10-08 15:50:00
2026-10-08,M.4,บ้านพงสวาย,สุรินทร์,4.56,,61.84,ลดลง,-3.64,352.2,27.09,ลดลง,15.32958,103.68261,2026-10-08T09:00:00.000Z,2026-10-08 16:00:00
2026-10-08,TBW026,ห้วยยัง,กาฬสินธุ์,159.49,,61.69,ลดลง,-2.69,,,คงที่,16.60361,103.96229,2026-10-08T08:50:00.000Z,2026-10-08 15:50:00
2026-10-08,TBW025,คลองปาว,กาฬสินธุ์,130.19,,61.63,ลดลง,-3.06,,,คงที่,16.2593,103.69052,2026-10-08T08:50:00.000Z,2026-10-08 15:50:00
2026-10-08,TBW008,ฝ่ายส่งน้ำและบำรุงรักษาที่ 2,เชียงใหม่,320.89,,61.55,ลดลง,-1.34,,,คงที่,18.884916,99.081436,2026-10-08T08:50:00.000Z,2026-10-08 15:50:00
2026-10-08,S.28,ท้ายเขื่อนป่าสักชลสิทธิ์,สระบุรี,25.1,,61.24,ลดลง,-6.36,426.0,35.98,ลดลง,14.83464,101.0843,2026-10-08T09:00:00.000Z,2026-10-08 16:00:00
2026-10-08,ONE035,สะพานข้ามคลองเทพา,สงขลา,16.84,,61.12,เพิ่มขึ้น,-2.86,,,คงที่,6.534079,100.96343,2026-10-07T23:50:00.000Z,2026-10-08 06:50:00
2026-10-08,CHM003,แม่อาย,เชียงใหม่,445.9,,60.89,ลดลง,-3.85,,,คงที่,20.060944,99.36204,2026-10-08T08:50:00.000Z,2026-10-08 15:50:00
2026-10-08,ONE036,สะพานเทพาสันติสุข,สงขลา,0.09,,60.79,ลดลง,-2.34,,,คงที่,6.825131,100.972626,2026-10-08T08:50:00.000Z,2026-10-08 15:50:00
2026-10-08,P.50A,คลองวังเจ้า,กำแพงเพชร,2.414,,60.76,ลดลง,-1.29,32.96,27.02,ลดลง,16.53355,99.22884,2026-10-08T09:00:00.000Z,2026-10-08 16:00:00
2026-10-08,KON003,สุวรรณคูหา,หนองบัวลำภู,198.17,,60.58,ลดลง,-2.01,,,คงที่,17.575733,102.27328,2026-10-08T08:50:00.000Z,2026-10-08 15:50:00
2026-10-08,M.174,บ้านโนนสมบูรณ์,นครราชสีมา,3.43,,60.44,คงที่,-3.07,3.9,1.15,คงที่,15.51345,102.84383,2026-10-08T09:00:00.000Z,2026-10-08 16:00:00
2026-10-08,CHI011,เขื่องใน,อุบลราชธานี,112.18,,60.36,ลดลง,-4.61,,,คงที่,15.322514,104.546524,2026-10-08T08:50:00.000Z,2026-10-08 15:50:00
2026-10-08,SKE002,เมืองสระแก้ว,สระแก้ว,30.59,,60.18,ลดลง,-4.17,,,คงที่,13.809581,102.05429,2026-10-08T08:50:00.000Z,2026-10-08 15:50:00
2026-10-08,TPN13,บ้านการะเกด,นครศรีธรรมราช,0.35,,60.04,ลดลง,-2.15,,,คงที่,8.085369,100.1324,2026-10-08T09:00:00.000Z,2026-10-08 16:00:00
2026-10-08,TY.50,ห้วยแม่ลาน เทศบาลแม่ลานนา,แพร่,2.6900024,,59.95,ลดลง,-1.73,,,คงที่,18.06887,99.84226,2026-10-08T08:45:00.000Z,2026-10-08 15:45:00
2026-10-08,Z.38,บ้านเขาโบสถ์,ระยอง,1.07,,59.9,ลดลง,-1.43,12.05,22.31,ลดลง,12.737965,101.2284,2026-10-08T09:00:00.000Z,2026-10-08 16:00:00
2026-10-08,TTr4,บ้านปากมูด,นครศรีธรรมราช,2.3899994,,59.74,เพิ่มขึ้น,-12.61,,,คงที่,7.978436,99.60411,2026-10-08T09:00:00.000Z,2026-10-08 16:00:00
2026-10-08,N.43A,บ้านชมพู,พิษณุโลก,5.86,,59.71,ลดลง,-3.80,46.65,16.66,ลดลง,16.69633,100.65685,2026-10-08T09:00:00.000Z,2026-10-08 16:00:00
2026-10-08,TBW023,คลองแม่พุง,เชียงราย,382.38,,59.58,ลดลง,-2.05,,,คงที่,19.566793,99.98465,2026-10-08T08:50:00.000Z,2026-10-08 15:50:00
2026-10-08,PIN007,สะพานแม่น้ำทา,ลำพูน,440.02,,59.54,ลดลง,-1.58,,,คงที่,18.546862,99.25004,2026-10-08T08:50:00.000Z,2026-10-08 15:50:00
2026-10-08,VLGE12,สะพานนครป่าหมากร่วมใจ,พิษณุโลก,34.37,,59.42,เพิ่มขึ้น,-3.83,,,คงที่,16.609,100.3698,2026-10-08T08:50:00.000Z,2026-10-08 15:50:00
2026-10-08,TP.106,บ้านคลองน้ำไหลใต้,กำแพงเพชร,2.5100021,,59.32,ลดลง,-1.07,,,คงที่,16.121721,99.37297,2026-10-08T09:00:00.000Z,2026-10-08 16:00:00
2026-10-08,Gt.21,บ้านพงศ์ประศาสน์,ประจวบคีรีขันธ์,2.42,,59.21,ลดลง,-3.58,,,คงที่,11.20312,99.50851,2026-10-08T09:00:00.000Z,2026-10-08 16:00:00
2026-10-08,TSL02,สถานีโรงสูบน้ำระโนด,สงขลา,0.22,,59.2,เพิ่มขึ้น,-1.53,,,คงที่,7.793278,100.25796,2026-10-08T09:00:00.000Z,2026-10-08 16:00:00
2026-10-08,MOU384,สะพานพระร่วงข้ามน้ำแควน้อย,พิษณุโลก,183.83,,59.0,ลดลง,-7.00,,,คงที่,17.185362,100.68035,2026-10-08T08:50:00.000Z,2026-10-08 15:50:00
2026-10-08,S.51,บ้านใหม่วังสีมา,เพชรบูรณ์,5.29,,58.94,ลดลง,-3.89,31.09,,ลดลง,16.11496,101.09702,2026-10-08T09:00:00.000Z,2026-10-08 16:00:00
2026-10-08,TP.99,วัดเขาแก้วสวรรค์,กำแพงเพชร,1.0100021,,58.79,ลดลง,-2.18,,,คงที่,16.406279,99.34961,2026-10-08T09:00:00.000Z,2026-10-08 16:00:00
2026-10-08,TSL04,สถานีบ้านลำปำ,พัทลุง,0.01,,58.5,เพิ่มขึ้น,-2.49,,,คงที่,7.63292,100.153,2026-10-08T08:45:00.000Z,2026-10-08 15:45:00
2026-10-08,TBW032,ลำน้ำก่ำ,นครพนม,148.2,,58.41,เพิ่มขึ้น,-4.18,,,คงที่,17.029024,104.41203,2026-10-08T08:50:00.000Z,2026-10-08 15:50:00
2026-10-08,AIT002,สะพานลำน้ำเลย,เลย,202.39,,58.35,ลดลง,-4.23,,,คงที่,17.860956,101.61144,2026-10-08T08:50:00.000Z,2026-10-08 15:50:00
2026-10-08,P.5,สะพานท่านาง,ลำพูน,3.12,,58.31,ลดลง,-1.88,29.74,25.42,ลดลง,18.58028,99.01015,2026-10-08T09:00:00.000Z,2026-10-08 16:00:00
2026-10-08,X.272A,บ้านลาคอ,ปัตตานี,0.16,,57.78,ลดลง,-3.44,,,คงที่,6.67571,101.60665,2026-10-08T09:00:00.000Z,2026-10-08 16:00:00
2026-10-08,DIV002,คลองผันน้ำยม-น่าน2,พิษณุโลก,41.06,,57.64,ลดลง,-3.35,,,คงที่,16.953888,100.12131,2026-10-08T08:50:00.000Z,2026-10-08 15:50:00
2026-10-08,B.16,สะพานบ้านลาด,เพชรบุรี,3.67,,57.56,ลดลง,-3.23,54.42,29.42,ลดลง,13.04917,99.91855,2026-10-08T09:00:00.000Z,2026-10-08 16:00:00
2026-10-08,M.180,บ้านท่าเยี่ยม,นครราชสีมา,3.21,,57.43,คงที่,-2.29,,,คงที่,14.63599,101.8847,2026-10-08T09:00:00.000Z,2026-10-08 16:00:00
2026-10-08,Ct.25,ท้ายเขื่อนวังร่มเกล้า,อุทัยธานี,25.13,,56.79,เพิ่มขึ้น,-4.84,,,คงที่,15.502823,99.96707,2026-10-07T23:00:00.000Z,2026-10-08 06:00:00
2026-10-08,FOP061,บ้านคลองวาย หมู่ที่ 7,สุราษฎร์ธานี,152.79,,56.71,เพิ่มขึ้น,-1.81,,,คงที่,9.36854,98.86751,2026-10-08T08:50:00.000Z,2026-10-08 15:50:00
2026-10-08,RPBRPBD09,สะพานท่าผาก อ.พุนพิน จ.สุราษฎร์ธานี,สุราษฎร์ธานี,0.9,,56.62,เพิ่มขึ้น,-3.36,,,คงที่,9.063301,99.09333,2026-10-08T08:00:00.000Z,2026-10-08 15:00:00
2026-10-08,M.11B,บ้านโพธิ์ตาก,อุบลราชธานี,4.19,,56.61,ลดลง,-3.81,1251.0,24.15,ลดลง,15.24992,105.23924,2026-10-08T09:00:00.000Z,2026-10-08 16:00:00
2026-10-08,TUP.10,สถานีแม่น้ำปิงที่ฝายหนองสลีก,ลำพูน,3.6900024,,56.13,ลดลง,-2.65,,,คงที่,18.525196,98.90216,2026-10-08T09:00:00.000Z,2026-10-08 16:00:00
2026-10-08,MOU015,สะพานห้วยแม่สาว,เชียงใหม่,459.64,,56.12,คงที่,-2.46,,,คงที่,20.01403,99.266945,2026-10-08T08:50:00.000Z,2026-10-08 15:50:00
2026-10-08,TTr9,บ้านลำภูรา,ตรัง,1.2200003,,56.1,เพิ่มขึ้น,-8.78,,,คงที่,7.675344,99.5819,2026-10-08T09:00:00.000Z,2026-10-08 16:00:00
2026-10-08,MOU167,สะพานน้ำแม่สรวย,เชียงราย,507.63,,55.91,เพิ่มขึ้น,-6.86,,,คงที่,19.72628,99.50745,2026-10-08T08:30:00.000Z,2026-10-08 15:30:00
2026-10-08,B.15,ข้างจวนผู้ว่าฯ,เพชรบุรี,2.67,,55.82,ลดลง,-2.43,,,คงที่,13.11125,99.94822,2026-10-08T09:00:00.000Z,2026-10-08 16:00:00
2026-10-08,TNG005,วังวิเศษ,ตรัง,11.61,,55.81,ลดลง,-2.39,,,คงที่,7.668927,99.45944,2026-10-08T08:50:00.000Z,2026-10-08 15:50:00
2026-10-08,KRN002,ไทรโยค,กาญจนบุรี,39.21,,55.73,ลดลง,-7.31,,,คงที่,14.11265,99.14636,2026-10-08T08:50:00.000Z,2026-10-08 15:50:00
2026-10-08,S.43,บ้านพูลทรัพย์,ลพบุรี,45.13,,55.34,ลดลง,-6.77,275.0,29.70,ลดลง,15.32743,101.2124,2026-10-08T09:00:00.000Z,2026-10-08 16:00:00
2026-10-08,Ct.5A,บ้านปางมะค่า,กำแพงเพชร,104.97,,55.09,ลดลง,-2.25,37.0,15.95,ลดลง,15.92832,99.50237,2026-10-08T09:00:00.000Z,2026-10-08 16:00:00
2026-10-08,N.55,บ้านท่าสะแก,พิษณุโลก,4.69,,54.96,ลดลง,-3.68,47.31,15.93,ลดลง,17.25317,100.62824,2026-10-08T09:00:00.000Z,2026-10-08 16:00:00
2026-10-08,X.173A,บ้านม่วงก็อง,สงขลา,10.54,,54.85,เพิ่มขึ้น,-5.59,14.1,5.16,เพิ่มขึ้น,6.79663,100.44234,2026-10-08T09:00:00.000Z,2026-10-08 16:00:00
2026-10-08,Kgt.10,บ้านสระขวัญ,สระแก้ว,6.24,,54.8,ลดลง,-4.76,46.6,15.53,ลดลง,13.8096,102.05438,2026-10-08T09:00:00.000Z,2026-10-08 16:00:00
2026-10-08,TRD002,ห้วยแร้ง,ตราด,0.0,,54.78,เพิ่มขึ้น,-3.56,,,คงที่,12.36929,102.543365,2026-10-08T08:50:00.000Z,2026-10-08 15:50:00
2026-10-08,SLA007,บางกล่ำ,สงขลา,0.08,,54.61,ลดลง,-1.51,,,คงที่,7.079437,100.42788,2026-10-08T08:50:00.000Z,2026-10-08 15:50:00
2026-10-08,M.182,บ้านสีถาน,ศรีสะเกษ,5.67,,54.52,เพิ่มขึ้น,-4.93,349.2,22.24,เพิ่มขึ้น,15.13208,104.4884,2026-10-08T09:00:00.000Z,2026-10-08 16:00:00
2026-10-08,TM.182,TM.182,ศรีสะเกษ,5.540001,,54.33,เพิ่มขึ้น,-4.96,,,คงที่,15.134648,104.510025,2026-10-08T09:00:00.000Z,2026-10-08 16:00:00
2026-10-08,X.186,บ้านตลาดเก่า,พังงา,-0.22,,54.05,ลดลง,-4.62,,,คงที่,8.82934,98.36924,2026-10-08T09:00:00.000Z,2026-10-08 16:00:00
2026-10-08,MUN005,ราษีไศล,ศรีสะเกษ,113.88,,53.93,คงที่,-4.25,,,คงที่,15.339514,104.15235,2026-10-08T08:50:00.000Z,2026-10-08 15:50:00
2026-10-08,TSW.03,ห้วยแม่สอด,ตาก,2.699997,,53.89,ลดลง,-2.31,,,คงที่,16.716883,98.55886,2026-10-08T09:00:00.000Z,2026-10-08 16:00:00
2026-10-08,M.6A,บ้านสตึก,สุรินทร์,3.34,,53.77,เพิ่มขึ้น,-4.66,137.9,11.12,เพิ่มขึ้น,15.30003,103.29228,2026-10-08T09:00:00.000Z,2026-10-08 16:00:00
2026-10-08,TRD005,คลองประณีต บ.ตลุง,ตราด,3.23,,53.65,ลดลง,-1.99,,,คงที่,12.511344,102.37169,2026-10-08T08:50:00.000Z,2026-10-08 15:50:00
2026-10-08,TPN02,บ้านสองพี่น้อง,นครศรีธรรมราช,0.26,,53.33,ลดลง,-2.24,,,คงที่,8.301503,100.193085,2026-10-08T09:00:00.000Z,2026-10-08 16:00:00
2026-10-08,TNG002,เมืองตรัง,ตรัง,0.72,,53.31,ลดลง,-3.33,,,คงที่,7.5559,99.57821,2026-10-08T08:50:00.000Z,2026-10-08 15:50:00
2026-10-08,CMP002,หลังสวน,ชุมพร,0.51,,53.1,ลดลง,-3.64,,,คงที่,9.953396,99.06441,2026-10-08T08:50:00.000Z,2026-10-08 15:50:00
2026-10-08,X.174,บ้านคลองหวะ,สงขลา,4.71,,53.04,ลดลง,-4.17,6.93,3.65,ลดลง,6.98637,100.48186,2026-10-08T09:00:00.000Z,2026-10-08 16:00:00
2026-10-08,E.98,บ้านเขื่องใน,อุบลราชธานี,5.83,,53.03,ลดลง,-5.97,334.55,15.56,ลดลง,15.30323,104.50032,2026-10-08T09:00:00.000Z,2026-10-08 16:00:00
2026-10-08,MOU386,สะพานน้ำเข็ก,พิษณุโลก,65.12,,52.58,เพิ่มขึ้น,-5.30,,,คงที่,16.835382,100.56083,2026-10-08T08:50:00.000Z,2026-10-08 15:50:00
2026-10-08,NAN004,พิชัย,อุตรดิตถ์,47.81,,52.55,ลดลง,-3.73,,,คงที่,17.2944,100.082825,2026-10-08T08:50:00.000Z,2026-10-08 15:50:00
2026-10-08,Tkol.14,บ้านกาวะ,นราธิวาส,2.5599995,,52.53,ลดลง,-18.04,,,คงที่,6.0304,101.8956,2026-10-08T09:00:00.000Z,2026-10-08 16:00:00
2026-10-08,TY.13B,บ้านหลวงเหนือ จ.ลำปาง,ลำปาง,1.769989,,52.22,คงที่,-1.72,,,คงที่,18.757744,99.97515,2026-10-08T08:45:00.000Z,2026-10-08 15:45:00
2026-10-08,W.5A,บ้านเกาะคา,ลำปาง,-0.16,,52.19,ลดลง,-3.76,,,คงที่,18.19154,99.39687,2026-10-08T09:00:00.000Z,2026-10-08 16:00:00
2026-10-08,TSK.9,ฝายทับเสลา,อุทัยธานี,1.8999939,,51.84,เพิ่มขึ้น,-2.62,,,คงที่,15.407623,99.714455,2026-10-08T09:00:00.000Z,2026-10-08 16:00:00
2026-10-08,NYK008,สะพานเขานางบวช,นครนายก,5.89,,51.84,เพิ่มขึ้น,-3.02,,,คงที่,14.245718,101.27481,2026-10-08T08:50:00.000Z,2026-10-08 15:50:00
2026-10-08,P.15,หน้าวัดศรีภิรมย์,กำแพงเพชร,2.13,,51.51,ลดลง,-3.97,553.4,19.42,ลดลง,16.21399,99.72106,2026-10-08T09:00:00.000Z,2026-10-08 16:00:00
2026-10-08,E.16A,บ้านกุดกว้าง,ขอนแก่น,4.56,,51.47,ลดลง,-5.04,22.86,3.52,ลดลง,16.356,102.80429,2026-10-08T08:00:00.000Z,2026-10-08 15:00:00
2026-10-08,MUN002,เฉลิมพระเกียรติ,นครราชสีมา,164.44,,51.36,ลดลง,-3.38,,,คงที่,14.968018,102.23782,2026-10-08T08:50:00.000Z,2026-10-08 15:50:00
2026-10-08,FOP011,สะพานน้ำมวบ (บ้านภูแยง),น่าน,262.15,,51.19,ลดลง,-3.12,,,คงที่,18.923967,100.92671,2026-10-08T08:50:00.000Z,2026-10-08 15:50:00
2026-10-08,TS.15,วัดท่าแร่,เพชรบูรณ์,3.3300018,,51.16,เพิ่มขึ้น,-2.11,,,คงที่,16.744616,101.228165,2026-10-08T09:00:00.000Z,2026-10-08 16:00:00
2026-10-08,PAS002,เมืองเพชรบูรณ์,เพชรบูรณ์,112.97,,51.15,ลดลง,-4.16,,,คงที่,16.447924,101.170166,2026-10-08T08:50:00.000Z,2026-10-08 15:50:00
2026-10-08,E.18,บ้านท่าสะแบง,ร้อยเอ็ด,3.95,,51.09,ลดลง,-5.85,249.38,23.75,ลดลง,16.03415,103.90694,2026-10-08T08:00:00.000Z,2026-10-08 15:00:00
2026-10-08,TUP.02,สถานีน้ำแม่แตง (ฝายแม่แตงเหนือน้ำ),เชียงใหม่,3.649994,,51.06,ลดลง,-3.70,,,คงที่,19.157295,98.91881,2026-10-08T09:00:00.000Z,2026-10-08 16:00:00
2026-10-08,X.139A,บ้านปะเหลียนใน,ตรัง,21.22,,50.98,เพิ่มขึ้น,-2.98,16.3,11.81,เพิ่มขึ้น,7.32009,99.7957,2026-10-08T09:00:00.000Z,2026-10-08 16:00:00
2026-10-08,TTC18,วัดหนองปลิง,กาญจนบุรี,2.7699997,,50.83,เพิ่มขึ้น,-2.68,,,คงที่,14.293831,99.80741,2026-10-08T09:00:00.000Z,2026-10-08 16:00:00
2026-10-08,X.167,บ้านเสาธง,นครศรีธรรมราช,9.22,,50.73,ลดลง,-2.73,9.24,7.70,ลดลง,8.2801,99.90649,2026-10-08T09:00:00.000Z,2026-10-08 16:00:00
2026-10-08,K.12,บ้านทุ่งนานางหรอก,กาญจนบุรี,3.03,,50.72,ลดลง,-3.07,55.51,24.13,ลดลง,14.17522,99.43407,2026-10-08T09:00:00.000Z,2026-10-08 16:00:00
2026-10-08,P.78,บ้านสามเรือน,กำแพงเพชร,3.21,,50.66,ลดลง,-3.08,34.96,14.81,ลดลง,16.18206,99.59726,2026-10-08T09:00:00.000Z,2026-10-08 16:00:00
2026-10-08,P.7A,ต.ในเมือง,กำแพงเพชร,1.69,,50.54,ลดลง,-3.65,376.0,12.53,ลดลง,16.47927,99.51841,2026-10-08T09:00:00.000Z,2026-10-08 16:00:00
2026-10-08,E.66A,บ้านม่วงลาด,ร้อยเอ็ด,5.81,,50.51,ลดลง,-5.79,166.8,23.49,ลดลง,16.20825,103.52764,2026-10-08T08:00:00.000Z,2026-10-08 15:00:00
2026-10-08,P.67,บ้านแม่แต,เชียงใหม่,-0.18,,50.36,ลดลง,-3.18,36.5,9.61,ลดลง,19.00985,98.95974,2026-10-08T09:00:00.000Z,2026-10-08 16:00:00
2026-10-08,FOP019,คลองสรอย วัดแม่ขมวก,แพร่,155.71,,50.34,ลดลง,-1.48,,,คงที่,17.774937,99.469345,2026-10-08T08:50:00.000Z,2026-10-08 15:50:00
2026-10-08,TP.104,ศูนย์พัฒนาสังคมหน่วยที่ 4,กำแพงเพชร,2.3399963,,50.29,ลดลง,-1.74,,,คงที่,16.120138,99.32775,2026-10-08T09:00:00.000Z,2026-10-08 16:00:00
2026-10-08,X.196,บ้านท่านา,พังงา,15.27,,50.15,ลดลง,-3.27,15.75,6.70,ลดลง,8.70251,98.40903,2026-10-08T09:00:00.000Z,2026-10-08 16:00:00
2026-10-08,JNA002,นาทวี,สงขลา,20.23,,50.02,เพิ่มขึ้น,-2.48,,,คงที่,6.738061,100.69319,2026-10-08T08:50:00.000Z,2026-10-08 15:50:00
2026-10-08,X.199,บ้านท่าเรือ,นราธิวาส,16.62,,49.8,ลดลง,-5.68,,,คงที่,6.3505,101.49507,2026-10-08T09:00:00.000Z,2026-10-08 16:00:00
2026-10-08,TUP.18,สถานีโครงการชลประทานแม่ปิงเก่า,เชียงใหม่,0.73999023,,49.59,ลดลง,-2.45,,,คงที่,18.690973,98.987946,2026-10-08T09:00:00.000Z,2026-10-08 16:00:00
2026-10-08,RPBRPBD12,สะพานเคียนซา (ปาล์มพาราวุ้ด) อ.เคียนซา (X.217),สุราษฎร์ธานี,0.9,,49.43,เพิ่มขึ้น,-8.98,,,คงที่,8.847581,99.19898,2026-10-08T08:00:00.000Z,2026-10-08 15:00:00
2026-10-08,ONE001,สะพานท่าน้ำ,กระบี่,2.2,,49.13,ลดลง,-1.83,,,คงที่,8.109218,98.90551,2026-10-08T08:50:00.000Z,2026-10-08 15:50:00
2026-10-08,NAN009,เวียงสา,น่าน,179.96,,49.09,ลดลง,-5.05,,,คงที่,18.54995,100.76153,2026-10-08T08:50:00.000Z,2026-10-08 15:50:00
2026-10-08,MUN014,สตึก,บุรีรัมย์,126.07,,49.04,เพิ่มขึ้น,-4.55,,,คงที่,15.299861,103.29233,2026-10-08T08:50:00.000Z,2026-10-08 15:50:00
2026-10-08,W.4A,บ้านวังหมัน,ตาก,3.15,,48.94,ลดลง,-3.85,105.6,19.92,ลดลง,17.20499,99.09812,2026-10-08T09:00:00.000Z,2026-10-08 16:00:00
2026-10-08,TSL32,คลองนาท่อม,พัทลุง,6.15,,48.79,ลดลง,-2.32,,,คงที่,7.636973,100.06116,2026-10-08T09:00:00.000Z,2026-10-08 16:00:00
2026-10-08,NAN005,แม่น้ำเข็ก (ว้งทอง),พิษณุโลก,136.95,,48.79,เพิ่มขึ้น,-3.22,,,คงที่,16.855032,100.6668,2026-10-08T08:50:00.000Z,2026-10-08 15:50:00
2026-10-08,MOU383,สะพานคลองตรอน,อุตรดิตถ์,62.07,,48.77,เพิ่มขึ้น,-4.12,,,คงที่,17.463392,100.23722,2026-10-08T08:50:00.000Z,2026-10-08 15:50:00
2026-10-08,AIT011,สะพานข้ามน้ำมูล,อุบลราชธานี,94.71,,48.57,ลดลง,-8.43,,,คงที่,15.310499,105.49311,2026-10-08T08:50:00.000Z,2026-10-08 15:50:00
2026-10-08,M.179A,บ้านป่าก่อ,อุบลราชธานี,4.66,,48.46,เพิ่มขึ้น,-5.34,86.0,21.50,เพิ่มขึ้น,15.50299,104.59544,2026-10-08T09:00:00.000Z,2026-10-08 16:00:00
2026-10-08,Ny.1B,บ้านเขานางบวช,นครนายก,5.66,,48.45,เพิ่มขึ้น,-3.15,66.4,24.87,เพิ่มขึ้น,14.24582,101.27425,2026-10-08T09:00:00.000Z,2026-10-08 16:00:00
2026-10-08,DIV003,คลองผันน้ำยม-น่าน3,อุตรดิตถ์,47.94,,48.42,ลดลง,-5.74,,,คงที่,17.292522,100.07767,2026-10-08T08:50:00.000Z,2026-10-08 15:50:00
2026-10-08,DIV005,ท่อทองแดง1,กำแพงเพชร,75.05,,48.38,ลดลง,-2.67,,,คงที่,16.49714,99.51958,2026-10-08T08:50:00.000Z,2026-10-08 15:50:00
2026-10-08,P.16,บ้านแสนตอ,กำแพงเพชร,2.29,,48.04,ลดลง,-4.38,593.0,20.72,ลดลง,16.06467,99.86019,2026-10-08T09:00:00.000Z,2026-10-08 16:00:00
2026-10-08,TW.32,TW.32,ลำปาง,3.2200012,,47.98,ลดลง,-2.70,,,คงที่,18.024292,99.21803,2026-10-08T09:00:00.000Z,2026-10-08 16:00:00
2026-10-08,P.1,สะพานนวรัฐ,เชียงใหม่,1.12,,47.88,ลดลง,-2.58,81.1,19.08,ลดลง,18.78696,99.00509,2026-10-08T09:00:00.000Z,2026-10-08 16:00:00
2026-10-08,CHR002,เทิง,เชียงราย,361.27,,47.85,เพิ่มขึ้น,-5.72,,,คงที่,19.688295,100.18755,2026-10-08T08:50:00.000Z,2026-10-08 15:50:00
2026-10-08,TSL28,ปตร.ท่าช้าง-บางกล่ำ,สงขลา,0.29,,47.81,ลดลง,-3.57,,,คงที่,7.127928,100.43327,2026-10-08T09:00:00.000Z,2026-10-08 16:00:00
2026-10-08,KON004,เมืองอุดรธานี,อุดรธานี,168.13,,47.7,ลดลง,-3.37,,,คงที่,17.48233,102.79708,2026-10-08T08:50:00.000Z,2026-10-08 15:50:00
2026-10-08,ONE013,สะพานมิตรภาพท่าลาดปากบัง,นครพนม,138.41,,47.37,ลดลง,-3.96,,,คงที่,16.993048,104.59141,2026-10-08T08:50:00.000Z,2026-10-08 15:50:00
2026-10-08,BSP002,คลองขนาน,ประจวบคีรีขันธ์,13.57,,47.37,ลดลง,-2.90,,,คงที่,11.24043,99.43525,2026-10-08T08:50:00.000Z,2026-10-08 15:50:00
2026-10-08,TSL12,ปตร.คลองท่าแนะ,พัทลุง,33.55,,47.27,ลดลง,-4.44,,,คงที่,7.72914,99.914,2026-10-08T09:00:00.000Z,2026-10-08 16:00:00
2026-10-08,AIT001,อโศก,กรุงเทพมหานคร,1.39,,47.09,เพิ่มขึ้น,-1.00,,,คงที่,13.743286,100.56218,2026-10-08T08:50:00.000Z,2026-10-08 15:50:00
2026-10-08,S.4B,ต.ในเมือง,เพชรบูรณ์,5.87,,47.06,ลดลง,-3.33,38.47,20.25,ลดลง,16.42322,101.16208,2026-10-08T09:00:00.000Z,2026-10-08 16:00:00
2026-10-08,N.81,บ้านแก่งบัวคำ,พิษณุโลก,3.07,,47.03,ลดลง,-3.75,123.1,20.45,ลดลง,17.12855,100.58804,2026-10-08T09:00:00.000Z,2026-10-08 16:00:00
2026-10-08,PAS001,หล่มสัก,เพชรบูรณ์,141.41,,46.93,ลดลง,-3.06,,,คงที่,16.781506,101.24676,2026-10-08T08:50:00.000Z,2026-10-08 15:50:00
2026-10-08,M.2A,บ้านด่านกะตา,นครราชสีมา,2.32,,46.91,ลดลง,-4.38,23.0,9.91,ลดลง,14.96803,102.23783,2026-10-08T09:00:00.000Z,2026-10-08 16:00:00
2026-10-08,Ct.19,บ้านดอนใหญ่,อุทัยธานี,20.4,,46.77,เพิ่มขึ้น,-4.12,60.0,9.42,เพิ่มขึ้น,15.45274,100.03189,2026-10-08T09:00:00.000Z,2026-10-08 16:00:00
2026-10-08,PIN005,เก้าเลี้ยว,นครสวรรค์,28.74,,46.7,ลดลง,-2.79,,,คงที่,15.85051,100.05206,2026-10-08T08:50:00.000Z,2026-10-08 15:50:00
2026-10-08,N.13A,บ้านบุญนาค,น่าน,1.42,,46.69,ลดลง,-5.08,190.9,15.69,ลดลง,18.54998,100.76103,2026-10-08T05:00:00.000Z,2026-10-08 12:00:00
2026-10-08,AIT009,สะพานบังอี่,มุกดาหาร,126.68,,46.67,ลดลง,-5.09,,,คงที่,16.345835,104.889885,2026-10-08T08:50:00.000Z,2026-10-08 15:50:00
2026-10-08,Y.3A,บ้านวังขอนไม้,สุโขทัย,4.65,,46.64,เพิ่มขึ้น,-6.35,272.23,24.09,เพิ่มขึ้น,17.30744,99.82835,2026-10-08T09:00:00.000Z,2026-10-08 16:00:00
2026-10-08,TB0006,ทต.ทุ่งสะโตก,เชียงใหม่,290.56,,46.57,ลดลง,-1.63,,,คงที่,18.57391,98.86222,2026-10-08T08:50:00.000Z,2026-10-08 15:50:00
2026-10-08,Y.37,บ้านวังชิ้น,แพร่,4.94,,46.42,เพิ่มขึ้น,-6.06,232.2,17.51,เพิ่มขึ้น,17.90118,99.60565,2026-10-08T09:00:00.000Z,2026-10-08 16:00:00
2026-10-08,N.5A,ต.ในเมือง,พิษณุโลก,2.98,,46.22,เพิ่มขึ้น,-7.39,244.3,17.90,เพิ่มขึ้น,16.81514,100.2607,2026-10-08T09:00:00.000Z,2026-10-08 16:00:00
2026-10-08,PIN004,ขาณุวรลักษบุรี,กำแพงเพชร,41.91,,46.08,ลดลง,-3.42,,,คงที่,16.06475,99.8603,2026-10-08T08:50:00.000Z,2026-10-08 15:50:00
2026-10-08,M.187,ศูนย์วิจัยและพัฒนาประมงน้ำจืดสุรินทร์,สุรินทร์,1.55,,46.05,เพิ่มขึ้น,-2.05,1.45,2.74,ลดลง,14.85738,103.47694,2026-10-08T09:00:00.000Z,2026-10-08 16:00:00
2026-10-08,X.180,สะพานเทศบาล 2,ชุมพร,-0.37,,46.03,ลดลง,-3.87,,,คงที่,10.49706,99.17012,2026-10-08T09:00:00.000Z,2026-10-08 16:00:00
2026-10-08,Tpat.2,เทศบาลเมืองปัตตานี,ปัตตานี,1.08,,45.96,ลดลง,-1.27,,,คงที่,6.860409,101.25164,2026-10-08T09:00:00.000Z,2026-10-08 16:00:00
2026-10-08,TG11,เทศบาลแม่ยาว,เชียงราย,0.80999756,,45.92,ลดลง,-1.92,,,คงที่,19.934196,99.76024,2026-10-08T08:45:00.000Z,2026-10-08 15:45:00
2026-10-08,TPN03,ปตร.บางไทร,นครศรีธรรมราช,0.22,,45.84,ลดลง,-2.28,,,คงที่,8.262636,100.18711,2026-10-08T09:00:00.000Z,2026-10-08 16:00:00
2026-10-08,B.10,ตลาดท่ายาง,เพชรบุรี,3.25,,45.82,คงที่,-5.25,62.0,15.50,คงที่,12.97398,99.88784,2026-10-08T09:00:00.000Z,2026-10-08 16:00:00
2026-10-08,PRC003,นาดี,ปราจีนบุรี,11.72,,45.63,ลดลง,-5.06,,,คงที่,14.133574,101.72767,2026-10-08T08:50:00.000Z,2026-10-08 15:50:00
2026-10-08,NAN003,เมืองน่าน,น่าน,190.86,,45.58,ลดลง,-4.58,,,คงที่,18.737991,100.75609,2026-10-08T08:50:00.000Z,2026-10-08 15:50:00
2026-10-08,TPR.15,วัดปากแพรก,ประจวบคีรีขันธ์,1.48,,45.45,ลดลง,-2.22,,,คงที่,11.060013,99.45701,2026-10-08T09:00:00.000Z,2026-10-08 16:00:00
2026-10-08,M.191,บ้านโคกกรวด,นครราชสีมา,1.65,,45.27,เพิ่มขึ้น,-1.85,2.05,4.88,เพิ่มขึ้น,14.93281,101.95189,2026-10-08T09:00:00.000Z,2026-10-08 16:00:00
2026-10-08,TTR.06,วัดเทพนิมิต,ตราด,4.4700003,,45.14,ลดลง,-7.68,,,คงที่,12.433914,102.433075,2026-10-08T09:00:00.000Z,2026-10-08 16:00:00
2026-10-08,M.199,บ้านขนงพระเหนือ,นครราชสีมา,2.08,,45.09,ลดลง,-2.92,16.8,8.84,ลดลง,14.60611,101.47278,2026-10-08T09:00:00.000Z,2026-10-08 16:00:00
2026-10-08,TSN09,ประตูระบายน้ำหัววัง,ชุมพร,2.38,,45.07,ลดลง,-3.12,,,คงที่,10.556349,99.17725,2026-10-08T09:00:00.000Z,2026-10-08 16:00:00
2026-10-08,Kgt.14A,บ้านทุ่งแฝก,ปราจีนบุรี,2.19,,45.02,ลดลง,-2.88,9.9,8.68,ลดลง,14.16131,101.88306,2026-10-08T09:00:00.000Z,2026-10-08 16:00:00
2026-10-08,N.27A,ท้ายเขื่อนนเรศวร,พิษณุโลก,2.04,,44.85,ลดลง,-7.76,164.2,14.71,ลดลง,17.03078,100.18005,2026-10-08T09:00:00.000Z,2026-10-08 16:00:00
2026-10-08,X.188A,บ้านรมณีย์,พังงา,14.32,,44.78,ลดลง,-3.68,28.6,14.30,ลดลง,8.83334,98.45853,2026-10-08T09:00:00.000Z,2026-10-08 16:00:00
2026-10-08,TPN06,ปตร.เชียรใหญ่,นครศรีธรรมราช,0.29,,44.75,ลดลง,-2.21,,,คงที่,8.171241,100.13797,2026-10-08T09:00:00.000Z,2026-10-08 16:00:00
2026-10-08,P.85,บ้านหล่ายแก้ว,ลำพูน,-0.05,,44.69,ลดลง,-3.55,13.42,4.50,ลดลง,18.36642,98.7721,2026-10-08T09:00:00.000Z,2026-10-08 16:00:00
2026-10-08,M.170,บ้านคำสำราญ,อุบลราชธานี,3.77,,44.66,ลดลง,-5.23,63.1,11.11,ลดลง,14.79088,105.10277,2026-10-08T09:00:00.000Z,2026-10-08 16:00:00
2026-10-08,P.82,บ้านสบวิน,เชียงใหม่,1.33,,44.32,ลดลง,-2.47,14.47,10.19,ลดลง,18.65423,98.68566,2026-10-08T09:00:00.000Z,2026-10-08 16:00:00
2026-10-08,W.23,บ้านแม่เชียงราย,ลำปาง,2.22,,44.19,ลดลง,-4.08,67.1,14.13,ลดลง,17.36661,99.11301,2026-10-08T09:00:00.000Z,2026-10-08 16:00:00
2026-10-08,X.201A,บ้านท่าไม้ลาย,ชุมพร,38.49,,44.08,ลดลง,-3.26,25.7,12.01,ลดลง,10.50334,98.9644,2026-10-08T09:00:00.000Z,2026-10-08 16:00:00
2026-10-08,RPBRPBD04,สะพานเชี่ยวไทร อ.พนม,สุราษฎร์ธานี,12.94,,44.02,ลดลง,-4.54,,,คงที่,8.822734,98.83208,2026-10-08T08:00:00.000Z,2026-10-08 15:00:00
2026-10-08,X.36,บ้านท่าขนอน,สุราษฎร์ธานี,3.03,,43.83,เพิ่มขึ้น,-7.97,172.0,14.04,เพิ่มขึ้น,9.0294,98.96955,2026-10-08T09:00:00.000Z,2026-10-08 16:00:00
2026-10-08,Kgt.9,บ้านเขาฉกรรจ์,สระแก้ว,4.11,,43.78,ลดลง,-5.89,24.0,4.60,ลดลง,13.66804,102.0756,2026-10-08T09:00:00.000Z,2026-10-08 16:00:00
2026-10-08,MYA001,บ้านโจตาดา,สาธารณรัฐแห่งสหภาพเมียนมา,512.88,,43.7,ลดลง,-1.52,,,คงที่,20.3913,99.68576,2026-10-08T08:50:00.000Z,2026-10-08 15:50:00
2026-10-08,TP.113,บ้านเกาะตาล,กำแพงเพชร,3.0599976,,43.69,ลดลง,-3.66,,,คงที่,16.135834,99.784164,2026-10-08T09:00:00.000Z,2026-10-08 16:00:00
2026-10-08,T.MaeyomWeir,ฝายแม่ยม อ.สอง จ.แพร่,แพร่,1.0400085,,43.69,เพิ่มขึ้น,-3.39,,,คงที่,18.484167,100.16139,2026-10-08T09:00:00.000Z,2026-10-08 16:00:00
2026-10-08,Kgt.15B,บ้านแก่งดินสอ,ปราจีนบุรี,3.66,,43.54,เพิ่มขึ้น,-4.18,24.5,12.96,เพิ่มขึ้น,14.06587,101.92264,2026-10-08T09:00:00.000Z,2026-10-08 16:00:00
2026-10-08,MUN011,พิบูลมังสาหาร,อุบลราชธานี,107.89,,43.45,ลดลง,-4.52,,,คงที่,15.249662,105.2393,2026-10-08T08:50:00.000Z,2026-10-08 15:50:00
2026-10-08,TTC10,วัดช่องลม,สมุทรสาคร,1.3,,43.33,เพิ่มขึ้น,-1.70,,,คงที่,13.530641,100.26538,2026-10-08T08:45:00.000Z,2026-10-08 15:45:00
2026-10-08,X.37A,บ้านย่านดินแดง,สุราษฎร์ธานี,6.54,,43.27,ลดลง,-4.81,116.0,22.79,ลดลง,8.57098,99.25387,2026-10-08T09:00:00.000Z,2026-10-08 16:00:00
2026-10-08,NAN012,เมืองพิษณุโลก,พิษณุโลก,38.07,,43.18,เพิ่มขึ้น,-7.25,,,คงที่,16.864717,100.24477,2026-10-08T08:50:00.000Z,2026-10-08 15:50:00
2026-10-08,TK.80,ปตร.คลองจระเข้สามพัน,กาญจนบุรี,-2.94,,43.16,ลดลง,-6.15,,,คงที่,14.135309,99.70967,2026-10-08T09:00:00.000Z,2026-10-08 16:00:00
2026-10-08,MYA004,สะพานมิตรภาพแม่น้ำสายแห่งที่ 1,เชียงราย,394.82,,43.15,ลดลง,-2.77,,,คงที่,20.44451,99.8804,2026-10-08T08:50:00.000Z,2026-10-08 15:50:00
2026-10-08,E.95A,บ้านธวัชดินแดง,ร้อยเอ็ด,2.78,,43.14,ลดลง,-5.72,,,คงที่,16.1158,103.8466,2026-10-08T08:00:00.000Z,2026-10-08 15:00:00
2026-10-08,S.14,บ้านท่ารวก,ลพบุรี,56.98,,43.02,ลดลง,-5.02,13.0,6.37,ลดลง,15.22528,101.27746,2026-10-08T09:00:00.000Z,2026-10-08 16:00:00
2026-10-08,N.60,บ้านเด่นสำโรง,อุตรดิตถ์,1.25,,42.94,ลดลง,-6.75,159.25,12.20,ลดลง,17.41833,100.13091,2026-10-08T09:00:00.000Z,2026-10-08 16:00:00
2026-10-08,M.5,บ้านเมืองคง,ศรีสะเกษ,3.93,,42.93,คงที่,-6.82,,,คงที่,15.33969,104.15403,2026-10-07T23:00:00.000Z,2026-10-08 06:00:00
2026-10-08,TY.48,บ้านแฮะ จ.พะเยา,พะเยา,1.0500183,,42.65,คงที่,-2.77,,,คงที่,19.302908,100.3906,2026-10-08T09:00:00.000Z,2026-10-08 16:00:00
2026-10-08,KIZ003,คลองห้วยยาง,ปราจีนบุรี,31.67,,42.62,ลดลง,-5.72,,,คงที่,14.13648,101.85744,2026-10-08T08:50:00.000Z,2026-10-08 15:50:00
2026-10-08,SKD04,บ้านหาดสองแคว (N.60),อุตรดิตถ์,49.63,,42.59,ลดลง,-7.29,,,คงที่,17.418528,100.13082,2026-10-08T08:00:00.000Z,2026-10-08 15:00:00
2026-10-08,BBBBD08,แม่น้ำปิงที่ อ.คลองขลุง (P.15),กำแพงเพชร,53.73,,42.48,ลดลง,-4.17,,,คงที่,16.21715,99.72061,2026-10-08T08:00:00.000Z,2026-10-08 15:00:00
2026-10-08,N.1,หน้าสำนักงานป่าไม้,น่าน,1.04,,42.14,ลดลง,-5.96,96.4,9.04,ลดลง,18.77488,100.77969,2026-10-08T09:00:00.000Z,2026-10-08 16:00:00
2026-10-08,MOU300,สะพานน้ำแม่แจ่ม,เชียงใหม่,526.22,,42.13,คงที่,-3.91,,,คงที่,18.6844,98.37616,2026-10-08T08:50:00.000Z,2026-10-08 15:50:00
2026-10-08,URTD05,แม่น้ำชี บ้านหินกอง,ขอนแก่น,148.13,,42.01,คงที่,-7.12,225.15,,คงที่,16.250317,102.74392,2026-10-08T08:00:00.000Z,2026-10-08 15:00:00
2026-10-08,TG13,บ้านใหม่กือนา,เชียงราย,-1.25,,41.91,ลดลง,-6.32,,,คงที่,19.95685,99.93735,2026-10-08T08:45:00.000Z,2026-10-08 15:45:00
2026-10-08,Kh.28A,บ้านนาหลัก,เลย,2.77,,41.88,ลดลง,-7.23,57.86,9.49,ลดลง,17.31229,101.77246,2026-10-08T08:00:00.000Z,2026-10-08 15:00:00
2026-10-08,P.81,บ้านโป่ง,เชียงใหม่,2.56,,41.82,ลดลง,-3.24,20.68,20.27,ลดลง,18.69521,99.07875,2026-10-08T09:00:00.000Z,2026-10-08 16:00:00
2026-10-08,PRN002,หัวหิน,ประจวบคีรีขันธ์,29.29,,41.77,ลดลง,-2.49,,,คงที่,12.50847,99.842,2026-10-08T08:50:00.000Z,2026-10-08 15:50:00
2026-10-08,TNG004,ปะเหลียน,ตรัง,1.51,,41.65,ลดลง,-3.19,,,คงที่,7.372003,99.677246,2026-10-08T08:50:00.000Z,2026-10-08 15:50:00
2026-10-08,X.209,คลองหาดส้มแป้น,ระนอง,8.21,,41.54,ลดลง,-1.69,16.9,17.79,ลดลง,9.95839,98.64854,2026-10-08T09:00:00.000Z,2026-10-08 16:00:00
2026-10-08,P.47A,บ้านโป่งน้ำร้อน,กำแพงเพชร,1.61,,41.47,ลดลง,-3.26,21.97,,ลดลง,16.32841,99.29807,2026-10-08T09:00:00.000Z,2026-10-08 16:00:00
2026-10-08,Kh.58A,บ้านฟากเลย,เลย,3.83,,41.12,ลดลง,-5.17,115.15,21.73,ลดลง,17.49488,101.73447,2026-10-08T08:00:00.000Z,2026-10-08 15:00:00
2026-10-08,W.24,บ้านท่าไผ่,ตาก,3.76,,41.11,ลดลง,-4.74,105.0,22.68,ลดลง,17.32165,99.07722,2026-10-08T09:00:00.000Z,2026-10-08 16:00:00
2026-10-08,X.277,บ้านพิกุลทอง,พัทลุง,18.63,,41.1,เพิ่มขึ้น,-2.27,,,คงที่,7.74024,99.98028,2026-10-08T09:00:00.000Z,2026-10-08 16:00:00
2026-10-08,NAN006,บางกระทุ่ม,พิษณุโลก,33.54,,41.1,เพิ่มขึ้น,-6.31,,,คงที่,16.580505,100.238594,2026-10-08T08:50:00.000Z,2026-10-08 15:50:00
2026-10-08,X.236,บ้านย่านตาขาว,ตรัง,1.16,,41.09,ลดลง,-3.94,31.8,14.13,ลดลง,7.37199,99.67727,2026-10-08T09:00:00.000Z,2026-10-08 16:00:00
2026-10-08,TTR.05,เขาสมิง,ตราด,1.64,,41.0,คงที่,-2.36,,,คงที่,12.348571,102.45461,2026-10-08T09:00:00.000Z,2026-10-08 16:00:00
2026-10-08,TP.26A,บ้านหัวฝาย( P.26A เดิม),กำแพงเพชร,1.9500046,,40.96,ลดลง,-2.09,,,คงที่,16.447695,99.427864,2026-10-08T09:00:00.000Z,2026-10-08 16:00:00
2026-10-08,X.228,บ้านกลาง,ตรัง,3.32,,40.86,เพิ่มขึ้น,-5.08,65.8,13.03,เพิ่มขึ้น,7.64556,99.5322,2026-10-08T09:00:00.000Z,2026-10-08 16:00:00
2026-10-08,TPN04,บ้านปากแพรก,นครศรีธรรมราช,0.43,,40.86,ลดลง,-2.07,,,คงที่,8.219533,100.200905,2026-10-08T09:00:00.000Z,2026-10-08 16:00:00
2026-10-08,P.87,บ้านป่าซาง,ลำพูน,0.75,,40.85,ลดลง,-3.35,1.1,1.06,ลดลง,18.51912,98.94229,2026-10-08T09:00:00.000Z,2026-10-08 16:00:00
2026-10-08,TSK.10,วัดผาลาดธาราราม,อุทัยธานี,2.3300018,,40.78,ลดลง,-2.73,,,คงที่,15.426389,99.72864,2026-10-08T09:00:00.000Z,2026-10-08 16:00:00
2026-10-08,MDC 1.00,ตลาดเก่าตะกั่วป่า,พังงา,0.01,,40.74,ลดลง,-3.61,,,คงที่,8.829423,98.36931,2026-10-08T08:50:00.000Z,2026-10-08 15:50:00
2026-10-08,TSW.10,บ้านพะมอลอ,แม่ฮ่องสอน,2.7200012,,40.69,ลดลง,-3.95,,,คงที่,18.178425,97.92406,2026-10-08T08:45:00.000Z,2026-10-08 15:45:00
2026-10-08,PIN008,แม่น้ำทา,ลำพูน,303.88,,40.64,ลดลง,-1.83,,,คงที่,18.471647,98.955154,2026-10-08T08:50:00.000Z,2026-10-08 15:50:00
2026-10-08,X.176,แม่น้ำตาปี บ้านหาดทรายแก้ว อ.ฉวาง จ.นครศรีธรรมราช,นครศรีธรรมราช,24.42,,40.6,ลดลง,-2.78,22.8,9.91,ลดลง,8.42915,99.50836,2026-10-08T09:00:00.000Z,2026-10-08 16:00:00
2026-10-08,TTL.09,บ้านคลองตานี,จันทบุรี,1.6800079,,40.58,ลดลง,-2.46,,,คงที่,12.896003,102.271,2026-10-08T09:00:00.000Z,2026-10-08 16:00:00
2026-10-08,X.212,ถนนลูกเสือ,ชุมพร,0.66,,40.49,ลดลง,-5.54,151.0,13.98,ลดลง,9.95473,99.08004,2026-10-08T09:00:00.000Z,2026-10-08 16:00:00
2026-10-08,CPY003,ปตร.มโนรมย์,ชัยนาท,14.55,,40.48,เพิ่มขึ้น,-5.06,,,คงที่,15.32773,100.10913,2026-10-08T08:50:00.000Z,2026-10-08 15:50:00
2026-10-08,TW.34,TW.34,ลำปาง,2.2200012,,40.47,ลดลง,-3.84,,,คงที่,17.553856,99.17819,2026-10-08T09:00:00.000Z,2026-10-08 16:00:00
2026-10-08,E.92,บ้านท่างาม,ร้อยเอ็ด,3.41,,40.44,ลดลง,-5.39,19.25,8.75,ลดลง,16.109495,104.01123,2026-10-08T08:00:00.000Z,2026-10-08 15:00:00
2026-10-08,AIT005,สะพานห้วยบังบาต,บึงกาฬ,144.53,,40.3,ลดลง,-7.16,,,คงที่,18.282616,103.88075,2026-10-08T08:50:00.000Z,2026-10-08 15:50:00
2026-10-08,TX21A,ฝายท่าเชียด,พัทลุง,22.09,,40.18,คงที่,-4.60,,,คงที่,7.361018,100.1085,2026-10-08T09:00:00.000Z,2026-10-08 16:00:00
2026-10-08,TSW.11,บ้านแม่ตะควน,แม่ฮ่องสอน,2.040001,,40.12,ลดลง,-3.06,,,คงที่,17.963728,97.92608,2026-10-08T09:00:00.000Z,2026-10-08 16:00:00
2026-10-08,TTC15,ไซฟอนกระเสียว,สุพรรณบุรี,1.1300001,,39.95,ลดลง,-4.45,,,คงที่,14.844778,100.015495,2026-10-08T09:00:00.000Z,2026-10-08 16:00:00
2026-10-08,TSL24,ปตร.อู่ตะเภา,สงขลา,2.8,,39.94,เพิ่มขึ้น,-6.03,,,คงที่,6.987824,100.462204,2026-10-08T09:00:00.000Z,2026-10-08 16:00:00
2026-10-08,MOU472,สะพานคลองวังโตนด,จันทบุรี,44.18,,39.9,ลดลง,-3.61,,,คงที่,13.1195,101.9543,2026-10-08T08:50:00.000Z,2026-10-08 15:50:00
2026-10-08,N.2B,ต.ในเมือง,อุตรดิตถ์,0.58,,39.72,คงที่,-6.42,134.8,7.06,คงที่,17.60864,100.09924,2026-10-08T09:00:00.000Z,2026-10-08 16:00:00
2026-10-08,TSK.7,บ้านท่ามะนาว,อุทัยธานี,-0.41999817,,39.65,ลดลง,-2.07,,,คงที่,15.474444,99.518585,2026-10-08T09:00:00.000Z,2026-10-08 16:00:00
2026-10-08,ONE040,สะพานข้ามแม่น้ำยมสายเก่า-ตำบลไกรใน,สุโขทัย,42.81,,39.6,ลดลง,-4.79,,,คงที่,17.07422,100.00566,2026-10-08T08:50:00.000Z,2026-10-08 15:50:00
2026-10-08,W.1C,สะพานเสตุวารี,ลำปาง,0.6,,39.55,เพิ่มขึ้น,-4.60,56.0,11.50,เพิ่มขึ้น,18.29973,99.51123,2026-10-08T09:00:00.000Z,2026-10-08 16:00:00
2026-10-08,TSL36,คลองห้วยเผยอ,พัทลุง,2.11,,39.52,คงที่,-3.03,,,คงที่,7.277592,100.33808,2026-10-08T09:00:00.000Z,2026-10-08 16:00:00
2026-10-08,TY.43,วัดวังเคียน จ.แพร่,แพร่,4.5699997,,39.4,ลดลง,-8.29,,,คงที่,18.044664,99.800804,2026-10-08T09:00:00.000Z,2026-10-08 16:00:00
2026-10-08,X.285,สนามหน้าเมือง ,นครศรีธรรมราช,1.12,,39.29,เพิ่มขึ้น,-1.38,,,คงที่,8.3917,99.9708,2026-10-08T09:00:00.000Z,2026-10-08 16:00:00
2026-10-08,E.91,บ้านดอนขนวน,มหาสารคาม,4.44,,39.25,ลดลง,-7.26,158.44,19.32,ลดลง,16.36607,102.94975,2026-10-08T08:00:00.000Z,2026-10-08 15:00:00
2026-10-08,SKE003,คลองพรหมโหด,สระแก้ว,42.11,,39.23,ลดลง,-2.19,,,คงที่,13.705885,102.48168,2026-10-08T08:50:00.000Z,2026-10-08 15:50:00
2026-10-08,P.103,สะพานวงแหวนรอบ 3,เชียงใหม่,2.27,,39.11,ลดลง,-4.53,76.1,15.99,ลดลง,18.86651,98.97819,2026-10-08T09:00:00.000Z,2026-10-08 16:00:00
2026-10-08,TTR.04,บ้านไร่ป่า,ตราด,1.56,,39.0,เพิ่มขึ้น,-2.44,,,คงที่,12.287519,102.52456,2026-10-08T09:00:00.000Z,2026-10-08 16:00:00
2026-10-08,NAN011,เมืองอุตรดิตถ์,อุตรดิตถ์,52.93,,38.99,ลดลง,-5.09,,,คงที่,17.610167,100.099396,2026-10-08T08:50:00.000Z,2026-10-08 15:50:00
2026-10-08,TUP.14,สถานีแม่น้ำปิงที่โครงการส่งน้ำและบำรุงรักษาแม่แฝก-แม่งัด,เชียงใหม่,1.3099976,,38.89,ลดลง,-3.08,,,คงที่,19.104841,98.95452,2026-10-08T09:00:00.000Z,2026-10-08 16:00:00
2026-10-08,P.77,บ้านสบแม่สะป๊วด,ลำพูน,2.09,,38.86,ลดลง,-1.91,2.87,2.56,ลดลง,18.43327,99.08513,2026-10-08T09:00:00.000Z,2026-10-08 16:00:00
2026-10-08,TP.105,สำนักสงฆ์มอหินเพลิง,กำแพงเพชร,1.6899948,,38.82,ลดลง,-1.97,,,คงที่,16.151548,99.52752,2026-10-08T09:00:00.000Z,2026-10-08 16:00:00
2026-10-08,X.243,บ้านควนกลาง (1),นครศรีธรรมราช,40.2,,38.77,ลดลง,-3.38,24.0,10.76,ลดลง,8.555,99.56928,2026-10-08T09:00:00.000Z,2026-10-08 16:00:00
2026-10-08,Kh.53,บ้านหนองวัวซอ,อุดรธานี,2.88,,38.73,คงที่,-2.12,0.98,1.23,คงที่,17.2659,102.59243,2026-10-08T08:00:00.000Z,2026-10-08 15:00:00
2026-10-08,TTP03,บ้านวังตลับ,นครศรีธรรมราช,6.82,,38.68,ลดลง,-10.81,,,คงที่,8.398225,99.34655,2026-10-08T09:00:00.000Z,2026-10-08 16:00:00
2026-10-08,CHR003,แม่จัน,เชียงราย,409.54,,38.35,คงที่,-2.47,,,คงที่,20.157526,99.85968,2026-10-08T08:50:00.000Z,2026-10-08 15:50:00
2026-10-08,TTP28,สถานีวัดบางเงิน,กระบี่,34.36,,37.91,ลดลง,-7.14,,,คงที่,8.554306,98.90861,2026-10-08T09:00:00.000Z,2026-10-08 16:00:00
2026-10-08,TPI004,ท่าขนอม,สุราษฎร์ธานี,4.67,,37.88,เพิ่มขึ้น,-6.95,,,คงที่,9.029423,98.969635,2026-10-08T08:50:00.000Z,2026-10-08 15:50:00
2026-10-08,X.280,ซอยทรายทอง,สตูล,0.05,,37.87,ลดลง,-2.95,,,คงที่,6.64514,100.06741,2026-10-08T09:00:00.000Z,2026-10-08 16:00:00
2026-10-08,MYA002,บ้านดอยต่อคำ,สาธารณรัฐแห่งสหภาพเมียนมา,401.68,,37.81,ลดลง,-3.75,,,คงที่,20.44352,99.86226,2026-10-08T08:50:00.000Z,2026-10-08 15:50:00
2026-10-08,TY.46,บ้านวังยาว จ.น่าน,น่าน,1.1499939,,37.78,ลดลง,-1.40,,,คงที่,18.843086,100.42747,2026-10-08T09:00:00.000Z,2026-10-08 16:00:00
2026-10-08,S.3,ต.ตาลเดี่ยว,เพชรบูรณ์,5.15,,37.75,ลดลง,-3.15,12.33,16.01,ลดลง,16.78153,101.24667,2026-10-08T09:00:00.000Z,2026-10-08 16:00:00
2026-10-08,X.207,บ้านน้ำจืด,ระนอง,1.8,,37.67,ลดลง,-2.30,3.8,11.52,ลดลง,10.400022,98.78648,2026-10-08T09:00:00.000Z,2026-10-08 16:00:00
2026-10-08,X.203,บ้านนาป่า,นครศรีธรรมราช,8.53,,37.56,เพิ่มขึ้น,-1.97,4.54,11.35,เพิ่มขึ้น,8.39629,99.92014,2026-10-08T09:00:00.000Z,2026-10-08 16:00:00
2026-10-08,N.73,บ้านทานตะวัน,เพชรบูรณ์,3.3,,37.52,ลดลง,-5.91,27.63,15.02,ลดลง,16.56912,100.89178,2026-10-08T09:00:00.000Z,2026-10-08 16:00:00
2026-10-08,KRN004,ลิ่นถิ่น,กาญจนบุรี,63.85,,37.52,ลดลง,-6.67,,,คงที่,14.53552,98.78765,2026-10-08T08:50:00.000Z,2026-10-08 15:50:00
2026-10-08,X.40A,บ้านท่าสาป,ยะลา,12.74,,37.44,เพิ่มขึ้น,-3.76,76.2,,เพิ่มขึ้น,6.54053,101.24976,2026-10-08T09:00:00.000Z,2026-10-08 16:00:00
2026-10-08,RPBRPBD08,สะพานบ้านปากคู่(วัดนิลาราม)อ.คีรีรัฐนิคม ท. 220903,สุราษฎร์ธานี,8.63,,37.35,ลดลง,-2.86,,,คงที่,9.068123,98.98318,2026-10-08T08:00:00.000Z,2026-10-08 15:00:00
2026-10-08,BLGTD03,สะพานท่าสาป อ.เมือง จ.ยะลา,ยะลา,12.78,,37.35,เพิ่มขึ้น,-4.51,79.32,,เพิ่มขึ้น,6.552715,101.2662,2026-10-08T08:00:00.000Z,2026-10-08 15:00:00
2026-10-08,TG17,บ้านศรีวังมูล,เชียงราย,1.0899963,,37.31,ลดลง,-2.47,,,คงที่,19.8082,99.7567,2026-10-08T09:00:00.000Z,2026-10-08 16:00:00
2026-10-08,CHI001,บ้านเขว้า,ชัยภูมิ,203.08,,37.27,ลดลง,-9.79,,,คงที่,15.933129,101.699524,2026-10-08T08:50:00.000Z,2026-10-08 15:50:00
2026-10-08,Kh.97,บ้านเชียงคาน,เลย,7.06,,37.16,ลดลง,-11.94,,,คงที่,17.90029,101.67081,2026-10-08T08:00:00.000Z,2026-10-08 15:00:00
2026-10-08,Kh.100,บ้านพันลำ,บึงกาฬ,5.17,,36.93,ลดลง,-8.83,,,คงที่,18.39961,103.60826,2026-10-08T08:00:00.000Z,2026-10-08 15:00:00
2026-10-08,X.68,บ้านท่าแค,พัทลุง,13.36,,36.85,ลดลง,-2.24,4.0,6.67,ลดลง,7.56871,100.0485,2026-10-08T09:00:00.000Z,2026-10-08 16:00:00
2026-10-08,NAN016,น้ำสา,น่าน,228.27,,36.81,ลดลง,-3.81,,,คงที่,18.58397,100.60019,2026-10-08T08:50:00.000Z,2026-10-08 15:50:00
2026-10-08,ONE003,สะพานคลองอิปัน,กระบี่,37.82,,36.73,ลดลง,-4.37,,,คงที่,8.525788,98.881874,2026-10-08T08:50:00.000Z,2026-10-08 15:50:00
2026-10-08,YOM014,สะพานหนองจันทร์,แพร่,172.47,,36.58,เพิ่มขึ้น,-5.97,,,คงที่,18.465958,100.15168,2026-10-08T08:50:00.000Z,2026-10-08 15:50:00
2026-10-08,TP.90,สถานีน้ำแม่ปิง (P.90) บ้านทับเดื่อ,เชียงใหม่,0.4199829,,36.57,ลดลง,-3.33,,,คงที่,19.220478,98.97263,2026-10-08T09:00:00.000Z,2026-10-08 16:00:00
2026-10-08,KON002,เมืองเลย,เลย,231.92,,36.56,ลดลง,-6.26,,,คงที่,17.509333,101.7366,2026-10-08T08:50:00.000Z,2026-10-08 15:50:00
2026-10-08,MOU346,สะพานบ้านตึก,สุโขทัย,82.89,,36.54,ลดลง,-2.98,,,คงที่,17.58679,99.81124,2026-10-08T08:50:00.000Z,2026-10-08 15:50:00
2026-10-08,PIN006,เมืองกำแพงเพชร (P7A),กำแพงเพชร,73.14,,36.47,ลดลง,-5.03,,,คงที่,16.47813,99.51865,2026-10-08T08:50:00.000Z,2026-10-08 15:50:00
2026-10-08,YOM010,เมืองแพร่,แพร่,145.39,,36.37,ลดลง,-6.42,,,คงที่,18.133717,100.124596,2026-10-08T08:50:00.000Z,2026-10-08 15:50:00
2026-10-08,ONE007,ปตร.ธรณิศนฤมิต-ท้ายน้ำ,นครพนม,132.57,,36.28,ลดลง,-6.88,,,คงที่,16.922228,104.71621,2026-10-08T08:50:00.000Z,2026-10-08 15:50:00
2026-10-08,URTU02,น้ำพอง อ.สีชมพู,ขอนแก่น,194.36,,36.2,ลดลง,-7.06,52.7,,ลดลง,16.88054,102.14544,2026-10-08T08:00:00.000Z,2026-10-08 15:00:00
2026-10-08,SLA003,สะเดา,สงขลา,12.79,,36.18,เพิ่มขึ้น,-3.80,,,คงที่,6.796655,100.442406,2026-10-08T08:50:00.000Z,2026-10-08 15:50:00
2026-10-08,Y.20,บ้านห้วยสัก,แพร่,2.08,,36.16,ลดลง,-6.92,59.8,5.42,ลดลง,18.58613,100.15134,2026-10-08T09:00:00.000Z,2026-10-08 16:00:00
2026-10-08,CHI012,เมืองมหาสารคาม,มหาสารคาม,137.62,,36.13,คงที่,-6.89,,,คงที่,16.2323,103.27108,2026-10-08T08:50:00.000Z,2026-10-08 15:50:00
2026-10-08,X.90,บ้านบางศาลา,สงขลา,2.8,,36.01,เพิ่มขึ้น,-6.54,40.0,5.14,เพิ่มขึ้น,6.93124,100.43986,2026-10-08T09:00:00.000Z,2026-10-08 16:00:00
2026-10-08,FOP025,สะพานบางไตประชาบริรักษ์,สุราษฎร์ธานี,47.14,,35.83,ลดลง,-8.28,,,คงที่,9.282472,98.876945,2026-10-08T08:50:00.000Z,2026-10-08 15:50:00
2026-10-08,Kh.104,วัดศรีบุญเรือง,มุกดาหาร,4.65,,35.77,ลดลง,-8.35,,,คงที่,16.53594,104.7335,2026-10-08T08:00:00.000Z,2026-10-08 15:00:00
2026-10-08,TG08,สะพานบ้านใหม่ริมฝาง,เชียงใหม่,1.6900024,,35.77,ลดลง,-3.52,,,คงที่,19.908478,99.22019,2026-10-08T08:45:00.000Z,2026-10-08 15:45:00
2026-10-08,YOM013,ศาลเจ้าพ่อพญาอ้น,แพร่,183.99,,35.77,ลดลง,-6.86,,,คงที่,18.599714,100.1496,2026-10-08T08:30:00.000Z,2026-10-08 15:30:00
2026-10-08,K.62,บ้านหนองไผ่,กาญจนบุรี,1.69,,35.58,ลดลง,-4.11,,,คงที่,13.78092,99.42092,2026-10-08T09:00:00.000Z,2026-10-08 16:00:00
2026-10-08,TW.31,TW.31,ลำปาง,1.449997,,35.58,ลดลง,-3.35,,,คงที่,18.13277,99.62003,2026-10-08T09:00:00.000Z,2026-10-08 16:00:00
2026-10-08,MOU294,สะพานน้ำแม่กลาง,เชียงใหม่,429.69,,35.49,ลดลง,-2.06,,,คงที่,18.507513,98.66199,2026-10-08T08:50:00.000Z,2026-10-08 15:50:00
2026-10-08,G.8,บ้านต้นยาง,เชียงราย,0.87,,35.47,ลดลง,-3.53,16.09,8.51,ลดลง,19.79371,99.74968,2026-10-08T09:00:00.000Z,2026-10-08 16:00:00
2026-10-08,Kh.16B,บ้านท่าควาย,นครพนม,4.59,,35.31,ลดลง,-8.41,,,คงที่,17.43764,104.75762,2026-10-08T08:00:00.000Z,2026-10-08 15:00:00
2026-10-08,Gt.7,บ้านวังยาว,ประจวบคีรีขันธ์,1.84,,35.31,ลดลง,-5.66,,,คงที่,11.24076,99.43621,2026-10-08T09:00:00.000Z,2026-10-08 16:00:00
2026-10-08,ONE045,สะพานข้ามคลองปากหมาก,สุราษฎร์ธานี,97.25,,35.17,เพิ่มขึ้น,-1.70,,,คงที่,9.492355,98.91993,2026-10-08T08:50:00.000Z,2026-10-08 15:50:00
2026-10-08,M.89,สำนักเทคโนโลยีชีวภัณฑ์สัตว์,นครราชสีมา,2.59,,35.16,ลดลง,-3.91,11.64,9.31,ลดลง,14.69785,101.41515,2026-10-08T09:00:00.000Z,2026-10-08 16:00:00
2026-10-08,CMP001,เมืองชุมพร,ชุมพร,2.84,,35.05,คงที่,-5.40,,,คงที่,10.57441,99.145744,2026-10-07T18:10:00.000Z,2026-10-08 01:10:00
2026-10-08,M.164,ตำบลในเมือง,นครราชสีมา,1.46,,35.03,ลดลง,-2.04,,,คงที่,14.98457,102.09294,2026-10-08T09:00:00.000Z,2026-10-08 16:00:00
2026-10-08,RPBRPBD06,สะพานท่าขนอน (วัดปราการ)อ.คีรีรัฐนิคม (X.36),สุราษฎร์ธานี,2.24,,35.02,ลดลง,-9.85,,,คงที่,9.029581,98.96959,2026-10-08T08:00:00.000Z,2026-10-08 15:00:00
2026-10-08,M.176,บ้านโนนสีไคล,ศรีสะเกษ,4.25,,34.93,ลดลง,-7.75,71.5,14.47,ลดลง,15.00636,104.63345,2026-10-08T09:00:00.000Z,2026-10-08 16:00:00
2026-10-08,PIN002,เมืองตาก,ตาก,99.62,,34.92,ลดลง,-1.71,,,คงที่,16.78657,99.18398,2026-10-08T08:50:00.000Z,2026-10-08 15:50:00
2026-10-08,TPR.7,บ้านห้วยมงคล,ประจวบคีรีขันธ์,1.22,,34.86,เพิ่มขึ้น,-2.28,,,คงที่,12.5435,99.8272,2026-10-08T09:00:00.000Z,2026-10-08 16:00:00
2026-10-08,BBBBU04,ห้วยแม่ตื่นที่ อ.อมก๋อย,เชียงใหม่,421.15,,34.75,ลดลง,-2.46,,,คงที่,17.387732,98.46766,2026-10-08T08:00:00.000Z,2026-10-08 15:00:00
2026-10-08,MOU246,สะพานน้ำลำตะคอง,นครราชสีมา,345.65,,34.75,ลดลง,-2.75,,,คงที่,14.5501,101.4595,2026-10-08T08:50:00.000Z,2026-10-08 15:50:00
2026-10-08,X.234,บ้านป่าหมาก,ตรัง,0.99,,34.62,ลดลง,-5.41,26.7,6.28,ลดลง,7.58883,99.57687,2026-10-08T09:00:00.000Z,2026-10-08 16:00:00
2026-10-08,WAN001,สามเงา,ตาก,133.81,,34.59,ลดลง,-7.42,,,คงที่,17.260607,99.078,2026-10-08T08:50:00.000Z,2026-10-08 15:50:00
2026-10-08,NAN010,น้ำปาด,อุตรดิตถ์,154.84,,34.34,ลดลง,-4.62,,,คงที่,17.790916,100.74901,2026-10-08T08:50:00.000Z,2026-10-08 15:50:00
2026-10-08,Kh.1,บ้านมีชัย,หนองคาย,3.98,,34.31,เพิ่มขึ้น,-7.62,,,คงที่,17.8874,102.75207,2026-10-08T08:00:00.000Z,2026-10-08 15:00:00
2026-10-08,DIV004,คลองผันน้ำยม-น่าน4,พิษณุโลก,37.42,,34.21,ลดลง,-5.78,,,คงที่,16.671724,100.24581,2026-10-08T08:50:00.000Z,2026-10-08 15:50:00
2026-10-08,M.157,บ้านนิคม,ยโสธร,2.05,,34.06,ลดลง,-3.95,10.5,2.10,ลดลง,15.80624,104.32795,2026-10-08T09:00:00.000Z,2026-10-08 16:00:00
2026-10-08,BBBBD02,แม่น้ำปิงที่ อ.บ้านตาก,ตาก,119.34,,34.03,ลดลง,-2.61,,,คงที่,17.049091,99.06602,2026-10-08T08:00:00.000Z,2026-10-08 15:00:00
2026-10-08,YOM004,เด่นชัย,แพร่,139.96,,34.0,ลดลง,-7.66,,,คงที่,18.020828,100.058784,2026-10-08T08:50:00.000Z,2026-10-08 15:50:00
2026-10-08,Tkol.24,ทรบ.คลองระบายสายที่ 13,นราธิวาส,0.28,,33.91,คงที่,-1.52,,,คงที่,6.20995,102.014435,2026-10-08T09:00:00.000Z,2026-10-08 16:00:00
2026-10-08,ONE005,สะพานหนองจิก-วังปลา,ชุมพร,4.7,,33.8,ลดลง,-2.25,,,คงที่,10.112908,99.07552,2026-10-08T08:50:00.000Z,2026-10-08 15:50:00
2026-10-08,SKD09,อ.วัดโบสถ์ (N.22A),พิษณุโลก,42.73,,33.77,ลดลง,-6.59,,,คงที่,16.998825,100.32592,2026-10-08T08:00:00.000Z,2026-10-08 15:00:00
2026-10-08,X.279,บ้านปันจอร์,สตูล,19.67,,33.7,ลดลง,-3.53,6.67,7.94,ลดลง,6.77741,100.07149,2026-10-08T09:00:00.000Z,2026-10-08 16:00:00
2026-10-08,M.173,บ้านโนนสะอาด,นครราชสีมา,3.05,,33.67,ลดลง,-4.55,18.0,5.77,ลดลง,14.74504,102.21178,2026-10-08T09:00:00.000Z,2026-10-08 16:00:00
2026-10-08,BBBBU02,แม่น้ำปิงที่ อ.ฮอด,เชียงใหม่,256.67,,33.61,ลดลง,-5.25,,,คงที่,18.178274,98.630516,2026-10-08T08:00:00.000Z,2026-10-08 15:00:00
2026-10-08,TTP24,สถานีบ้านมอเก็ต,สุราษฎร์ธานี,4.18,,33.54,เพิ่มขึ้น,-4.32,,,คงที่,8.701588,99.26725,2026-10-08T09:00:00.000Z,2026-10-08 16:00:00
2026-10-08,M.43A,บ้านท่ามะปรางค์,นครราชสีมา,1.26,,33.53,คงที่,-2.24,8.82,7.87,คงที่,14.51204,101.38035,2026-10-08T09:00:00.000Z,2026-10-08 16:00:00
2026-10-08,KON001,วังสะพุง,เลย,240.9,,33.53,ลดลง,-5.99,,,คงที่,17.31235,101.7726,2026-10-08T08:50:00.000Z,2026-10-08 15:50:00
2026-10-08,MOU370,สะพานพญาอาทิตราช,เชียงใหม่,408.84,,33.39,ลดลง,-3.68,,,คงที่,17.37028,98.48728,2026-10-08T08:50:00.000Z,2026-10-08 15:50:00
2026-10-08,G.10,บ้านโป่งปูเฟือง,เชียงราย,0.33,,33.02,ลดลง,-3.17,30.2,14.05,ลดลง,19.65257,99.53802,2026-10-08T09:00:00.000Z,2026-10-08 16:00:00
2026-10-08,X.275,บ้านบริดอ,ปัตตานี,0.66,,33.0,เพิ่มขึ้น,-1.34,,,คงที่,6.82152,101.24489,2026-10-08T09:00:00.000Z,2026-10-08 16:00:00
2026-10-08,NKO003,ถ้ำพรรณรา,นครศรีธรรมราช,13.87,,32.96,ลดลง,-6.98,,,คงที่,8.391203,99.3952,2026-10-08T08:50:00.000Z,2026-10-08 15:50:00
2026-10-08,Y.6A,บ้านป่ากล้วย,สุโขทัย,3.85,,32.95,ลดลง,-7.69,,,คงที่,17.43114,99.80126,2026-10-08T09:00:00.000Z,2026-10-08 16:00:00
2026-10-08,TCP002,ปตร.ปลายคลองบางซอ (ทุ่งเจ้าเจ็ด),สุพรรณบุรี,1.45,,32.95,เพิ่มขึ้น,-2.95,,,คงที่,14.194874,100.13264,2026-10-08T08:50:00.000Z,2026-10-08 15:50:00
2026-10-08,YOM008,บางระกำ,พิษณุโลก,33.29,,32.94,เพิ่มขึ้น,-7.91,,,คงที่,16.70818,100.17179,2026-10-08T08:50:00.000Z,2026-10-08 15:50:00
2026-10-08,STU004,ควนกาหลง,สตูล,21.74,,32.91,เพิ่มขึ้น,-4.30,,,คงที่,6.928384,99.936,2026-10-08T08:50:00.000Z,2026-10-08 15:50:00
2026-10-08,Z.13,บ้านปึก,จันทบุรี,1.67,,32.77,ลดลง,-4.35,50.95,22.54,ลดลง,12.76323,102.13804,2026-10-08T09:00:00.000Z,2026-10-08 16:00:00
2026-10-08,TNG006,รัษฎา,ตรัง,19.5,,32.68,เพิ่มขึ้น,-4.95,,,คงที่,7.964069,99.59781,2026-10-08T08:50:00.000Z,2026-10-08 15:50:00
2026-10-08,TUP.19,สถานีคลองส่งน้ำแม่แตง,เชียงใหม่,1.2000122,,32.43,เพิ่มขึ้น,-2.48,,,คงที่,18.804512,98.95976,2026-10-08T09:00:00.000Z,2026-10-08 16:00:00
2026-10-08,TPR.1,บ้านป่าเต็ง,เพชรบุรี,1.62,,32.4,คงที่,-3.38,,,คงที่,12.584,99.5344,2026-10-08T09:00:00.000Z,2026-10-08 16:00:00
2026-10-08,FOP035,สะพานข้ามคลองวังเคียน,นครศรีธรรมราช,10.93,,32.37,ลดลง,-5.12,,,คงที่,7.954537,99.896286,2026-10-08T08:50:00.000Z,2026-10-08 15:50:00
2026-10-08,X.191,โรงเรียนสตรีภูเก็ต,ภูเก็ต,1.91,,32.33,เพิ่มขึ้น,-2.69,3.78,6.00,เพิ่มขึ้น,7.89188,98.39065,2026-10-08T09:00:00.000Z,2026-10-08 16:00:00
2026-10-08,FOP016,ลำน้ำสานบ้านทุ่งยาวเหนือ,ลำพูน,318.21,,32.3,ลดลง,-5.72,,,คงที่,18.511889,99.07725,2026-10-08T08:50:00.000Z,2026-10-08 15:50:00
2026-10-08,TTP25,สถานีบ้านบางน้ำเย็น,สุราษฎร์ธานี,6.74,,32.1,ลดลง,-14.26,,,คงที่,8.924333,98.840195,2026-10-08T09:00:00.000Z,2026-10-08 16:00:00
2026-10-08,CHI013,ยางตลาด,กาฬสินธุ์,135.96,,31.93,ลดลง,-8.34,,,คงที่,16.411118,103.46708,2026-10-08T08:50:00.000Z,2026-10-08 15:50:00
2026-10-08,ONE002,สะพานข้ามคลองกระบี่ใหญ่ 1,กระบี่,23.69,,31.93,ลดลง,-2.47,,,คงที่,8.187534,98.87913,2026-10-08T08:50:00.000Z,2026-10-08 15:50:00
2026-10-08,LA03 (TX.333),บ้านนาข่าเหนือ,สตูล,3.77,,31.92,ลดลง,-6.91,,,คงที่,6.914998,99.85133,2026-10-08T09:00:00.000Z,2026-10-08 16:00:00
2026-10-08,TNB.09,บ้านโคกข่อย,นครศรีธรรมราช,0.11,,31.79,ลดลง,-3.39,,,คงที่,8.435595,100.01443,2026-10-08T09:00:00.000Z,2026-10-08 16:00:00
2026-10-08,MOU010,สะพานห้วยแม่ตาช้าง,เชียงใหม่,379.62,,31.79,คงที่,-4.00,,,คงที่,18.77196,98.86259,2026-10-08T08:50:00.000Z,2026-10-08 15:50:00
2026-10-08,W.10B,บ้านแลง,ลำปาง,2.1,,31.7,ลดลง,-4.50,10.0,2.29,ลดลง,18.51882,99.63,2026-10-08T09:00:00.000Z,2026-10-08 16:00:00
2026-10-08,X.294,บ้านสองแพรก ,ระนอง,9.84,,31.65,ลดลง,-4.26,,,คงที่,10.26624,98.82583,2026-10-08T09:00:00.000Z,2026-10-08 16:00:00
2026-10-08,CHM002,ฮอด,เชียงใหม่,256.5,,31.54,ลดลง,-4.33,,,คงที่,18.17863,98.630165,2026-10-08T08:50:00.000Z,2026-10-08 15:50:00
2026-10-08,N.22A,บ้านท่างาม,พิษณุโลก,1.04,,31.48,ลดลง,-6.49,30.21,7.40,ลดลง,16.99887,100.32663,2026-10-08T09:00:00.000Z,2026-10-08 16:00:00
2026-10-08,TTL.04,บ้านฟากห้วย,สระแก้ว,1.7099991,,31.26,ลดลง,-3.76,,,คงที่,13.684085,102.50111,2026-10-08T09:00:00.000Z,2026-10-08 16:00:00
2026-10-08,MOU301,สะพานน้ำแม่งัด,เชียงใหม่,398.6,,31.0,ลดลง,-2.42,,,คงที่,19.238924,99.18049,2026-10-08T08:50:00.000Z,2026-10-08 15:50:00
2026-10-08,X.239,บ้านฉลุงเหนือ,สตูล,13.89,,30.82,ลดลง,-2.31,7.8,8.97,ลดลง,6.72662,100.06274,2026-10-08T09:00:00.000Z,2026-10-08 16:00:00
2026-10-08,Z.28,บ้านขุนซ่อง,จันทบุรี,2.33,,30.81,ลดลง,-4.16,4.84,7.45,ลดลง,13.07735,101.94553,2026-10-08T09:00:00.000Z,2026-10-08 16:00:00
2026-10-08,TP4 (TX.331),บ้านสะพานเสือ,พังงา,12.89,,30.59,เพิ่มขึ้น,-2.61,,,คงที่,8.748697,98.38924,2026-10-08T09:00:00.000Z,2026-10-08 16:00:00
2026-10-08,YOM015,แม่ต้า,แพร่,182.37,,30.57,ลดลง,-3.49,,,คงที่,18.243517,99.97738,2026-10-08T08:50:00.000Z,2026-10-08 15:50:00
2026-10-08,Y.14B,บ้านป่างิ้ว,สุโขทัย,2.98,,30.43,เพิ่มขึ้น,-8.32,292.1,12.73,เพิ่มขึ้น,17.59552,99.7163,2026-10-08T09:00:00.000Z,2026-10-08 16:00:00
2026-10-08,TPN01,ปตร.อุทกวิภาชประสิทธิ,นครศรีธรรมราช,-0.14,,30.34,ลดลง,-2.64,,,คงที่,8.321786,100.20608,2026-10-08T08:45:00.000Z,2026-10-08 15:45:00
2026-10-08,AIT003,สะพานห้วยน้ำฮวย,หนองคาย,169.52,,30.15,เพิ่มขึ้น,-5.84,,,คงที่,18.151169,102.17911,2026-10-08T02:00:00.000Z,2026-10-08 09:00:00
2026-10-08,URTU07,น้ำพอง บ้านผานกเค้า (E.29),เลย,229.06,,30.12,ลดลง,-8.33,23.7,,ลดลง,16.847334,101.9436,2026-10-08T08:00:00.000Z,2026-10-08 15:00:00
2026-10-08,BNR.01,ปตร.บางนราตอนบน,นราธิวาส,1.45,,30.0,เพิ่มขึ้น,-1.05,,,คงที่,6.41331,101.83414,2026-10-08T08:45:00.000Z,2026-10-08 15:45:00
2026-10-08,Kh.72,บ้านแม่คำหลักเจ็ด,เชียงราย,1.48,,29.88,ลดลง,-3.52,16.44,9.61,ลดลง,20.21836,99.85699,2026-10-08T09:00:00.000Z,2026-10-08 16:00:00
2026-10-08,X.149,บ้านท้า่ยนา,นครศรีธรรมราช,26.79,,29.85,ลดลง,-6.06,,,คงที่,8.73097,99.74609,2026-10-08T09:00:00.000Z,2026-10-08 16:00:00
2026-10-08,TSL09,สถานีบ่อยาง,สงขลา,0.04,,29.71,ลดลง,-2.46,,,คงที่,7.200311,100.587906,2026-10-08T09:00:00.000Z,2026-10-08 16:00:00
2026-10-08,X.158,บ้านวังครก,ชุมพร,3.95,,29.64,ลดลง,-7.55,53.75,7.63,ลดลง,10.59451,99.14177,2026-10-08T09:00:00.000Z,2026-10-08 16:00:00
2026-10-08,Z.10,บ้านศรีบัวทอง,ตราด,3.89,,29.6,ลดลง,-7.61,54.25,12.98,ลดลง,12.4765,102.47787,2026-10-08T09:00:00.000Z,2026-10-08 16:00:00
2026-10-08,Kh.89,บ้านหัวสะพาน,เชียงราย,0.64,,29.41,ลดลง,-1.56,2.75,4.17,ลดลง,20.15753,99.8596,2026-10-08T09:00:00.000Z,2026-10-08 16:00:00
2026-10-08,P.2A,บ้านท่าแค,ตาก,0.71,,29.39,ลดลง,-5.07,215.0,8.27,ลดลง,16.85456,99.12301,2026-10-08T09:00:00.000Z,2026-10-08 16:00:00
2026-10-08,X.77,บ้านหัวสะพาน,ยะลา,35.54,,29.37,ลดลง,-4.16,40.4,6.27,ลดลง,6.1525,101.0809,2026-10-08T09:00:00.000Z,2026-10-08 16:00:00
2026-10-08,FOP065,สะพานข้ามแม่น้ำลาว-บ้านป่าสัก,เชียงราย,544.3,,29.13,ลดลง,-3.20,,,คงที่,19.301786,99.51751,2026-10-08T08:50:00.000Z,2026-10-08 15:50:00
2026-10-08,S.33,ต.ตาดกลอย,เพชรบูรณ์,3.16,,29.0,ลดลง,-5.68,5.77,1.39,ลดลง,17.00406,101.35289,2026-10-08T09:00:00.000Z,2026-10-08 16:00:00
2026-10-08,SVI002,สวี 2,ชุมพร,0.77,,29.0,ลดลง,-8.47,,,คงที่,10.203307,99.04359,2026-10-08T08:20:00.000Z,2026-10-08 15:20:00
2026-10-08,Y.1C,บ้านน้ำโค้ง,แพร่,2.03,,28.84,ลดลง,-6.17,111.4,10.69,ลดลง,18.13391,100.12464,2026-10-08T09:00:00.000Z,2026-10-08 16:00:00
2026-10-08,TG15,บ้านสันกลาง,เชียงราย,0.2999878,,28.76,ลดลง,-2.13,,,คงที่,19.66868,99.5412,2026-10-08T08:45:00.000Z,2026-10-08 15:45:00
2026-10-08,NAN001,ท่าวังผา,น่าน,218.33,,28.7,ลดลง,-4.98,,,คงที่,19.096132,100.80259,2026-10-08T08:50:00.000Z,2026-10-08 15:50:00
2026-10-08,Kh.103,บ้านโนนตูม,อุดรธานี,1.58,,28.66,ลดลง,-3.42,5.32,5.60,ลดลง,17.48257,102.79739,2026-10-08T08:00:00.000Z,2026-10-08 15:00:00
2026-10-08,SKG005,สะพานแม่วงก์,กำแพงเพชร,109.42,,28.66,ลดลง,-4.27,,,คงที่,15.90176,99.4704,2026-10-08T08:50:00.000Z,2026-10-08 15:50:00
2026-10-08,CHM004,เชียงดาว,เชียงใหม่,379.09,,28.66,ลดลง,-2.63,,,คงที่,19.36728,98.96884,2026-10-08T08:50:00.000Z,2026-10-08 15:50:00
2026-10-08,ONE047,สะพานถนนสายเอเซีย 4265,สุราษฎร์ธานี,89.26,,28.49,เพิ่มขึ้น,-2.65,,,คงที่,9.59868,98.94901,2026-10-08T08:50:00.000Z,2026-10-08 15:50:00
2026-10-08,MOU035,สะพานน้ำขว้าง บ้านร้องแง,น่าน,257.01,,28.41,ลดลง,-2.31,,,คงที่,19.175903,100.92984,2026-10-08T08:50:00.000Z,2026-10-08 15:50:00
2026-10-08,TTP13,บ้านต้นสะท้อน,สุราษฎร์ธานี,2.699997,,28.29,ลดลง,-4.31,,,คงที่,8.871568,99.38229,2026-10-08T09:00:00.000Z,2026-10-08 16:00:00
2026-10-08,P.75,บ้านช่อแล,เชียงใหม่,0.58,,28.28,ลดลง,-3.12,18.9,9.00,ลดลง,19.14599,99.00733,2026-10-08T09:00:00.000Z,2026-10-08 16:00:00
2026-10-08,X.184,บ้านซากอ,นราธิวาส,23.39,,28.13,ลดลง,-8.01,59.0,3.60,ลดลง,6.22716,101.49695,2026-10-08T09:00:00.000Z,2026-10-08 16:00:00
2026-10-08,W.3A,บ้านดอนชัย,ลำปาง,-0.02,,28.06,ลดลง,-4.82,48.6,5.72,ลดลง,17.64149,99.23201,2026-10-08T09:00:00.000Z,2026-10-08 16:00:00
2026-10-08,BLGTU02,สะพานบ้าน กม.29 อ.เบตง จ.ยะลา,ยะลา,117.1,,27.95,ลดลง,-3.27,15.93,,ลดลง,5.920578,101.18208,2026-10-08T08:00:00.000Z,2026-10-08 15:00:00
2026-10-08,X.47,บ้านท่าจีน,ตรัง,1.48,,27.92,ลดลง,-3.82,,,คงที่,7.55583,99.57844,2026-10-08T09:00:00.000Z,2026-10-08 16:00:00
2026-10-08,PLG001,สะพานข้ามคลองบ้านท่าวัง,พัทลุง,16.1,,27.72,ลดลง,-6.11,,,คงที่,7.37656,100.1004,2026-10-08T08:50:00.000Z,2026-10-08 15:50:00
2026-10-08,MOU419,สะพานคลองสนธิ,ลพบุรี,130.14,,27.52,ลดลง,-3.48,,,คงที่,15.511334,101.34016,2026-10-08T08:50:00.000Z,2026-10-08 15:50:00
2026-10-08,CHK002,เขาวง,นครสวรรค์,4.67,,27.51,คงที่,-13.05,,,คงที่,15.181774,100.41453,2026-10-08T08:50:00.000Z,2026-10-08 15:50:00
2026-10-08,TPN08,ฝายเสาธง,นครศรีธรรมราช,25.35,,27.46,ลดลง,-4.65,,,คงที่,8.340558,99.82893,2026-10-08T09:00:00.000Z,2026-10-08 16:00:00
2026-10-08,MDC 5.00,คลองนาท่อม,พัทลุง,19.84,,27.38,ลดลง,-9.44,,,คงที่,7.558882,99.98751,2026-10-08T08:50:00.000Z,2026-10-08 15:50:00
2026-10-08,Tpat.10,ท้ายเขื่อนบางลาง,ยะลา,42.23,,27.37,เพิ่มขึ้น,-8.57,,,คงที่,6.160801,101.27608,2026-10-08T09:00:00.000Z,2026-10-08 16:00:00
2026-10-08,ONE042,สะพานคลองแม่น้ำเก่า,สุโขทัย,55.61,,27.3,เพิ่มขึ้น,-6.30,,,คงที่,17.341562,99.85571,2026-10-08T08:50:00.000Z,2026-10-08 15:50:00
2026-10-08,Tkol.19,ปตร.ปลายคลองโต๊ะแดง,นราธิวาส,0.17,,27.21,เพิ่มขึ้น,-3.13,,,คงที่,6.1586,102.0565,2026-10-08T09:00:00.000Z,2026-10-08 16:00:00
2026-10-08,P.84,บ้านพันตน,เชียงใหม่,0.99,,27.19,ลดลง,-3.01,6.65,7.82,ลดลง,18.59133,98.79662,2026-10-08T09:00:00.000Z,2026-10-08 16:00:00
2026-10-08,TW.30,TW.30,ลำปาง,1.0800018,,27.12,ลดลง,-4.38,,,คงที่,18.241215,99.31676,2026-10-08T09:00:00.000Z,2026-10-08 16:00:00
2026-10-08,FOP063,บ้านคลองมุย หมู่ที่ 13,สุราษฎร์ธานี,111.3,,27.08,เพิ่มขึ้น,-2.30,,,คงที่,9.252886,98.85421,2026-10-08T08:30:00.000Z,2026-10-08 15:30:00
2026-10-08,MOU045,สะพานน้ำว้า บ้านน้ำว้า,น่าน,244.54,,26.87,ลดลง,-8.71,,,คงที่,18.643177,101.010826,2026-10-08T08:50:00.000Z,2026-10-08 15:50:00
2026-10-08,X.292,หน้าวัดห้วยหลาด ,สงขลา,19.19,,26.76,ลดลง,-5.27,,,คงที่,7.14343,100.27818,2026-10-08T09:00:00.000Z,2026-10-08 16:00:00
2026-10-08,SKU07,อ.เวียงสา (N.75)  น้ำว้า,น่าน,185.38,,26.76,ลดลง,-11.20,,,คงที่,18.548273,100.80862,2026-10-08T08:00:00.000Z,2026-10-08 15:00:00
2026-10-08,X.56,บ้านท่าประดู่,ตรัง,8.1,,26.68,ลดลง,-7.60,29.0,6.52,ลดลง,7.77079,99.53743,2026-10-08T09:00:00.000Z,2026-10-08 16:00:00
2026-10-08,STU003,มะนัง,สตูล,6.46,,26.5,ลดลง,-6.42,,,คงที่,6.940753,99.87286,2026-10-08T08:50:00.000Z,2026-10-08 15:50:00
2026-10-08,TSL34,คลองลำเบ็ดล่าง,พัทลุง,1.3699999,,26.26,เพิ่มขึ้น,-4.10,,,คงที่,7.590888,100.15402,2026-10-08T09:00:00.000Z,2026-10-08 16:00:00
2026-10-08,BBBBU01,แม่น้ำปิงที่ อ.จอมทอง,เชียงใหม่,272.84,,26.15,ลดลง,-7.79,,,คงที่,18.435266,98.740105,2026-10-08T08:00:00.000Z,2026-10-08 15:00:00
2026-10-08,MOU494,สะพานบ้านคีรีวง คลองท่าดี,นครศรีธรรมราช,42.96,,26.15,ลดลง,-3.35,,,คงที่,8.43295,99.7826,2026-10-08T08:50:00.000Z,2026-10-08 15:50:00
2026-10-08,N.39,บ้านฟากท่า,อุตรดิตถ์,0.96,,26.05,ลดลง,-4.04,,,คงที่,17.99702,100.87909,2026-10-08T09:00:00.000Z,2026-10-08 16:00:00
2026-10-08,RPBRPBD05,สะพานพุมดวง (วัดตาขุน) อ.บ้านตาขุน,สุราษฎร์ธานี,5.75,,25.91,ลดลง,-14.78,,,คงที่,8.915783,98.88568,2026-10-08T08:00:00.000Z,2026-10-08 15:00:00
2026-10-08,ONE012,ปตร. บ้านนาคู่-ท้ายน้ำ,นครพนม,138.52,,25.89,ลดลง,-6.30,,,คงที่,16.96175,104.52583,2026-10-08T08:50:00.000Z,2026-10-08 15:50:00
2026-10-08,TP1 (TX.185),วัดนิกรวราราม (ย่านยาว),พังงา,1.86,,25.8,ลดลง,-5.35,,,คงที่,8.868464,98.34875,2026-10-08T09:00:00.000Z,2026-10-08 16:00:00
2026-10-08,RPBRPBD01,สะพานคลองแสง อ.บ้านตาขุน,สุราษฎร์ธานี,10.12,,25.71,คงที่,-7.27,,,คงที่,8.962559,98.814735,2026-10-08T08:00:00.000Z,2026-10-08 15:00:00
2026-10-08,TNB.12,บ้านปากพญา,นครศรีธรรมราช,0.38,,25.51,ลดลง,-3.62,,,คงที่,8.483189,100.01541,2026-10-08T09:00:00.000Z,2026-10-08 16:00:00
2026-10-08,SKD02,บ้านผาจุก,อุตรดิตถ์,55.9,,25.51,เพิ่มขึ้น,-13.05,,,คงที่,17.668222,100.21413,2026-10-08T08:00:00.000Z,2026-10-08 15:00:00
2026-10-08,X.53A,บ้านวังไผ่,ชุมพร,3.37,,25.45,ลดลง,-5.33,,,คงที่,10.5072,99.1178,2026-10-08T09:00:00.000Z,2026-10-08 16:00:00
2026-10-08,TTP16,วัดตาขุน (X.38A),สุราษฎร์ธานี,4.11,,25.42,ลดลง,-12.06,,,คงที่,8.915404,98.88632,2026-10-08T09:00:00.000Z,2026-10-08 16:00:00
2026-10-08,TSW.09,บ้านท่าสองแคว,แม่ฮ่องสอน,2.2799988,,25.42,เพิ่มขึ้น,-6.69,,,คงที่,18.33965,97.918304,2026-10-08T09:00:00.000Z,2026-10-08 16:00:00
2026-10-08,TP.108,บ้านแม่ปั๋ง,เชียงใหม่,1.3199768,,25.29,ลดลง,-1.95,,,คงที่,19.213799,99.18452,2026-10-08T09:00:00.000Z,2026-10-08 16:00:00
2026-10-08,MOU171,สะพานแม่น้ำงาว,เชียงราย,381.4,,25.29,ลดลง,-2.35,,,คงที่,20.030512,100.489494,2026-10-08T08:50:00.000Z,2026-10-08 15:50:00
2026-10-08,BBBBD04,แม่น้ำปิงที่ อ.เมืองตาก (P.2A),ตาก,104.73,,25.23,ลดลง,-5.25,,,คงที่,16.856703,99.1253,2026-10-08T08:00:00.000Z,2026-10-08 15:00:00
2026-10-08,CHR004,แม่สรวย,เชียงราย,451.23,,25.19,ลดลง,-2.73,,,คงที่,19.652618,99.53791,2026-10-08T08:50:00.000Z,2026-10-08 15:50:00
2026-10-08,AIT008,สะพานห้วยมุก,มุกดาหาร,128.28,,25.15,ลดลง,-8.48,,,คงที่,16.546862,104.730385,2026-10-08T08:50:00.000Z,2026-10-08 15:50:00
2026-10-08,PIN001,บ้านตาก,ตาก,118.7,,25.12,ลดลง,-2.91,,,คงที่,17.04066,99.06628,2026-10-08T08:50:00.000Z,2026-10-08 15:50:00
2026-10-08,X.150,บ้านวังพระเคียน,สตูล,6.6,,25.11,ลดลง,-6.20,29.0,10.94,ลดลง,6.94082,99.87292,2026-10-08T09:00:00.000Z,2026-10-08 16:00:00
2026-10-08,Z.14,บ้านฉมัน,จันทบุรี,2.07,,25.08,ลดลง,-5.88,13.4,6.47,ลดลง,12.74451,102.20642,2026-10-08T09:00:00.000Z,2026-10-08 16:00:00
2026-10-08,X.289,วัดถลุงทอง,นครศรีธรรมราช,15.36,,25.02,ลดลง,-4.24,6.5,4.01,ลดลง,8.3062,99.85992,2026-10-08T09:00:00.000Z,2026-10-08 16:00:00
2026-10-08,X.44,บ้านหาดใหญ่ใน,สงขลา,0.12,,24.84,ลดลง,-7.03,11.4,2.37,ลดลง,7.00218,100.45606,2026-10-08T09:00:00.000Z,2026-10-08 16:00:00
2026-10-08,TG16,ท่าก่อบง,เชียงราย,0.02999878,,24.84,คงที่,-4.60,,,คงที่,20.125694,100.03028,2026-10-08T08:45:00.000Z,2026-10-08 15:45:00
2026-10-08,TG05,สะพานน้ำลาว,เชียงราย,0.47000122,,24.77,ลดลง,-3.25,,,คงที่,19.652632,99.53838,2026-10-08T08:45:00.000Z,2026-10-08 15:45:00
2026-10-08,WAN002,แม่พริก,ลำปาง,147.14,,24.77,ลดลง,-7.75,,,คงที่,17.44521,99.12897,2026-10-08T08:50:00.000Z,2026-10-08 15:50:00
2026-10-08,P.76,บ้านแม่อีไฮ,ลำพูน,1.72,,24.7,ลดลง,-3.68,6.62,2.63,ลดลง,18.14139,98.89661,2026-10-08T09:00:00.000Z,2026-10-08 16:00:00
2026-10-08,TY.47,อำเภอปง จ.พะเยา,พะเยา,0.5700073,,24.56,ลดลง,-5.10,,,คงที่,19.150734,100.275246,2026-10-08T09:00:00.000Z,2026-10-08 16:00:00
2026-10-08,TTr16,บ้านเกาะเคี่ยม,ตรัง,-0.83,,24.52,ลดลง,-2.37,,,คงที่,7.336656,99.508575,2026-10-08T09:00:00.000Z,2026-10-08 16:00:00
2026-10-08,TNG001,ท่าสะบ้า,ตรัง,6.52,,24.35,ลดลง,-5.00,,,คงที่,7.729382,99.55148,2026-10-08T08:50:00.000Z,2026-10-08 15:50:00
2026-10-08,TSW.06,บ้านวังผา,ตาก,1.6199951,,24.33,ลดลง,-8.80,,,คงที่,16.830551,98.53908,2026-10-08T09:00:00.000Z,2026-10-08 16:00:00
2026-10-08,ONE020,ปตร. บ้านตับเต่า-ท้ายน้ำ,นครพนม,142.96,,24.32,ลดลง,-6.41,,,คงที่,17.114717,104.53841,2026-10-08T08:50:00.000Z,2026-10-08 15:50:00
2026-10-08,MOU462,สะพานคลองวังตะไคร้,นครนายก,26.88,,24.21,ลดลง,-2.61,,,คงที่,14.321295,101.306,2026-10-08T07:50:00.000Z,2026-10-08 14:50:00
2026-10-08,YOM003,หนองม่วงไข่,แพร่,154.29,,24.2,ลดลง,-5.35,,,คงที่,18.265924,100.17706,2026-10-08T08:50:00.000Z,2026-10-08 15:50:00
2026-10-08,MOU461,สะพานคลองนางรอง,นครนายก,23.62,,24.07,ลดลง,-2.87,,,คงที่,14.315162,101.312805,2026-10-08T08:50:00.000Z,2026-10-08 15:50:00
2026-10-08,TTR.10,วัดวุรุณดิตถาราม,ตราด,0.44,,24.0,เพิ่มขึ้น,-4.56,,,คงที่,12.282,102.61538,2026-10-08T09:00:00.000Z,2026-10-08 16:00:00
2026-10-08,E.87,บ้านวังหิน,กาฬสินธุ์,2.47,,23.77,ลดลง,-6.03,41.46,14.81,ลดลง,16.34078,103.57701,2026-10-08T08:00:00.000Z,2026-10-08 15:00:00
2026-10-08,MYA003,สะพานอูทูนอ่อง บ้านสบสาย,สาธารณรัฐแห่งสหภาพเมียนมา,395.38,,23.72,ลดลง,-6.69,,,คงที่,20.47149,99.95349,2026-10-08T08:50:00.000Z,2026-10-08 15:50:00
2026-10-08,TG06,บ้านป่าย้าง,เชียงราย,0.8699951,,23.65,ลดลง,-4.23,,,คงที่,19.835882,99.808464,2026-10-08T08:45:00.000Z,2026-10-08 15:45:00
2026-10-08,YOM005,ศรีสัชนาลัย,สุโขทัย,61.59,,23.53,ลดลง,-10.34,,,คงที่,17.51711,99.75878,2026-10-08T08:50:00.000Z,2026-10-08 15:50:00
2026-10-08,SKG007,คลองกลาง,นครสวรรค์,71.2,,23.38,เพิ่มขึ้น,-2.90,,,คงที่,15.7832,99.65321,2026-10-08T08:50:00.000Z,2026-10-08 15:50:00
2026-10-08,M.171,บ้านโนนสาวเอ้,นครราชสีมา,1.08,,23.3,เพิ่มขึ้น,-3.72,9.8,1.67,เพิ่มขึ้น,14.50134,101.76848,2026-10-08T09:00:00.000Z,2026-10-08 16:00:00
2026-10-08,TSL39,คลองหวะตอนบน,สงขลา,-0.23999977,,23.15,คงที่,-5.31,,,คงที่,6.969362,100.5583,2026-10-08T09:00:00.000Z,2026-10-08 16:00:00
2026-10-08,RNG001,เมืองระนอง,ระนอง,8.15,,23.11,ลดลง,-2.60,,,คงที่,9.961628,98.64459,2026-10-08T08:50:00.000Z,2026-10-08 15:50:00
2026-10-08,URTD02,ลำน้ำพอง โรงเรียนลำน้ำพอง,ขอนแก่น,147.14,,23.05,ลดลง,-9.27,12.33,,ลดลง,16.571499,102.881226,2026-10-08T08:00:00.000Z,2026-10-08 15:00:00
2026-10-08,TSL37,คลองตงตอนบน,สงขลา,0.05999756,,22.77,คงที่,-5.90,,,คงที่,6.8176928,100.553955,2026-10-08T09:00:00.000Z,2026-10-08 16:00:00
2026-10-08,BBBBD10,แม่น้ำวังที่ อ.สามเงา (W.4A),ตาก,133.13,,22.69,ลดลง,-9.59,,,คงที่,17.204905,99.09809,2026-10-08T08:00:00.000Z,2026-10-08 15:00:00
2026-10-08,X.73A,บ้านบองอ ,นราธิวาส,22.31,,22.59,ลดลง,-4.49,,,คงที่,6.16992,101.71326,2026-10-08T09:00:00.000Z,2026-10-08 16:00:00
2026-10-08,N.84,ต.น้ำปาด,อุตรดิตถ์,1.41,,22.56,ลดลง,-3.89,13.54,4.75,ลดลง,17.74482,100.70648,2026-10-08T09:00:00.000Z,2026-10-08 16:00:00
2026-10-08,ONE046,สะพานข้ามคลองท่าชนะ,สุราษฎร์ธานี,6.56,,22.36,เพิ่มขึ้น,-7.98,,,คงที่,9.576608,99.12956,2026-10-08T08:50:00.000Z,2026-10-08 15:50:00
2026-10-08,TKL.28A,บ้านฟากเลย,เลย,2.5599976,,22.33,ลดลง,-12.42,,,คงที่,17.29952,101.77633,2026-10-08T09:00:00.000Z,2026-10-08 16:00:00
2026-10-08,WAN003,เถิน,ลำปาง,171.09,,22.28,ลดลง,-7.40,,,คงที่,17.75172,99.23066,2026-10-08T08:50:00.000Z,2026-10-08 15:50:00
2026-10-08,X.170,บ้านคลองลำ,พัทลุง,20.73,,22.26,ลดลง,-4.47,5.3,1.52,ลดลง,7.55901,99.98756,2026-10-08T09:00:00.000Z,2026-10-08 16:00:00
2026-10-08,ONE044,สะพานข้ามคลองไชยา,สุราษฎร์ธานี,7.28,,22.04,เพิ่มขึ้น,-3.69,,,คงที่,9.398649,99.16831,2026-10-08T08:50:00.000Z,2026-10-08 15:50:00
2026-10-08,TW.35,TW.35,ลำปาง,1.1199951,,21.64,เพิ่มขึ้น,-2.10,,,คงที่,17.479214,99.08625,2026-10-08T09:00:00.000Z,2026-10-08 16:00:00
2026-10-08,TX141,ฝายนาท่อม,พัทลุง,19.26,,21.6,ลดลง,-2.94,,,คงที่,7.59192,100.00982,2026-10-08T09:00:00.000Z,2026-10-08 16:00:00
2026-10-08,TTP26,สถานีวัดสองพี่น้อง,สุราษฎร์ธานี,24.44,,21.56,เพิ่มขึ้น,-7.06,,,คงที่,8.847972,98.73258,2026-10-08T09:00:00.000Z,2026-10-08 16:00:00
2026-10-08,Tpat.4,บ้านบาซาเอ,ปัตตานี,1.53,,21.4,เพิ่มขึ้น,-5.62,,,คงที่,6.737495,101.27318,2026-10-08T09:00:00.000Z,2026-10-08 16:00:00
2026-10-08,FOP058,บ้านใต้,นครศรีธรรมราช,59.8,,20.96,ลดลง,-2.95,,,คงที่,8.178332,99.70351,2026-10-08T08:50:00.000Z,2026-10-08 15:50:00
2026-10-08,TPI007,วิภาวดี,สุราษฎร์ธานี,23.54,,20.95,ลดลง,-9.63,,,คงที่,9.206436,98.952484,2026-10-08T08:50:00.000Z,2026-10-08 15:50:00
2026-10-08,N.65,บ้านปางสา,น่าน,1.09,,20.85,ลดลง,-3.91,14.84,7.07,ลดลง,19.23041,100.75409,2026-10-08T09:00:00.000Z,2026-10-08 16:00:00
2026-10-08,RPBRPBD11,สะพานอิปัน อ.พระแสง (X.37A),สุราษฎร์ธานี,4.86,,20.81,เพิ่มขึ้น,-7.57,,,คงที่,8.57104,99.25391,2026-10-08T08:00:00.000Z,2026-10-08 15:00:00
2026-10-08,CHN004,แก่งหางแมว,จันทบุรี,22.74,,20.73,ลดลง,-4.36,,,คงที่,12.986792,101.89965,2026-10-08T08:50:00.000Z,2026-10-08 15:50:00
2026-10-08,X.73,บ้านตันหยงมัส,นราธิวาส,11.1,,20.7,ลดลง,-3.80,9.5,7.54,ลดลง,6.33992,101.72696,2026-10-08T09:00:00.000Z,2026-10-08 16:00:00
2026-10-08,PIN011,น้ำก้อ,ลำพูน,258.11,,20.41,ลดลง,-1.69,,,คงที่,17.636518,98.77956,2026-10-08T08:50:00.000Z,2026-10-08 15:50:00
2026-10-08,M.177,บ้านลาดบัวขาว,นครราชสีมา,2.04,,20.28,ลดลง,-4.56,2.3,2.19,ลดลง,14.85019,101.61679,2026-10-08T09:00:00.000Z,2026-10-08 16:00:00
2026-10-08,TTP11,บ้านนาสาร (X.81),สุราษฎร์ธานี,31.98,,20.22,ลดลง,-5.84,,,คงที่,8.807695,99.36747,2026-10-08T09:00:00.000Z,2026-10-08 16:00:00
2026-10-08,LA04 (TX.334),บ้านอุใดใต้,สตูล,24.2,,20.16,เพิ่มขึ้น,-8.20,,,คงที่,6.928031,99.93599,2026-10-08T09:00:00.000Z,2026-10-08 16:00:00
2026-10-08,NAN015,แม่น้ำสา,น่าน,184.06,,20.13,ลดลง,-5.59,,,คงที่,18.57183,100.74266,2026-10-08T08:50:00.000Z,2026-10-08 15:50:00
2026-10-08,PIN003,สะพานลานดอกไม้,กำแพงเพชร,81.05,,20.04,ลดลง,-3.60,,,คงที่,16.6282,99.43257,2026-10-08T08:50:00.000Z,2026-10-08 15:50:00
2026-10-08,MOU299,สะพานน้ำแม่แจ่ม,เชียงใหม่,332.42,,20.01,ลดลง,-5.28,,,คงที่,18.230976,98.43924,2026-10-08T08:50:00.000Z,2026-10-08 15:50:00
2026-10-08,BLGTD04,อาคารสูบน้ำดิบ กปภ. อ.ยะหา จ.ยะลา,ยะลา,23.15,,19.96,ลดลง,-3.75,,,คงที่,6.47481,101.13952,2026-10-08T08:00:00.000Z,2026-10-08 15:00:00
2026-10-08,CHM001,สันทราย,เชียงใหม่,314.73,,19.85,ลดลง,-6.54,,,คงที่,19.009766,98.95976,2026-10-08T08:50:00.000Z,2026-10-08 15:50:00
2026-10-08,ONE023,สะพานข้ามคลองท่าแพ,นครศรีธรรมราช,57.94,,19.83,เพิ่มขึ้น,-2.91,,,คงที่,8.166443,99.70425,2026-10-08T08:50:00.000Z,2026-10-08 15:50:00
2026-10-08,K.25A,บ้านคา,ราชบุรี,0.73,,19.81,ลดลง,-4.17,5.09,1.59,ลดลง,13.40285,99.41701,2026-10-08T09:00:00.000Z,2026-10-08 16:00:00
2026-10-08,MOU172,สะพานแม่ระมาด,ตาก,173.1,,19.66,ลดลง,-2.10,,,คงที่,16.983847,98.52676,2026-10-08T08:50:00.000Z,2026-10-08 15:50:00
2026-10-08,PCH002,แก่งกระจาน,เพชรบุรี,18.3,,19.65,ลดลง,-4.89,,,คงที่,12.92217,99.81754,2026-10-08T08:50:00.000Z,2026-10-08 15:50:00
2026-10-08,WAN004,เกาะคา,ลำปาง,210.31,,19.63,ลดลง,-4.14,,,คงที่,18.15915,99.3841,2026-10-08T08:50:00.000Z,2026-10-08 15:50:00
2026-10-08,FOP066,สะพานช้ามแม่น้ำลาว - บ้านโฮ่ง ,เชียงราย,587.44,,19.61,ลดลง,-1.80,,,คงที่,19.173225,99.50559,2026-10-08T08:50:00.000Z,2026-10-08 15:50:00
2026-10-08,TBW030,ลำน้ำพุง,สกลนคร,168.71,,19.55,ลดลง,-6.94,,,คงที่,16.996626,104.17369,2026-10-08T08:50:00.000Z,2026-10-08 15:50:00
2026-10-08,P.12C,บ้านย่านรี,ตาก,-0.08,,19.53,เพิ่มขึ้น,-5.52,24.67,1.49,เพิ่มขึ้น,17.23881,99.02415,2026-10-08T09:00:00.000Z,2026-10-08 16:00:00
2026-10-08,PIN010,ห้วยแม่ลี้,ลำพูน,440.68,,19.42,ลดลง,-4.84,,,คงที่,17.805336,98.95324,2026-10-08T08:50:00.000Z,2026-10-08 15:50:00
2026-10-08,X.248,บ้านหาดใน ,ชุมพร,18.39,,19.35,ลดลง,-5.50,,,คงที่,10.6375,99.05016,2026-10-08T09:00:00.000Z,2026-10-08 16:00:00
2026-10-08,N.49,บ้านน้ำยาว,น่าน,1.15,,19.28,คงที่,-3.35,5.94,1.79,คงที่,18.99374,100.9401,2026-10-08T09:00:00.000Z,2026-10-08 16:00:00
2026-10-08,BBBBD09,แม่น้ำวังที่ อ.เถิน (W.3A),ลำปาง,160.92,,19.26,ลดลง,-8.16,,,คงที่,17.641502,99.232056,2026-10-08T08:00:00.000Z,2026-10-08 15:00:00
2026-10-08,Tkol.20,บ้านลาแล,นราธิวาส,1.29,,19.25,ลดลง,-5.41,,,คงที่,6.0832,102.0112,2026-10-08T09:00:00.000Z,2026-10-08 16:00:00
2026-10-08,ONE033,สะพานข้ามคลองโมง,สกลนคร,157.57,,19.18,ลดลง,-3.33,,,คงที่,17.166748,104.11901,2026-10-08T08:50:00.000Z,2026-10-08 15:50:00
2026-10-08,K.31,บ้านน้ำโจน,กาญจนบุรี,4.48,,19.07,ลดลง,-10.32,54.06,2.45,ลดลง,14.43409,98.80909,2026-10-08T09:00:00.000Z,2026-10-08 16:00:00
2026-10-08,TG03,สะพานฝายดินดำ,เชียงราย,-0.10998535,,19.05,เพิ่มขึ้น,-3.23,,,คงที่,19.545473,99.47185,2026-10-08T08:45:00.000Z,2026-10-08 15:45:00
2026-10-08,X.64,บ้านท่าแซะ,ชุมพร,8.52,,18.93,ลดลง,-8.61,15.8,3.49,ลดลง,10.66562,99.17123,2026-10-08T09:00:00.000Z,2026-10-08 16:00:00
2026-10-08,TX69,บ้านพรุพร้อ,พัทลุง,25.61,,18.75,ลดลง,-5.59,,,คงที่,7.19253,100.221,2026-10-08T08:45:00.000Z,2026-10-08 15:45:00
2026-10-08,TSN03,คลองท่าแซะ,ชุมพร,37.87,,18.73,ลดลง,-9.63,,,คงที่,10.921667,99.21889,2026-10-08T09:00:00.000Z,2026-10-08 16:00:00
2026-10-08,TSW.05,บ้านแม่กึ๊ดสามท่า,ตาก,1.8700104,,18.64,ลดลง,-8.16,,,คงที่,16.835852,98.59166,2026-10-08T09:00:00.000Z,2026-10-08 16:00:00
2026-10-08,N.89,ต.หาดงิ้ว,อุตรดิตถ์,1.01,,18.63,ลดลง,-4.86,6.09,,ลดลง,17.69908,100.31554,2026-10-08T09:00:00.000Z,2026-10-08 16:00:00
2026-10-08,Z.21,บ้านโป่งโรงเซ็น,จันทบุรี,1.14,,18.44,ลดลง,-6.35,6.4,2.44,ลดลง,12.79196,102.25467,2026-10-08T09:00:00.000Z,2026-10-08 16:00:00
2026-10-08,MOU352,สะพานน้ำงิม,พะเยา,444.04,,18.39,ลดลง,-3.97,,,คงที่,19.321678,100.456184,2026-10-08T08:50:00.000Z,2026-10-08 15:50:00
2026-10-08,TNA.02,คลองวัดหญ้า,นครศรีธรรมราช,1.56,,18.35,คงที่,-6.94,,,คงที่,8.476777,99.9242,2026-10-08T09:00:00.000Z,2026-10-08 16:00:00
2026-10-08,BBBBD05,ห้วยแม่ท้อที่ อ.เมืองตาก,ตาก,128.25,,18.25,ลดลง,-3.97,,,คงที่,16.840885,99.06834,2026-10-08T08:00:00.000Z,2026-10-08 15:00:00
2026-10-08,MOU493,สะพานคลองปง (คีรีวง),นครศรีธรรมราช,43.15,,17.86,ลดลง,-5.27,,,คงที่,8.4339,99.7833,2026-10-08T08:50:00.000Z,2026-10-08 15:50:00
2026-10-08,X.213,บ้านพะโต๊ะ,ชุมพร,40.63,,17.73,ลดลง,-6.17,35.9,5.33,ลดลง,9.78357,98.77781,2026-10-08T09:00:00.000Z,2026-10-08 16:00:00
2026-10-08,Ky.3,บ้านทุ่งแฝก,ประจวบคีรีขันธ์,0.59,,17.39,ลดลง,-3.81,0.95,0.28,ลดลง,12.09765,99.78846,2026-10-08T09:00:00.000Z,2026-10-08 16:00:00
2026-10-08,Kh.61,บ้านแก่งบง,เลย,1.22,,17.27,ลดลง,-7.28,15.16,6.06,ลดลง,17.13114,101.67949,2026-10-08T08:00:00.000Z,2026-10-08 15:00:00
2026-10-08,X.187,บ้านหินดาน,พังงา,3.57,,17.21,ลดลง,-4.68,39.2,6.22,ลดลง,8.77622,98.39047,2026-10-08T09:00:00.000Z,2026-10-08 16:00:00
2026-10-08,X.293,บ้านนา ,ชุมพร,9.03,,17.21,ลดลง,-4.57,,,คงที่,10.49727,99.07752,2026-10-08T09:00:00.000Z,2026-10-08 16:00:00
2026-10-08,TW.17A,น้ำแม่สอย  W.17A,ลำปาง,0.4000244,,17.13,คงที่,-2.37,,,คงที่,18.744577,99.56851,2026-10-08T09:00:00.000Z,2026-10-08 16:00:00
2026-10-08,TTL.01,อ่างเก็บน้ำห้วยยาง,สระแก้ว,0.37000275,,17.13,ลดลง,-6.63,,,คงที่,14.013375,102.644844,2026-10-08T09:00:00.000Z,2026-10-08 16:00:00
2026-10-08,N.64,บ้านผาขวาง,น่าน,1.52,,16.79,ลดลง,-7.98,55.4,5.39,ลดลง,19.01517,100.78021,2026-10-08T09:00:00.000Z,2026-10-08 16:00:00
2026-10-08,MOU323,สะพานน้ำวัง,ลำปาง,442.81,,16.78,ลดลง,-2.42,,,คงที่,19.2325,99.63241,2026-10-08T08:50:00.000Z,2026-10-08 15:50:00
2026-10-08,FOP052,ห้วยแม่แจ่ม,เชียงใหม่,950.06,,16.76,ลดลง,-2.29,,,คงที่,19.073076,98.30672,2026-10-08T08:50:00.000Z,2026-10-08 15:50:00
2026-10-08,TBW022,สะพานแม่ฟ้าหลวง,เชียงราย,389.11,,16.72,ลดลง,-3.15,,,คงที่,19.92192,99.81824,2026-10-08T08:50:00.000Z,2026-10-08 15:50:00
2026-10-08,N.12A,บ้านหาดไผ่,อุตรดิตถ์,1.38,,16.69,ลดลง,-11.08,67.17,2.24,ลดลง,17.73687,100.53159,2026-10-08T09:00:00.000Z,2026-10-08 16:00:00
2026-10-08,MOU460,สะพานคลองลำพญาธาร,ปราจีนบุรี,79.5,,16.68,ลดลง,-4.59,,,คงที่,14.26568,101.89133,2026-10-08T08:50:00.000Z,2026-10-08 15:50:00
2026-10-08,M.69,บ้านท่าบอแบง,อุบลราชธานี,3.32,,16.57,ลดลง,-4.38,149.2,45.21,ลดลง,15.50421,104.9662,2026-10-08T09:00:00.000Z,2026-10-08 16:00:00
2026-10-08,X.113,บ้านทุ่งปราบ,สงขลา,32.17,,16.29,คงที่,-4.31,0.14,0.13,คงที่,6.63504,100.39341,2026-10-08T09:00:00.000Z,2026-10-08 16:00:00
2026-10-08,MOU322,สะพานน้ำคลองแม่สอย,ลำปาง,308.88,,16.0,ลดลง,-2.21,,,คงที่,18.784437,99.569565,2026-10-08T07:50:00.000Z,2026-10-08 14:50:00
2026-10-08,SAY002,ศรีสาคร,นราธิวาส,24.48,,15.87,ลดลง,-10.55,,,คงที่,6.227293,101.49695,2026-10-08T08:50:00.000Z,2026-10-08 15:50:00
2026-10-08,N.54,บ้านวังโป่ง,เพชรบูรณ์,0.07,,15.78,ลดลง,-5.01,2.02,0.67,ลดลง,16.32747,100.80173,2026-10-08T09:00:00.000Z,2026-10-08 16:00:00
2026-10-08,BNR.02,ปตร.น้ำแบ่ง,นราธิวาส,2.71,,15.78,เพิ่มขึ้น,-3.79,,,คงที่,6.331683,101.9573,2026-10-08T09:00:00.000Z,2026-10-08 16:00:00
2026-10-08,TSL38,คลองตงตอนล่าง,สงขลา,0.45000076,,15.72,ลดลง,-6.06,,,คงที่,6.848806,100.471146,2026-10-08T09:00:00.000Z,2026-10-08 16:00:00
2026-10-08,TBW021,สะพานมิตรภาพรับร่อ-หินแก้ว,ชุมพร,7.92,,15.64,คงที่,-7.75,,,คงที่,10.607461,99.095345,2026-10-08T08:50:00.000Z,2026-10-08 15:50:00
2026-10-08,CHR001,เมืองเชียงราย,เชียงราย,400.77,,15.59,ลดลง,-4.79,,,คงที่,19.826336,99.778946,2026-10-08T08:50:00.000Z,2026-10-08 15:50:00
2026-10-08,BBBBD01,แม่น้ำปิงที่ อ.สามเงา (P.12C),ตาก,128.93,,15.57,เพิ่มขึ้น,-7.88,,,คงที่,17.238337,99.0263,2026-10-08T08:00:00.000Z,2026-10-08 15:00:00
2026-10-08,TW.29,TW.29,ลำปาง,1.2299805,,15.53,คงที่,-2.23,,,คงที่,18.368643,99.32662,2026-10-08T09:00:00.000Z,2026-10-08 16:00:00
2026-10-08,TX109,บ้านควนอินนอโม,พัทลุง,25.93,,15.42,เพิ่มขึ้น,-3.95,,,คงที่,7.345515,100.05583,2026-10-08T09:00:00.000Z,2026-10-08 16:00:00
2026-10-08,MOU325,สะพานพัฒนามิตรภาพแม่น้ำตุ๋ย,ลำปาง,266.38,,15.4,ลดลง,-6.58,,,คงที่,18.474382,99.46628,2026-10-08T08:50:00.000Z,2026-10-08 15:50:00
2026-10-08,THA003,ด่านช้าง,สุพรรณบุรี,62.43,,15.31,คงที่,-7.93,,,คงที่,14.83506,99.66542,2026-10-08T08:50:00.000Z,2026-10-08 15:50:00
2026-10-08,TP.100,ฝายคลองสวนหมาก,กำแพงเพชร,0.65000916,,15.27,ลดลง,-3.33,,,คงที่,16.330917,99.26475,2026-10-08T09:00:00.000Z,2026-10-08 16:00:00
2026-10-08,FOP028,สะพานทางเข้าชุมชนบ้านปากซวด,สุราษฎร์ธานี,31.32,,15.24,เพิ่มขึ้น,-3.53,,,คงที่,8.889668,98.82031,2026-10-08T08:50:00.000Z,2026-10-08 15:50:00
2026-10-08,X.190A,บ้านเก็ตโฮ่,ภูเก็ต,14.44,,14.95,ลดลง,-2.69,,,คงที่,7.9034,98.34968,2026-10-08T09:00:00.000Z,2026-10-08 16:00:00
2026-10-08,Gt.11,บ้านช้างแรก,ประจวบคีรีขันธ์,0.55,,14.93,คงที่,-2.45,0.08,0.09,คงที่,11.06431,99.37225,2026-10-08T09:00:00.000Z,2026-10-08 16:00:00
2026-10-08,TX.230,บ้านท่าปาบ(X.230),ตรัง,20.0,,14.84,เพิ่มขึ้น,-3.50,,,คงที่,7.565272,99.68658,2026-10-08T09:00:00.000Z,2026-10-08 16:00:00
2026-10-08,TSW.15,ปางหมู,แม่ฮ่องสอน,1.1000061,,14.73,ลดลง,-6.31,,,คงที่,19.333435,97.950066,2026-10-08T09:00:00.000Z,2026-10-08 16:00:00
2026-10-08,X.67A,บ้านนาสีทอง,สงขลา,33.6,,14.59,ลดลง,-6.32,5.0,1.72,ลดลง,7.10502,100.19393,2026-10-08T09:00:00.000Z,2026-10-08 16:00:00
2026-10-08,Y.21,ห้วยแม่สิน,แพร่,0.64,,14.39,ลดลง,-6.28,2.68,0.84,ลดลง,17.79234,99.78703,2026-10-08T09:00:00.000Z,2026-10-08 16:00:00
2026-10-08,TTR.08,วัดคลองขุด,ตราด,0.71,,14.2,เพิ่มขึ้น,-4.29,,,คงที่,12.360416,102.54929,2026-10-08T09:00:00.000Z,2026-10-08 16:00:00
2026-10-08,BNR.03,ปตร.บางนราตอนล่าง,นราธิวาส,2.44,,13.75,ลดลง,-2.76,,,คงที่,6.24644,102.03023,2026-10-08T09:00:00.000Z,2026-10-08 16:00:00
2026-10-08,TTC14,บ้านด่านช้าง,สุพรรณบุรี,0.920002,,13.63,เพิ่มขึ้น,-5.83,,,คงที่,14.8197,99.6941,2026-10-08T09:00:00.000Z,2026-10-08 16:00:00
2026-10-08,CHM005,แม่แตง,เชียงใหม่,329.99,,13.49,ลดลง,-5.82,,,คงที่,19.12207,98.94447,2026-10-08T08:50:00.000Z,2026-10-08 15:50:00
2026-10-08,MOU032,สะพานน้ำกอน บ้านพญาแก้ว,น่าน,266.17,,13.37,ลดลง,-2.16,,,คงที่,19.286133,100.901245,2026-10-08T08:50:00.000Z,2026-10-08 15:50:00
2026-10-08,MOU353,สะพานน้ำเงิน,พะเยา,310.7,,13.17,ลดลง,-4.01,,,คงที่,19.228954,100.32621,2026-10-08T08:50:00.000Z,2026-10-08 15:50:00
2026-10-08,TNA.04,คลองนอกท่า,นครศรีธรรมราช,19.67,,12.99,ลดลง,-5.83,,,คงที่,8.530108,99.81985,2026-10-08T09:00:00.000Z,2026-10-08 16:00:00
2026-10-08,TSW.14,ห้วยน้ำของ,แม่ฮ่องสอน,0.74002075,,12.91,ลดลง,-4.99,,,คงที่,19.53521,98.113686,2026-10-08T09:00:00.000Z,2026-10-08 16:00:00
2026-10-08,TTP18,บ้านโพธิ์น้อย,สุราษฎร์ธานี,17.46,,12.7,ลดลง,-6.60,,,คงที่,9.137005,98.95723,2026-10-08T09:00:00.000Z,2026-10-08 16:00:00
2026-10-08,FOP026,สะพานคลองพาย,สุราษฎร์ธานี,77.97,,12.66,เพิ่มขึ้น,-3.28,,,คงที่,9.155652,98.895035,2026-10-08T08:50:00.000Z,2026-10-08 15:50:00
2026-10-08,X.276,บ้านเขาปู่,พัทลุง,50.49,,12.47,คงที่,-3.41,1.45,2.30,คงที่,7.70724,99.84174,2026-10-08T09:00:00.000Z,2026-10-08 16:00:00
2026-10-08,CHR005,เชียงแสน,เชียงราย,356.4,,12.43,ลดลง,-8.35,,,คงที่,20.219673,100.12119,2026-10-08T08:50:00.000Z,2026-10-08 15:50:00
2026-10-08,Tpat.17,บ้านอาบอ,ยะลา,23.19,,12.34,ลดลง,-12.01,,,คงที่,6.474093,101.14681,2026-10-08T09:00:00.000Z,2026-10-08 16:00:00
2026-10-08,SKU02,อ.ท่าวังผา (N.64),น่าน,212.39,,12.09,ลดลง,-11.71,,,คงที่,19.015331,100.78016,2026-10-08T08:00:00.000Z,2026-10-08 15:00:00
2026-10-08,MOU293,สะพานน้ำแม่ขาน,เชียงใหม่,440.38,,12.05,ลดลง,-7.22,,,คงที่,18.7955,98.7307,2026-10-08T08:30:00.000Z,2026-10-08 15:30:00
2026-10-08,ONE030,สะพานข้ามคลองเดียก,สกลนคร,160.9,,11.97,ลดลง,-2.50,,,คงที่,17.126007,104.14093,2026-10-08T08:50:00.000Z,2026-10-08 15:50:00
2026-10-08,Gt.10,บ้านหนองหญ้าปล้อง,ประจวบคีรีขันธ์,0.99,,11.91,ลดลง,-5.51,3.7,1.32,ลดลง,11.40416,99.51922,2026-10-08T09:00:00.000Z,2026-10-08 16:00:00
2026-10-08,X.274,บ้านบูเก๊ะตา,นราธิวาส,18.45,,11.71,ลดลง,-5.05,9.0,3.54,ลดลง,5.83916,101.89214,2026-10-08T09:00:00.000Z,2026-10-08 16:00:00
2026-10-08,URCD02,น้ำพรม บ้านกุดเลาะ    ,ชัยภูมิ,228.14,,11.55,คงที่,-5.61,,,คงที่,16.293755,101.9048,2026-10-08T08:00:00.000Z,2026-10-08 15:00:00
2026-10-08,TSW.13,บ้านสบสา,แม่ฮ่องสอน,0.75,,11.53,ลดลง,-5.68,,,คงที่,19.221191,98.422325,2026-10-08T08:45:00.000Z,2026-10-08 15:45:00
2026-10-08,TUP.11,สถานีน้ำแม่งัดที่ท้ายเขื่อนแม่งัดสมบูรณ์ชล,เชียงใหม่,0.8800049,,11.52,คงที่,-5.07,,,คงที่,19.156273,99.03173,2026-10-08T08:15:00.000Z,2026-10-08 15:15:00
2026-10-08,Gt.9,บ้านกลาง,ประจวบคีรีขันธ์,0.28,,11.43,ลดลง,-3.72,0.36,0.36,ลดลง,11.49674,99.6023,2026-10-08T09:00:00.000Z,2026-10-08 16:00:00
2026-10-08,TRD007,คลองเขาระกำ,ตราด,1.92,,11.42,ลดลง,-2.77,,,คงที่,12.250544,102.475716,2026-10-08T08:50:00.000Z,2026-10-08 15:50:00
2026-10-08,TSL35,คลองเหมืองตะกั่ว,พัทลุง,36.92,,11.32,เพิ่มขึ้น,-4.62,,,คงที่,7.26871,100.09439,2026-10-08T09:00:00.000Z,2026-10-08 16:00:00
2026-10-08,BLGTD02,สะพานหัวสะพาน อ.บันนังสตา จ.ยะลา,ยะลา,35.08,,11.19,ลดลง,-5.22,,,คงที่,6.262132,101.268234,2026-10-08T08:00:00.000Z,2026-10-08 15:00:00
2026-10-08,X.5C,บ้านท่าข้าม,สุราษฎร์ธานี,0.25,,11.06,ลดลง,-2.01,,,คงที่,9.11322,99.22368,2026-10-08T09:00:00.000Z,2026-10-08 16:00:00
2026-10-08,E.22B,บ้านท่าเม่า,ขอนแก่น,0.81,,10.87,ลดลง,-9.19,12.78,2.97,ลดลง,16.65448,102.82349,2026-10-08T08:00:00.000Z,2026-10-08 15:00:00
2026-10-08,MOU359,สะพานน้ำแม่สิน,แพร่,144.42,,10.32,ลดลง,-5.27,,,คงที่,17.802008,99.8496,2026-10-08T08:50:00.000Z,2026-10-08 15:50:00
2026-10-08,ONE009,ปตร. ห้วยแคน-ท้ายน้ำ,นครพนม,133.33,,9.53,ลดลง,-5.39,,,คงที่,16.927946,104.72031,2026-10-08T08:50:00.000Z,2026-10-08 15:50:00
2026-10-08,M.183B,บ้านคลองหินลับ,นครราชสีมา,0.66,,9.49,ลดลง,-5.34,1.48,1.54,ลดลง,14.72852,101.56429,2026-10-08T09:00:00.000Z,2026-10-08 16:00:00
2026-10-08,JNA001,จะนะ,สงขลา,2.87,,8.81,ลดลง,-1.88,,,คงที่,6.916774,100.72958,2026-10-08T08:50:00.000Z,2026-10-08 15:50:00
2026-10-08,Tpat.21,บ้านกูหมัง,ยะลา,1.1699982,,8.65,ลดลง,-6.44,,,คงที่,6.226084,101.22258,2026-10-08T09:00:00.000Z,2026-10-08 16:00:00
2026-10-08,MOU027,สะพานน้ำยาว บ้านสองแคว,น่าน,279.24,,8.41,คงที่,-3.99,,,คงที่,19.356682,100.70643,2026-10-08T08:50:00.000Z,2026-10-08 15:50:00
2026-10-08,NKO001,ทุ่งสง,นครศรีธรรมราช,50.96,,8.36,ลดลง,-4.24,,,คงที่,8.174954,99.67887,2026-10-08T08:50:00.000Z,2026-10-08 15:50:00
2026-10-08,TNB.07,ฝายท่าดี,นครศรีธรรมราช,17.32,,8.2,ลดลง,-9.18,,,คงที่,8.3910475,99.86455,2026-10-08T09:00:00.000Z,2026-10-08 16:00:00
2026-10-08,TSL40,คลองหวะตอนล่าง,สงขลา,-0.59000003,,7.66,ลดลง,-7.11,,,คงที่,6.987312,100.474045,2026-10-08T09:00:00.000Z,2026-10-08 16:00:00
2026-10-08,MOU373,สะพานคลองแม่มอญ,ลำปาง,353.29,,6.61,ลดลง,-2.69,,,คงที่,18.810114,99.50327,2026-10-08T08:50:00.000Z,2026-10-08 15:50:00
2026-10-08,TTL.07,บ้านวังกระแพร่,จันทบุรี,0.38000488,,5.95,ลดลง,-6.01,,,คงที่,12.971751,102.28541,2026-10-08T09:00:00.000Z,2026-10-08 16:00:00
2026-10-08,X.200,บ้านวังไทร,นครศรีธรรมราช,31.53,,5.56,ลดลง,-3.67,1.95,0.80,ลดลง,8.40836,99.79785,2026-10-08T09:00:00.000Z,2026-10-08 16:00:00
2026-10-08,MOU355,สะพานน้ำแม่จั๊ว,พะเยา,269.69,,5.3,ลดลง,-5.28,,,คงที่,19.019,100.26423,2026-10-08T08:50:00.000Z,2026-10-08 15:50:00
2026-10-08,FOP057,บ้านประดู่,นครศรีธรรมราช,66.7,,5.22,ลดลง,-3.71,,,คงที่,8.212039,99.703285,2026-10-08T08:50:00.000Z,2026-10-08 15:50:00
2026-10-08,MOU342,สะพานน้ำงาว,ลำปาง,332.31,,5.02,ลดลง,-1.17,,,คงที่,18.889069,99.94006,2026-10-08T08:50:00.000Z,2026-10-08 15:50:00
2026-10-08,MOU471,สะพานคลองจันทเขลม,จันทบุรี,52.24,,4.74,ลดลง,-4.83,,,คงที่,13.003284,102.04864,2026-10-08T08:50:00.000Z,2026-10-08 15:50:00
2026-10-08,TSL27,ปตร.คลอง 1ซ-ร1,สงขลา,-0.24,,4.66,คงที่,-6.54,,,คงที่,7.008409,100.4421,2026-10-08T09:00:00.000Z,2026-10-08 16:00:00
2026-10-08,FOP054,สะพานแม่น้ำลาว,เชียงราย,663.18,,4.48,ลดลง,-3.84,,,คงที่,19.108244,99.45519,2026-10-08T08:50:00.000Z,2026-10-08 15:50:00
2026-10-08,E.75,บ้านหนองม่วง,กาฬสินธุ์,0.6,,4.03,ลดลง,-6.90,4.74,1.35,ลดลง,16.58121,103.43711,2026-10-08T08:00:00.000Z,2026-10-08 15:00:00
2026-10-08,MOU038,สะพานห้วยน้ำสาย,น่าน,263.7,,3.91,ลดลง,-2.46,,,คงที่,19.026321,100.73505,2026-10-08T08:50:00.000Z,2026-10-08 15:50:00
2026-10-08,MOU473,สะพานคลองสะตอ,ตราด,94.87,,3.58,ลดลง,-3.34,,,คงที่,12.7065,102.415,2026-10-08T08:30:00.000Z,2026-10-08 15:30:00
2026-10-08,MOU025,สะพานแม่น้ำน่าน บ้านเปียงก่อ,น่าน,621.07,,3.18,ลดลง,-7.82,,,คงที่,19.432112,101.15271,2026-10-08T08:50:00.000Z,2026-10-08 15:50:00
2026-10-08,FOP055,คลองกั้ง,อุตรดิตถ์,69.38,,2.93,ลดลง,-3.84,,,คงที่,17.71633,100.124115,2026-10-08T08:50:00.000Z,2026-10-08 15:50:00
2026-10-08,TSL03,สถานีปากคลองระโนด,สงขลา,2.12,,2.4,เพิ่มขึ้น,-4.88,,,คงที่,7.769627,100.3021,2026-10-08T09:00:00.000Z,2026-10-08 16:00:00
2026-10-08,FOP037,สะพานข้ามคลองห้วยกรวด,นครศรีธรรมราช,13.33,,2.38,ลดลง,-7.19,,,คงที่,7.876767,99.93331,2026-10-08T08:50:00.000Z,2026-10-08 15:50:00
2026-10-08,TBW024,สะพานอิงอุดม,เชียงราย,334.07,,2.37,คงที่,-15.21,,,คงที่,20.196428,100.44184,2026-10-08T08:50:00.000Z,2026-10-08 15:50:00
2026-10-08,FOP036,สะพานห้วยน้ำใส,นครศรีธรรมราช,23.73,,2.3,เพิ่มขึ้น,-11.56,,,คงที่,7.889563,99.87421,2026-10-08T08:50:00.000Z,2026-10-08 15:50:00
2026-10-08,FOP030,สะพานข้ามคลองหวาด,สุราษฎร์ธานี,66.68,,2.03,ลดลง,-6.26,,,คงที่,8.935919,99.60879,2026-10-08T08:50:00.000Z,2026-10-08 15:50:00
2026-10-08,MOU335,สะพานน้ำแม่คะ ,พะเยา,424.5,,1.7,ลดลง,-5.79,,,คงที่,19.3372,100.4312,2026-10-08T08:50:00.000Z,2026-10-08 15:50:00
2026-10-08,MOU009,สะพานน้ำแม่สา,เชียงใหม่,735.25,,1.23,ลดลง,-3.20,,,คงที่,18.885847,98.82688,2026-10-08T08:50:00.000Z,2026-10-08 15:50:00
2026-10-08,MOU303,สะพานแม่น้ำปิง,เชียงใหม่,428.54,,1.05,ลดลง,-3.50,,,คงที่,19.507929,98.958786,2026-10-08T08:50:00.000Z,2026-10-08 15:50:00
2026-10-08,TPR.5,บ้านเขาน้ำตก,ประจวบคีรีขันธ์,0.02,,1.0,คงที่,-1.98,,,คงที่,12.4672,99.8041,2026-10-08T09:00:00.000Z,2026-10-08 16:00:00
2026-10-08,MOU454,คลองเบตง (ชุมชนกุนุงจนอง),ยะลา,281.65,,0.06,ลดลง,-4.78,,,คงที่,5.785542,101.05586,2026-10-08T08:50:00.000Z,2026-10-08 15:50:00
2026-10-08,B.8A,บ้านโพรงเข้,เพชรบุรี,0.23,,-0.14,ลดลง,-5.77,,,คงที่,12.81504,99.70087,2026-10-08T09:00:00.000Z,2026-10-08 16:00:00
2026-10-08,FOP013,บ้านตอง,น่าน,356.7,,-0.3,ลดลง,-3.98,,,คงที่,18.846592,101.0289,2026-10-08T08:50:00.000Z,2026-10-08 15:50:00
2026-10-08,TW.28,TW.28,ลำปาง,0.8500061,,-0.31,ลดลง,-3.20,,,คงที่,18.55926,99.466835,2026-10-08T09:00:00.000Z,2026-10-08 16:00:00
2026-10-08,FOP045,สะพานข้ามแม่น้ำปัตตานี,ยะลา,5.82,,-0.68,ลดลง,-19.31,,,คงที่,6.411655,101.27802,2026-10-08T08:50:00.000Z,2026-10-08 15:50:00
2026-10-08,TTC13,บ้านผาทั่ง,อุทัยธานี,-0.020004272,,-0.81,ลดลง,-2.48,,,คงที่,15.1054,99.5358,2026-10-08T09:00:00.000Z,2026-10-08 16:00:00
2026-10-08,MOU048,สะพานห้วยแม่ถาบ้านปาหุ่ง,น่าน,289.93,,-2.13,ลดลง,-5.75,,,คงที่,18.584215,100.509315,2026-10-08T08:50:00.000Z,2026-10-08 15:50:00
2026-10-08,TTL.06,บ้านทุ่งกร่าง,จันทบุรี,-0.11000061,,-2.16,คงที่,-5.20,,,คงที่,13.028848,102.26882,2026-10-08T08:45:00.000Z,2026-10-08 15:45:00
2026-10-08,TSL33,คลองลำเบ็ดบน,พัทลุง,-0.4300003,,-3.0,เพิ่มขึ้น,-6.86,,,คงที่,7.545644,99.96047,2026-10-08T09:00:00.000Z,2026-10-08 16:00:00
2026-10-08,Gt.20,สะพานรถยนต์ ร.ร.อนุบาลบางสะพาน,ประจวบคีรีขันธ์,0.42,,-3.8,ลดลง,-3.28,,,คงที่,11.20557,99.5085,2026-10-08T09:00:00.000Z,2026-10-08 16:00:00
2026-10-08,MOU053,สะพานน้ำมวบ บ้านน้ำมวบ,น่าน,291.01,,-4.67,ลดลง,-4.26,,,คงที่,18.484377,100.93809,2026-10-08T08:50:00.000Z,2026-10-08 15:50:00
2026-10-08,TPR.4,เขื่อนปราณบุรี,ประจวบคีรีขันธ์,-3.75,,-5.43,คงที่,-72.75,,,คงที่,12.457138,99.79433,2026-10-08T09:00:00.000Z,2026-10-08 16:00:00
2026-10-08,Y.26,ห้วยแม่มอก,ลำปาง,1.12,,-5.78,คงที่,-4.76,7.09,2.44,คงที่,17.33189,99.46181,2026-10-08T09:00:00.000Z,2026-10-08 16:00:00
2026-10-08,TTR.02,ชลประทานตราด,ตราด,-0.21,,-7.0,เพิ่มขึ้น,-3.21,,,คงที่,12.243311,102.50655,2026-10-08T09:00:00.000Z,2026-10-08 16:00:00
2026-10-08,TP9 (TX.332),บ้านเหล,พังงา,11.6,,-7.31,ลดลง,-5.58,,,คงที่,8.771167,98.438416,2026-10-08T09:00:00.000Z,2026-10-08 16:00:00
2026-10-08,X.10A,สะพานเดชานุชิต,ปัตตานี,-0.1,,-8.7,ลดลง,-1.25,,,คงที่,6.866,101.25213,2026-10-08T09:00:00.000Z,2026-10-08 16:00:00
2026-10-08,ONE041,สะพานข้ามแม่น้ำยมสายเก่า-วัดปากน้ำ,สุโขทัย,52.49,,-8.73,ลดลง,-2.83,,,คงที่,17.219593,99.88953,2026-10-08T08:50:00.000Z,2026-10-08 15:50:00
2026-10-08,MOU298,สะพานน้ำแม่ต๋อม,เชียงใหม่,794.4,,-11.34,ลดลง,-1.91,,,คงที่,17.7999,98.364,2026-10-08T08:50:00.000Z,2026-10-08 15:50:00
2026-10-08,TKgt48,บ้านเนินหินกอง,ปราจีนบุรี,23.41,,-12.22,ลดลง,-7.53,,,คงที่,13.782015,101.900566,2026-10-08T09:00:00.000Z,2026-10-08 16:00:00
2026-10-08,ONE004,สะพานข้ามคลองตะโก,ชุมพร,66.79,,-13.12,ลดลง,-3.21,,,คงที่,10.077671,98.98699,2026-10-08T08:50:00.000Z,2026-10-08 15:50:00
2026-10-08,TPB17,สถานีเขื่อนเพชร (ท้ายน้ำ),เพชรบุรี,6.91,,-15.14,คงที่,-12.09,,,คงที่,12.914265,99.854454,2026-10-08T09:00:00.000Z,2026-10-08 16:00:00
2026-10-08,BLGTD05,สะพานเมืองปัตตานี อ.เมือง จ.ปัตตานี,ปัตตานี,-0.18,,-15.3,ลดลง,-1.33,,,คงที่,6.859914,101.25131,2026-10-08T08:00:00.000Z,2026-10-08 15:00:00
2026-10-08,X.231A,ชุมชนประชาบำรุง,สตูล,-0.61,,-20.33,ลดลง,-3.61,,,คงที่,6.87577,99.78264,2026-10-08T09:00:00.000Z,2026-10-08 16:00:00
2026-10-08,FOP008,ลำน้ำกูน,น่าน,296.01,,-49.21,ลดลง,-2.73,,,คงที่,19.148952,100.9464,2026-10-08T08:50:00.000Z,2026-10-08 15:50:00
2026-10-08,Tkol.2(TX.358),โรงเรียนบ้านปะลุกา,นราธิวาส,-9.99,,-138.09,คงที่,-11.19,,,คงที่,6.180447,102.080154,2026-10-08T09:00:00.000Z,2026-10-08 16:00:00
2026-10-08,TSN10,ประตูระบายน้ำสามแก้ว,ชุมพร,-9.99,,-174.83,คงที่,-16.49,,,คงที่,10.520002,99.18323,2026-10-08T09:00:00.000Z,2026-10-08 16:00:00
2026-10-08,TPN10,บ้านตูล,นครศรีธรรมราช,-9.99,,-215.4,คงที่,-12.49,,,คงที่,8.041068,99.98193,2026-10-08T09:00:00.000Z,2026-10-08 16:00:00
2026-10-08,LA07 (TX.336),บ้านผังปาล์ม 1,สตูล,-9.99,,-292.31,คงที่,-30.60,,,คงที่,6.998849,99.91101,2026-10-08T09:00:00.000Z,2026-10-08 16:00:00
2026-10-08,TE.115,วัดเสมาท่าค้อ,ร้อยเอ็ด,-999.0,,-656.94,คงที่,-1009.00,,,คงที่,15.840905,103.96517,2026-10-08T09:00:00.000Z,2026-10-08 16:00:00
2026-10-08,X.283,บ้านปรีกี ,ปัตตานี,4.99,,,ลดลง,,,,คงที่,6.71549,101.2854,2026-10-08T09:00:00.000Z,2026-10-08 16:00:00
2026-10-08,TE.113,สบแม่น้ำชีห้วยสามหมอ (บ.วังสามหมอ),ชัยภูมิ,,,,คงที่,,,,คงที่,15.983583,102.409225,2026-10-08T09:00:00.000Z,2026-10-08 16:00:00
2026-10-08,TP.109,บ้านท้องฟ้า,ตาก,,,,คงที่,,,,คงที่,17.04663,98.97899,2026-10-08T09:00:00.000Z,2026-10-08 16:00:00
2026-10-08,TTr14,วัดนาเมืองเพชร,ตรัง,,,,คงที่,,,,คงที่,7.547547,99.51014,2026-10-08T09:00:00.000Z,2026-10-08 16:00:00
2026-10-08,TPN16,ปตร.แพรกเมือง,นครศรีธรรมราช,,,,คงที่,,,,คงที่,8.016916,100.30001,2026-10-08T09:00:00.000Z,2026-10-08 16:00:00
2026-10-08,LA05 (TX.335),บ้านเหนือคลอง,สตูล,,,,คงที่,,,,คงที่,6.995637,100.01673,2026-10-08T09:00:00.000Z,2026-10-08 16:00:00
2026-10-08,TTL.02,บ้านหนองน้ำใส,สระแก้ว,,,,คงที่,,,,คงที่,13.85454,102.37748,2026-10-08T09:00:00.000Z,2026-10-08 16:00:00
2026-10-08,TY.45,บ้านไผ่โทน จ.แพร่,แพร่,,,,คงที่,,,,คงที่,18.388018,100.43311,2026-10-08T09:00:00.000Z,2026-10-08 16:00:00
2026-10-08,TP.103,บ้านโชคชัยพัฒนา-หินดาต,กำแพงเพชร,,,,คงที่,,,,คงที่,16.085972,99.42064,2026-10-08T09:00:00.000Z,2026-10-08 16:00:00
2026-10-08,TTR.01,ชลประทานวังกระแจะ,ตราด,,,,คงที่,,,,คงที่,12.250492,102.530205,2026-10-08T09:00:00.000Z,2026-10-08 16:00:00
2026-10-08,TTP27,สถานีบ้านทุ่งกรวด,นครศรีธรรมราช,,,,คงที่,,,,คงที่,8.351444,99.27472,2026-10-08T09:00:00.000Z,2026-10-08 16:00:00
2026-10-08,TY.51,ห้วยแม่พวก,แพร่,,,,คงที่,,,,คงที่,17.96015,100.06547,2026-10-08T09:00:00.000Z,2026-10-08 16:00:00
2026-10-08,TY.54,ปตร.คลองหกบาท,สุโขทัย,,,,คงที่,,,,คงที่,17.37505,99.80881,2026-10-08T09:00:00.000Z,2026-10-08 16:00:00
2026-10-08,TK.69,วัดหนองไม้เอื้อย,กาญจนบุรี,,,,คงที่,,,,คงที่,14.547573,99.4626,2026-10-08T09:00:00.000Z,2026-10-08 16:00:00
2026-10-08,TK.66,วัดประชุมพลแสน,ราชบุรี,,,,คงที่,,,,คงที่,13.5603,99.3615,2026-10-08T09:00:00.000Z,2026-10-08 16:00:00
2026-10-08,TK.37A,วัดยางเกาะ,กาญจนบุรี,,,,คงที่,,,,คงที่,13.901244,99.46222,2026-10-08T09:00:00.000Z,2026-10-08 16:00:00
2026-10-08,TPB07,เขื่อนแก่งกระจาน (เหนือน้ำ),เพชรบุรี,,,,คงที่,,,,คงที่,12.914213,99.627686,2026-10-08T09:00:00.000Z,2026-10-08 16:00:00
2026-10-08,TSK.16,วัดเวฬุวนาราม,อุทัยธานี,,,,คงที่,,,,คงที่,15.325393,100.07004,2026-10-08T09:00:00.000Z,2026-10-08 16:00:00
2026-10-08,TE.107,ฝายยโสธร,ยโสธร,,,,คงที่,,,,คงที่,15.732567,104.13161,2026-10-08T09:00:00.000Z,2026-10-08 16:00:00
2026-10-08,Tpat.15,บ้านตาสา,ยะลา,,,,คงที่,,,,คงที่,6.559238,101.219925,2026-10-08T09:00:00.000Z,2026-10-08 16:00:00
2026-10-08,TM.203,T หลุมข้าว,นครราชสีมา,,,,คงที่,,,,คงที่,15.24712,102.34881,2026-10-08T09:00:00.000Z,2026-10-08 16:00:00
2026-10-08,TW.27,TW.27,ลำปาง,,,,คงที่,,,,คงที่,18.811476,99.57504,2026-10-08T09:00:00.000Z,2026-10-08 16:00:00
2026-10-08,TP.97,อุทยานแห่งชาติคลองวังเจ้า,กำแพงเพชร,,,,คงที่,,,,คงที่,16.505556,99.16983,2026-10-08T09:00:00.000Z,2026-10-08 16:00:00
2026-10-08,TMK01,วัดศรัทธาธรรม,สุทรสงคราม,,,,คงที่,,,,คงที่,13.3773,99.993,2026-10-08T09:00:00.000Z,2026-10-08 16:00:00
2026-10-08,TP.110,บ้านปากร้อง,ตาก,,,,คงที่,,,,คงที่,16.863934,99.11409,2026-10-08T09:00:00.000Z,2026-10-08 16:00:00
2026-10-08,BLGTU05,เขื่อนบางลาง อ.บันนังสตา จ.ยะลา,ยะลา,99.55,,,เพิ่มขึ้น,99.55,,,คงที่,6.153667,101.27312,2026-10-08T08:00:00.000Z,2026-10-08 15:00:00
2026-10-08,TADE01,โรงเรียนวัดโคกโพธิ์สถิตย์,นครศรีธรรมราช,23.31,,,ลดลง,-5.35,,,คงที่,8.40118,99.80203,2026-10-08T08:50:00.000Z,2026-10-08 15:50:00
2026-10-08,MKSNU03,หน่วยพิทักษ์ป่าเขาบันได,อุทัยธานี,210.65,,,ลดลง,210.65,,,คงที่,15.27736,99.15219,2026-10-08T08:00:00.000Z,2026-10-08 15:00:00
2026-10-08,MKSND01,เขื่อนท่าทุ่งนา,กาญจนบุรี,57.38,,,ลดลง,57.38,,,คงที่,14.233779,99.23502,2026-10-08T08:00:00.000Z,2026-10-08 15:00:00
2026-10-08,BLGTU06,ฝายละแอ อ.บันนังสตา จ.ยะลา,ยะลา,331.71,,,ลดลง,331.71,,,คงที่,6.143055,101.309166,2026-10-08T08:00:00.000Z,2026-10-08 15:00:00
