snapshot_date,รหัสสถานี,ชื่อสถานี,จังหวัด,ระดับน้ำปัจจุบัน (ม.รทก.),ระดับตลิ่ง (ม.รทก.),ระดับน้ำเทียบตลิ่ง (%),แนวโน้มระดับน้ำ,ระยะจากตลิ่ง (ม.),อัตราการไหล (ลบ.ม./วิ),% อัตราการไหล,แนวโน้มอัตราการไหล,Latitude,Longitude,เวลาบันทึกข้อมูล (UTC),เวลาบันทึกข้อมูล (เวลาไทย)
2026-10-10,ST_02,ฝายบ้านน้ำขุ่น,จันทบุรี,0.8900013,,169.65,ลดลง,5.30,,,คงที่,12.905955,102.03969,2026-10-10T09:45:00.000Z,2026-10-10 16:45:00
2026-10-10,T.10,บ้านวัดพระรูป,สุพรรณบุรี,8.1,,136.59,ลดลง,2.10,,,คงที่,14.47046,100.11477,2026-10-10T09:00:00.000Z,2026-10-10 16:00:00
2026-10-10,C.67,สะพานหัวเวียง,พระนครศรีอยุธยา,5.37,,128.08,ลดลง,2.62,,,คงที่,14.368509,100.41439,2026-10-10T09:00:00.000Z,2026-10-10 16:00:00
2026-10-10,THA006,บางตาเถร,สุพรรณบุรี,3.17,,124.43,เพิ่มขึ้น,1.03,,,คงที่,14.1566,100.12746,2026-10-10T08:50:00.000Z,2026-10-10 15:50:00
2026-10-10,CPY009,คลองบางหลวง,พระนครศรีอยุธยา,6.42,,124.18,ลดลง,2.11,,,คงที่,14.41584,100.44073,2026-10-10T08:50:00.000Z,2026-10-10 15:50:00
2026-10-10,TKgt61,หอทอง,ปราจีนบุรี,4.6,,122.7,ลดลง,2.57,,,คงที่,13.960857,101.21648,2026-10-10T09:45:00.000Z,2026-10-10 16:45:00
2026-10-10,BKC002,ปตร.วัดบางกระเจ้านอก,สมุทรปราการ,1.86,,122.47,เพิ่มขึ้น,0.60,,,คงที่,13.689612,100.554886,2026-10-10T08:50:00.000Z,2026-10-10 15:50:00
2026-10-10,THA010,สองพี่น้อง,สุพรรณบุรี,3.28,,121.18,คงที่,0.84,,,คงที่,14.21614,100.05018,2026-10-10T08:50:00.000Z,2026-10-10 15:50:00
2026-10-10,C.36,บ้านบางหลวงโดด,พระนครศรีอยุธยา,6.47,,121.17,ลดลง,2.17,861.0,195.24,ลดลง,14.41588,100.4408,2026-10-10T09:00:00.000Z,2026-10-10 16:00:00
2026-10-10,TKgt60,บางขนาก,ฉะเชิงเทรา,3.26,,120.88,ลดลง,2.27,,,คงที่,13.874795,101.14165,2026-10-10T09:45:00.000Z,2026-10-10 16:45:00
2026-10-10,TTC05,วัดมณีวรรณ,สุพรรณบุรี,4.72,,120.47,ลดลง,1.40,,,คงที่,14.3969,100.153,2026-10-10T09:45:00.000Z,2026-10-10 16:45:00
2026-10-10,TKgt53,บ้านตะเภาลาย,ปราจีนบุรี,3.94,,119.88,ลดลง,1.62,,,คงที่,14.012733,101.26519,2026-10-10T09:45:00.000Z,2026-10-10 16:45:00
2026-10-10,CPY010,คลองบางบาล,พระนครศรีอยุธยา,7.16,,118.79,ลดลง,1.32,,,คงที่,14.42307,100.48184,2026-10-10T08:50:00.000Z,2026-10-10 15:50:00
2026-10-10,C.68,ตลาดเสนา,พระนครศรีอยุธยา,4.39,,117.25,คงที่,1.19,,,คงที่,14.327789,100.40543,2026-10-10T09:00:00.000Z,2026-10-10 16:00:00
2026-10-10,TS.25,วัดจอมเกษ,พระนครศรีอยุธยา,4.1400003,,116.44,ลดลง,0.96,,,คงที่,14.414349,100.55782,2026-10-10T09:45:00.000Z,2026-10-10 16:45:00
2026-10-10,T.13,บ้านบางการ้อง,สุพรรณบุรี,7.33,,114.6,เพิ่มขึ้น,0.93,,,คงที่,14.157,100.12791,2026-10-10T09:00:00.000Z,2026-10-10 16:00:00
2026-10-10,TNy9,สมบูรณ์,นครนายก,3.22,,113.93,ลดลง,1.29,,,คงที่,13.970388,101.1387,2026-10-10T09:45:00.000Z,2026-10-10 16:45:00
2026-10-10,BKC003,ปตร. คลองลัดบางยอ 1,สมุทรปราการ,1.8,,111.86,เพิ่มขึ้น,0.29,,,คงที่,13.676162,100.553085,2026-10-10T08:50:00.000Z,2026-10-10 15:50:00
2026-10-10,BPK003,บางน้ำเปรี้ยว,ฉะเชิงเทรา,2.91,,111.62,ลดลง,1.44,,,คงที่,13.870314,101.145744,2026-10-10T08:50:00.000Z,2026-10-10 15:50:00
2026-10-10,T.PhakhaiRegulator,T.ปตร.ผักไห่,สระบุรี,4.66,,109.51,ลดลง,0.41,,,คงที่,14.43626,100.375496,2026-10-10T09:45:00.000Z,2026-10-10 16:45:00
2026-10-10,T.15,วัดบางไผ่นารถ,นครปฐม,8.51,,109.21,คงที่,0.71,,,คงที่,14.05221,100.17509,2026-10-10T09:00:00.000Z,2026-10-10 16:00:00
2026-10-10,BPK004,พนมสารคาม,ฉะเชิงเทรา,6.04,,109.18,ลดลง,0.65,,,คงที่,13.726651,101.35296,2026-10-10T08:50:00.000Z,2026-10-10 15:50:00
2026-10-10,LBI001,บางปะหัน,พระนครศรีอยุธยา,5.46,,108.4,ลดลง,0.77,,,คงที่,14.42734,100.55606,2026-10-10T08:50:00.000Z,2026-10-10 15:50:00
2026-10-10,PAS008,ท่าเรือ,พระนครศรีอยุธยา,7.07,,108.18,ลดลง,0.95,,,คงที่,14.56018,100.7199,2026-10-10T08:50:00.000Z,2026-10-10 15:50:00
2026-10-10,Kgt.3,อ. กบินทร์บุรี,ปราจีนบุรี,9.57,,107.88,ลดลง,0.78,632.4,116.25,ลดลง,13.98666,101.70541,2026-10-10T09:00:00.000Z,2026-10-10 16:00:00
2026-10-10,TKgt51,ประจันตคาม,ปราจีนบุรี,5.86,,107.26,ลดลง,0.44,,,คงที่,14.069966,101.51858,2026-10-10T09:45:00.000Z,2026-10-10 16:45:00
2026-10-10,TK.72,วัดบางคนฑีใน,สมุทรสงคราม,2.1999998,,107.14,ลดลง,0.17,,,คงที่,13.4913,99.9445,2026-10-10T09:45:00.000Z,2026-10-10 16:45:00
2026-10-10,C.35,บ้านป้อม,พระนครศรีอยุธยา,5.3,,106.99,ลดลง,0.95,1448.0,124.94,ลดลง,14.3691,100.52873,2026-10-10T09:00:00.000Z,2026-10-10 16:00:00
2026-10-10,CPY012,บางปะอิน,พระนครศรีอยุธยา,3.38,,106.78,ลดลง,0.76,,,คงที่,14.3045,100.56649,2026-10-10T08:50:00.000Z,2026-10-10 15:50:00
2026-10-10,THA005,เมืองสุพรรณบุรี,สุพรรณบุรี,5.4,,106.72,ลดลง,0.44,,,คงที่,14.47047,100.11476,2026-10-10T08:50:00.000Z,2026-10-10 15:50:00
2026-10-10,VLGE13,ชุมแสงสงคราม,พิษณุโลก,41.07,,106.58,เพิ่มขึ้น,0.54,,,คงที่,16.858543,100.05964,2026-10-10T08:50:00.000Z,2026-10-10 15:50:00
2026-10-10,HDA005,วัดขนอนใต้,พระนครศรีอยุธยา,2.82,,106.28,คงที่,0.28,,,คงที่,14.28826,100.61136,2026-10-10T08:50:00.000Z,2026-10-10 15:50:00
2026-10-10,T.MakhamthaoRegulator,T.ปตร.มะขามเฒ่า,ชัยนาท,17.58,,105.68,ลดลง,0.29,,,คงที่,15.222455,100.06222,2026-10-10T09:45:00.000Z,2026-10-10 16:45:00
2026-10-10,ONE022,คลองสามบาท บ้านกุดพิมาน,นครราชสีมา,202.1,,105.59,ลดลง,0.13,,,คงที่,15.310615,101.743996,2026-10-10T08:50:00.000Z,2026-10-10 15:50:00
2026-10-10,T.1,ที่ว่าการอ.นครชัยศรี,นครปฐม,11.77,,105.11,ลดลง,0.57,,,คงที่,13.80096,100.18803,2026-10-10T09:00:00.000Z,2026-10-10 16:00:00
2026-10-10,TK.74,โรงเรียนบ้านลาดใหญ่สามัคคี,สมุทรสงคราม,1.36,,104.56,เพิ่มขึ้น,0.17,,,คงที่,13.482,100.044,2026-10-10T09:45:00.000Z,2026-10-10 16:45:00
2026-10-10,TKgt56,บ้านโพธิ์,ฉะเชิงเทรา,2.35,,104.23,เพิ่มขึ้น,0.45,,,คงที่,13.58335,101.070915,2026-10-10T09:45:00.000Z,2026-10-10 16:45:00
2026-10-10,Kgt.1,บ้านหน้าเมือง,ปราจีนบุรี,4.53,,103.91,ลดลง,0.40,,,คงที่,14.05144,101.36738,2026-10-10T09:00:00.000Z,2026-10-10 16:00:00
2026-10-10,C.37,บ้านบางบาล,พระนครศรีอยุธยา,4.42,,103.9,ลดลง,0.28,109.0,112.37,คงที่,14.36319,100.48483,2026-10-10T09:00:00.000Z,2026-10-10 16:00:00
2026-10-10,K.58,บ้านปากแซง,กาญจนบุรี,6.63,,103.66,ลดลง,0.33,672.42,106.73,ลดลง,14.21513,99.0582,2026-10-10T09:00:00.000Z,2026-10-10 16:00:00
2026-10-10,Kgt.6,อ.ศรีมหาโพธิ์,ปราจีนบุรี,6.97,,102.65,ลดลง,0.36,,,คงที่,13.97341,101.51745,2026-10-10T09:00:00.000Z,2026-10-10 16:00:00
2026-10-10,PAS009,นครหลวง,พระนครศรีอยุธยา,4.12,,102.57,ลดลง,0.24,,,คงที่,14.40269,100.58636,2026-10-10T08:50:00.000Z,2026-10-10 15:50:00
2026-10-10,PRC005,ศรีมหาโพธิ (KGT6),ปราจีนบุรี,7.84,,102.56,ลดลง,0.26,,,คงที่,13.973438,101.51753,2026-10-10T08:50:00.000Z,2026-10-10 15:50:00
2026-10-10,TKgt58,เขื่อนทดน้ำบางปะกง,ฉะเชิงเทรา,2.62,,102.04,เพิ่มขึ้น,0.22,,,คงที่,13.706797,101.13695,2026-10-10T09:45:00.000Z,2026-10-10 16:45:00
2026-10-10,S.26,ท้ายเขื่อนพระรามหก,พระนครศรีอยุธยา,7.42,,101.83,ลดลง,0.22,661.0,104.42,ลดลง,14.56012,100.71994,2026-10-10T09:00:00.000Z,2026-10-10 16:00:00
2026-10-10,TTC03,ปตร.สามชุก,สุพรรณบุรี,3.7099996,,101.64,คงที่,0.06,,,คงที่,14.772463,100.08828,2026-10-10T09:45:00.000Z,2026-10-10 16:45:00
2026-10-10,Kgt.30,สะพานหน้าสถานีดับเพลิงจังหวัด,ฉะเชิงเทรา,1.93,,101.59,เพิ่มขึ้น,0.23,,,คงที่,13.6888,101.07701,2026-10-10T09:00:00.000Z,2026-10-10 16:00:00
2026-10-10,PRC004,ประจันตคาม (KGT7A),ปราจีนบุรี,6.71,,100.83,ลดลง,0.05,,,คงที่,14.07091,101.51891,2026-10-10T08:50:00.000Z,2026-10-10 15:50:00
2026-10-10,TKgt62,ศรีมหาโพธิ์,ปราจีนบุรี,7.91,,100.74,ลดลง,0.09,,,คงที่,13.973075,101.51253,2026-10-10T09:45:00.000Z,2026-10-10 16:45:00
2026-10-10,"TM.204 (U/S), (D/S)","Tฝายชุมพวง (U/S), (D/S)",นครราชสีมา,4.150009,,100.41,ลดลง,0.59,,,คงที่,15.38652,102.71847,2026-10-10T09:45:00.000Z,2026-10-10 16:45:00
2026-10-10,"TM.202 (U/S), (D/S)","Tเขื่อนพิมาย (U/S), (D/S)",นครราชสีมา,6.169998,,100.03,ลดลง,0.04,,,คงที่,15.22783,102.50134,2026-10-10T09:45:00.000Z,2026-10-10 16:45:00
2026-10-10,"TM.194 (U/S), (D/S)","T ขรน.มะเกลือใหม่ (U/S), (D/S)",นครราชสีมา,1.6500092,,99.69,ลดลง,-0.69,,,คงที่,14.88003,101.76168,2026-10-10T09:45:00.000Z,2026-10-10 16:45:00
2026-10-10,"TM.205  (U/S), (D/S)","Tฝายยางบ้านเขว้า  (U/S), (D/S)",บุรีรัมย์,4.880005,,99.68,เพิ่มขึ้น,-0.43,,,คงที่,15.41209,103.10189,2026-10-10T09:45:00.000Z,2026-10-10 16:45:00
2026-10-10,"TM.195 (U/S), (D/S)","T ขรน.กันผม (U/S), (D/S)",นครราชสีมา,4.4799957,,99.68,ลดลง,-0.54,,,คงที่,15.014,102.23379,2026-10-10T09:45:00.000Z,2026-10-10 16:45:00
2026-10-10,TE.102,ท้ายเขื่อนลำปะทาว,ชัยภูมิ,3.7000122,,99.58,คงที่,-1.93,,,คงที่,16.063515,102.040565,2026-10-10T09:45:00.000Z,2026-10-10 16:45:00
2026-10-10,TM.193,T สะพานบ้านหัน,นครราชสีมา,1.949997,,99.53,คงที่,-0.95,,,คงที่,14.73907,102.00011,2026-10-10T09:45:00.000Z,2026-10-10 16:45:00
2026-10-10,TKL.86,บ้านไร่ม่วง,เลย,1.0499878,,99.48,ลดลง,-1.31,,,คงที่,17.490452,101.68759,2026-10-10T09:45:00.000Z,2026-10-10 16:45:00
2026-10-10,TM.50,TM.50 (วัดแชะ),นครราชสีมา,2.6100006,,99.37,ลดลง,-1.27,,,คงที่,14.51989,102.2431,2026-10-10T09:45:00.000Z,2026-10-10 16:45:00
2026-10-10,TK.77,วัดลิ่นถิ่น,กาญจนบุรี,1.4400024,,99.33,เพิ่มขึ้น,-0.53,,,คงที่,14.5613,98.7925,2026-10-10T09:45:00.000Z,2026-10-10 16:45:00
2026-10-10,TM.1A,TM.1A (วัดใหม่อัมพร),นครราชสีมา,3.0700073,,99.31,ลดลง,-1.45,,,คงที่,14.90168,101.81711,2026-10-10T09:45:00.000Z,2026-10-10 16:45:00
2026-10-10,TE.129,ฝายบ้านดอนปอ,หนองบัวลำภู,2.880005,,99.3,เพิ่มขึ้น,-1.29,,,คงที่,16.914654,102.382706,2026-10-10T09:45:00.000Z,2026-10-10 16:45:00
2026-10-10,TM.196,T-MUN3 (ฝายโคกตอง),นครราชสีมา,7.199997,,99.3,ลดลง,-1.03,,,คงที่,15.29435,102.6924,2026-10-10T09:45:00.000Z,2026-10-10 16:45:00
2026-10-10,TY.56,สะพานเขาโค้ง,สุโขทัย,5.950001,,99.27,ลดลง,-0.05,,,คงที่,16.925978,99.890305,2026-10-10T09:45:00.000Z,2026-10-10 16:45:00
2026-10-10,THA008,สะพานนครชัยศรี,นครปฐม,1.87,,99.2,ลดลง,-0.08,,,คงที่,13.79216,100.19812,2026-10-10T08:50:00.000Z,2026-10-10 15:50:00
2026-10-10,TTC07,โรงเรียนวัดบางปลา,นครปฐม,3.12,,99.17,เพิ่มขึ้น,-0.07,,,คงที่,13.983198,100.179054,2026-10-10T09:45:00.000Z,2026-10-10 16:45:00
2026-10-10,TE.120,กุดน้ำใส,ขอนแก่น,12.5,,99.14,เพิ่มขึ้น,-1.43,,,คงที่,16.73133,102.77117,2026-10-10T09:45:00.000Z,2026-10-10 16:45:00
2026-10-10,TKH.130,อ่างเก็บน้ำห้วยหลวง,อุดรธานี,4.779999,,99.05,ลดลง,-1.94,,,คงที่,17.375118,102.59914,2026-10-10T09:45:00.000Z,2026-10-10 16:45:00
2026-10-10,Y.16,บางระกำ,พิษณุโลก,7.22,,99.01,ลดลง,-0.08,,,คงที่,16.76204,100.12102,2026-10-10T09:00:00.000Z,2026-10-10 16:00:00
2026-10-10,TK.62A,วัดท่าแย้,กาญจนบุรี,3.2199974,,98.95,ลดลง,-0.50,,,คงที่,13.8126,99.4007,2026-10-10T09:45:00.000Z,2026-10-10 16:45:00
2026-10-10,TE.112,สบห้วยสามหมอแม่น้ำชี (บ.วังสามหมอ),ชัยภูมิ,6.1100006,,98.88,ลดลง,-1.91,,,คงที่,16.003199,102.372185,2026-10-10T09:45:00.000Z,2026-10-10 16:45:00
2026-10-10,TKL.122,บ้านเลยวังไสย์,เลย,0.98999023,,98.87,ลดลง,-5.80,,,คงที่,17.056541,101.51605,2026-10-10T09:45:00.000Z,2026-10-10 16:45:00
2026-10-10,TM.201 (D/S),T ปตร.น้ำเค็ม (D/S),นครราชสีมา,2.8799896,,98.86,เพิ่มขึ้น,-1.75,,,คงที่,15.20617,102.50055,2026-10-10T09:45:00.000Z,2026-10-10 16:45:00
2026-10-10,CPY014,สะพานนวลฉวี,นนทบุรี,2.3,,98.73,ลดลง,-0.20,,,คงที่,13.947542,100.535034,2026-10-10T08:50:00.000Z,2026-10-10 15:50:00
2026-10-10,TKL.123,บ้านหนองบอน,เลย,3.2700043,,98.7,คงที่,-3.22,,,คงที่,17.41509,101.715416,2026-10-10T09:45:00.000Z,2026-10-10 16:45:00
2026-10-10,TE.122,วัดท่าประทาย,ขอนแก่น,2.7899933,,98.69,เพิ่มขึ้น,-1.95,,,คงที่,16.41384,102.91427,2026-10-10T09:45:00.000Z,2026-10-10 16:45:00
2026-10-10,TE.110,สบลำกระจวนแม่น้ำชี,ชัยภูมิ,1.5700073,,98.69,ลดลง,-2.71,,,คงที่,15.781595,101.75438,2026-10-10T09:45:00.000Z,2026-10-10 16:45:00
2026-10-10,T.14,ร.ร.เทศบาลบ้านสามพราน,นครปฐม,10.16,,98.64,ลดลง,-0.14,,,คงที่,13.72411,100.21568,2026-10-10T09:00:00.000Z,2026-10-10 16:00:00
2026-10-10,TE.128,บุ่งเลิศ,ร้อยเอ็ด,0.9600067,,98.61,เพิ่มขึ้น,-2.44,,,คงที่,16.432484,104.185455,2026-10-10T09:45:00.000Z,2026-10-10 16:45:00
2026-10-10,"TM.206  (U/S), (D/S)","Tฝายยางบ้านตะลุง (U/S), (D/S)",สุรินทร์,2.9400024,,98.59,คงที่,-1.76,,,คงที่,15.29329,103.54115,2026-10-10T09:45:00.000Z,2026-10-10 16:45:00
2026-10-10,TKH.124,สะพานห้วยน้ำขุ่น,อุดรธานี,1.5499878,,98.58,เพิ่มขึ้น,-2.45,,,คงที่,17.55009,102.958435,2026-10-10T09:45:00.000Z,2026-10-10 16:45:00
2026-10-10,TE.123,ฝายพรม-เชิญ,ขอนแก่น,4.0900116,,98.52,ลดลง,-3.27,,,คงที่,16.539064,102.0318,2026-10-10T09:45:00.000Z,2026-10-10 16:45:00
2026-10-10,C.29B,วัดกร่าง,ปทุมธานี,2.63,,98.31,ลดลง,-0.37,1310.0,36.39,ลดลง,14.116582,100.53743,2026-10-10T09:00:00.000Z,2026-10-10 16:00:00
2026-10-10,TE.125,บ้านนางใย,มหาสารคาม,2.0099945,,98.19,คงที่,-2.60,,,คงที่,16.18648,103.3271,2026-10-10T09:30:00.000Z,2026-10-10 16:30:00
2026-10-10,TE.103,(บ้านโนนสมอ),ชัยภูมิ,1.2400055,,98.05,คงที่,-3.58,,,คงที่,15.821446,102.03449,2026-10-10T09:45:00.000Z,2026-10-10 16:45:00
2026-10-10,TKS.117,บ้านท่าสำราญ,บึงกาฬ,10.639999,,98.03,ลดลง,-2.86,,,คงที่,17.77897,103.95359,2026-10-10T09:45:00.000Z,2026-10-10 16:45:00
2026-10-10,TM.145,TM.145,นครราชสีมา,-2.5799866,,97.94,ลดลง,-8.05,,,คงที่,14.49238,101.6835,2026-10-10T09:45:00.000Z,2026-10-10 16:45:00
2026-10-10,MUN003,ชุมพวง,นครราชสีมา,147.41,,97.93,ลดลง,-0.16,,,คงที่,15.286645,102.68465,2026-10-10T08:50:00.000Z,2026-10-10 15:50:00
2026-10-10,TC.60,TC.60,นครสวรรค์,25.87,,97.88,คงที่,-0.56,,,คงที่,15.67,100.33417,2026-10-10T09:45:00.000Z,2026-10-10 16:45:00
2026-10-10,TKL.125,บ้านเพีย,เลย,0.29000854,,97.84,ลดลง,-6.10,,,คงที่,17.53106,101.83418,2026-10-10T09:45:00.000Z,2026-10-10 16:45:00
2026-10-10,TE.119,หอทะหลา มเหศักดิ์,กาฬสินธุ์,3.649994,,97.69,คงที่,-4.13,,,คงที่,16.684656,104.08239,2026-10-10T09:45:00.000Z,2026-10-10 16:45:00
2026-10-10,C.12,กรมชลประทานสามเสน,กรุงเทพมหานคร,1.86,,97.62,เพิ่มขึ้น,-0.40,,,คงที่,13.78815,100.50915,2026-10-10T09:00:00.000Z,2026-10-10 16:00:00
2026-10-10,TKL.126,บ้านโป่ง,เลย,2.069992,,97.59,ลดลง,-5.77,,,คงที่,17.71032,101.7109,2026-10-10T09:45:00.000Z,2026-10-10 16:45:00
2026-10-10,TKS.110,บ้านพันนา,สกลนคร,1.9799957,,97.56,เพิ่มขึ้น,-4.02,,,คงที่,17.441923,103.57055,2026-10-10T09:45:00.000Z,2026-10-10 16:45:00
2026-10-10,SKG003,สะพานต้นน้ำ (เกาะแก้ว-ตลิ่งสูง),กำแพงเพชร,117.73,,97.56,ลดลง,-0.39,,,คงที่,15.91465,99.4194,2026-10-10T08:50:00.000Z,2026-10-10 15:50:00
2026-10-10,TE.126,วัดโพธิ์ศรีท่าแห่,กาฬสินธุ์,5.1799927,,97.55,คงที่,-3.47,,,คงที่,16.236935,103.429,2026-10-10T09:45:00.000Z,2026-10-10 16:45:00
2026-10-10,"TM.200 (U/S), (D/S)","Tฝายยางบ้านส้ม (U/S), (D/S)",นครราชสีมา,1.9100037,,97.49,ลดลง,-4.14,,,คงที่,15.021915,102.28049,2026-10-10T09:45:00.000Z,2026-10-10 16:45:00
2026-10-10,LP-06,สถานีเขื่อนลำปาว,กาฬสินธุ์,3.3600006,,97.48,คงที่,-4.18,,,คงที่,16.604,103.46321,2026-10-10T09:45:00.000Z,2026-10-10 16:45:00
2026-10-10,TE.116,บ้านหนองเป็ด,ชัยภูมิ,-0.010009766,,97.44,คงที่,-5.61,,,คงที่,16.011084,101.64934,2026-10-10T09:45:00.000Z,2026-10-10 16:45:00
2026-10-10,TK.69,วัดหนองไม้เอื้อย,กาญจนบุรี,2.0599976,,97.32,ลดลง,-3.09,,,คงที่,14.547573,99.4626,2026-10-10T09:45:00.000Z,2026-10-10 16:45:00
2026-10-10,TKH.128,อบต. บ้านแมด,อุดรธานี,1.6000061,,97.3,ลดลง,-4.66,,,คงที่,17.445194,102.85453,2026-10-10T09:45:00.000Z,2026-10-10 16:45:00
2026-10-10,Y.64,บางระกำ,พิษณุโลก,6.18,,97.29,ลดลง,-0.22,,,คงที่,16.70811,100.17184,2026-10-10T09:00:00.000Z,2026-10-10 16:00:00
2026-10-10,TPB07,เขื่อนแก่งกระจาน (เหนือน้ำ),เพชรบุรี,99.22,,97.27,คงที่,-2.78,,,คงที่,12.914213,99.627686,2026-10-10T09:45:00.000Z,2026-10-10 16:45:00
2026-10-10,MOU431,สะพานแม่น้ำแควใหญ่,ตาก,453.72,,97.26,ลดลง,-1.07,,,คงที่,16.04942,98.84473,2026-10-10T08:50:00.000Z,2026-10-10 15:50:00
2026-10-10,TK.65,ฝายทดน้ำลำเหย,กาญจนบุรี,3.1299973,,97.22,ลดลง,-2.75,,,คงที่,14.4678,99.4973,2026-10-10T09:45:00.000Z,2026-10-10 16:45:00
2026-10-10,TKS.112,บ้านโพธิ์ชัยทอง,สกลนคร,5.75,,97.19,เพิ่มขึ้น,-4.25,,,คงที่,17.600224,103.98097,2026-10-10T09:45:00.000Z,2026-10-10 16:45:00
2026-10-10,TM.197 (D/S),T ปตร.ลำสะแทด (D/S),นครราชสีมา,-0.05000305,,97.18,คงที่,-4.19,,,คงที่,15.41585,102.57328,2026-10-10T09:45:00.000Z,2026-10-10 16:45:00
2026-10-10,TKS.121,บ้านป่งไฮ,บึงกาฬ,3.6799927,,97.16,ลดลง,-5.32,,,คงที่,18.02316,103.82134,2026-10-10T09:45:00.000Z,2026-10-10 16:45:00
2026-10-10,TK.64,ห้วยลำอีซู,กาญจนบุรี,-0.2000122,,97.15,คงที่,-4.22,,,คงที่,14.542453,99.37821,2026-10-10T09:45:00.000Z,2026-10-10 16:45:00
2026-10-10,TKS.116,บ้านสุขสำราญ,สกลนคร,11.360001,,97.12,ลดลง,-4.64,,,คงที่,17.95482,103.68074,2026-10-10T09:45:00.000Z,2026-10-10 16:45:00
2026-10-10,TKS.107,เขื่อนน้ำอูน,สกลนคร,4.5200043,,97.09,คงที่,-5.48,,,คงที่,17.308556,103.737885,2026-10-10T09:45:00.000Z,2026-10-10 16:45:00
2026-10-10,TK.67,วัดศรีมงคล,กาญจนบุรี,2.0099983,,97.04,ลดลง,-1.74,,,คงที่,14.0182,99.1592,2026-10-10T09:45:00.000Z,2026-10-10 16:45:00
2026-10-10,TM.4,TM.4,สุรินทร์,2.8100052,,97.03,ลดลง,-3.66,,,คงที่,15.367572,103.775116,2026-10-10T09:45:00.000Z,2026-10-10 16:45:00
2026-10-10,TKH.118,ปตร.ห้วยหลวง,หนองคาย,5.6100006,,97.01,ลดลง,-6.39,,,คงที่,18.016285,103.08178,2026-10-10T09:45:00.000Z,2026-10-10 16:45:00
2026-10-10,LP-02,สถานีฝายกุมภวาปี,อุดรธานี,1.5299988,,96.9,คงที่,-5.29,,,คงที่,17.0762,103.0233,2026-10-10T09:30:00.000Z,2026-10-10 16:30:00
2026-10-10,TM.199,Tใต้ฝายห้วยขะยุง,ศรีสะเกษ,0.66000366,,96.88,ลดลง,-4.54,,,คงที่,14.680312,104.693596,2026-10-10T09:45:00.000Z,2026-10-10 16:45:00
2026-10-10,TE.117,บ้านโนนเขวา,ขอนแก่น,1.2100067,,96.84,คงที่,-4.72,,,คงที่,16.35233,102.88133,2026-10-10T09:45:00.000Z,2026-10-10 16:45:00
2026-10-10,BKK009,คลองลำปลาทิว ลาดกระบัง,กรุงเทพมหานคร,0.5,,96.79,ลดลง,-0.12,,,คงที่,13.74071,100.79468,2026-10-10T08:50:00.000Z,2026-10-10 15:50:00
2026-10-10,TE.101,บ้านไผ่ล้อม,ร้อยเอ็ด,5.599991,,96.78,ลดลง,-4.44,,,คงที่,16.212109,103.73669,2026-10-10T09:45:00.000Z,2026-10-10 16:45:00
2026-10-10,TKH.120,สะพานห้วยบ้าน,อุดรธานี,0.66999817,,96.77,เพิ่มขึ้น,-5.33,,,คงที่,17.798357,103.03035,2026-10-10T09:45:00.000Z,2026-10-10 16:45:00
2026-10-10,LBI002,เมืองลพบุรี,ลพบุรี,6.29,,96.76,ลดลง,-0.24,,,คงที่,14.76047,100.59958,2026-10-10T08:50:00.000Z,2026-10-10 15:50:00
2026-10-10,BKK020,คลองลาดพร้าว ปากคลอง2สายใต้,กรุงเทพมหานคร,1.87,,96.64,ลดลง,-0.10,,,คงที่,13.93181,100.63951,2026-10-10T08:50:00.000Z,2026-10-10 15:50:00
2026-10-10,CPY004,สะพานธรรมจักร(วัดธรรมามูล),ชัยนาท,17.05,,96.58,ลดลง,-0.49,,,คงที่,15.25031,100.08348,2026-10-10T08:50:00.000Z,2026-10-10 15:50:00
2026-10-10,TPR.13,อ่างเก็บน้ำยางชุม,ประจวบคีรีขันธ์,4.169998,,96.57,เพิ่มขึ้น,-5.83,,,คงที่,12.084924,99.68343,2026-10-10T09:45:00.000Z,2026-10-10 16:45:00
2026-10-10,TM.176,TM.176 (วัดลือชัย),ศรีสะเกษ,4.0199966,,96.56,ลดลง,-4.01,,,คงที่,15.01284,104.6566,2026-10-10T09:45:00.000Z,2026-10-10 16:45:00
2026-10-10,TY.57,ปตร.บ้านวังสะตือ,สุโขทัย,9.759998,,96.51,เพิ่มขึ้น,-0.33,,,คงที่,16.87341,100.02551,2026-10-10T09:45:00.000Z,2026-10-10 16:45:00
2026-10-10,CPY015,สะพานกรุงเทพ,กรุงเทพมหานคร,1.48,,96.19,เพิ่มขึ้น,-0.68,,,คงที่,13.700287,100.492805,2026-10-10T08:50:00.000Z,2026-10-10 15:50:00
2026-10-10,BKK017,คลองจระเข้ใหญ่ บางเสาธง (วัดศรีวารีน้อย),สมุทรปราการ,0.33,,96.02,ลดลง,-0.10,,,คงที่,13.66943,100.80058,2026-10-10T08:50:00.000Z,2026-10-10 15:50:00
2026-10-10,BKK003,คลองมหาสวัสดิ บางกรวย-สวนผัก,กรุงเทพมหานคร,1.86,,96.02,เพิ่มขึ้น,-0.21,,,คงที่,13.79963,100.43866,2026-10-10T08:50:00.000Z,2026-10-10 15:50:00
2026-10-10,TPR.12,อ่างเก็บน้ำโป่งสามสิบ,ประจวบคีรีขันธ์,6.699997,,95.93,คงที่,-3.30,,,คงที่,11.1831,99.3493,2026-10-10T09:45:00.000Z,2026-10-10 16:45:00
2026-10-10,S.5,สะพานปรีดี-ธำรง,พระนครศรีอยุธยา,4.15,,95.86,ลดลง,-0.55,,,คงที่,14.35872,100.58045,2026-10-10T09:00:00.000Z,2026-10-10 16:00:00
2026-10-10,TE.109,ฝายร้อยเอ็ด (บ้านดอนวิเวก),ร้อยเอ็ด,5.4799957,,95.83,ลดลง,-5.72,,,คงที่,16.171793,103.78859,2026-10-10T09:45:00.000Z,2026-10-10 16:45:00
2026-10-10,TE.121,วัดศรีแก้ว,หนองบัวลำภู,0.16000366,,95.78,คงที่,-8.36,,,คงที่,16.871922,102.18107,2026-10-10T09:45:00.000Z,2026-10-10 16:45:00
2026-10-10,TE.118,โรงเรียนบ้านหนองหอย,มหาสารคาม,3.2400055,,95.75,คงที่,-6.67,,,คงที่,16.20698,103.13701,2026-10-10T09:45:00.000Z,2026-10-10 16:45:00
2026-10-10,CPY008,เมืองอ่างทอง,อ่างทอง,8.2,,95.61,ลดลง,-0.58,,,คงที่,14.5765,100.44847,2026-10-10T08:50:00.000Z,2026-10-10 15:50:00
2026-10-10,TSK.6,เขื่อนทับเสลา,อุทัยธานี,10.929993,,95.58,เพิ่มขึ้น,-7.07,,,คงที่,15.543873,99.44768,2026-10-10T09:45:00.000Z,2026-10-10 16:45:00
2026-10-10,TM.198,Tสบห้วยเหนือ+ห้วยสำราญ,ศรีสะเกษ,3.9700012,,95.53,ลดลง,-5.96,,,คงที่,14.889,104.133,2026-10-10T09:45:00.000Z,2026-10-10 16:45:00
2026-10-10,TMN 10,ฝายอำนาจเจริญ,อุบลราชธานี,3.5499954,,95.49,คงที่,-5.36,,,คงที่,15.360334,104.68391,2026-10-10T09:45:00.000Z,2026-10-10 16:45:00
2026-10-10,TKS.118,บ้านดงหนองบัว,นครพนม,7.779999,,95.09,เพิ่มขึ้น,-7.22,,,คงที่,17.692019,104.14854,2026-10-10T09:45:00.000Z,2026-10-10 16:45:00
2026-10-10,K.57,บ้านกระดังงา,สมุทรสงคราม,14.43,,95.08,เพิ่มขึ้น,-1.07,,,คงที่,13.49261,99.92401,2026-10-10T09:00:00.000Z,2026-10-10 16:00:00
2026-10-10,C.22A,กรมชลประทานปากเกร็ด,นนทบุรี,1.86,,95.02,ลดลง,-1.04,,,คงที่,13.89474,100.49199,2026-10-10T09:00:00.000Z,2026-10-10 16:00:00
2026-10-10,HDA006,สะพานอนุสรณ์ 100 ปีสิงห์หบุรี (สะพานหลวงพ่อแพ 89),สิงห์บุรี,11.53,,94.9,ลดลง,-0.62,2714.88,,ลดลง,14.870226,100.4086,2026-10-10T08:50:00.000Z,2026-10-10 15:50:00
2026-10-10,RAY001,เมืองแกลง,ระยอง,3.63,,94.76,ลดลง,-0.34,,,คงที่,12.803011,101.65024,2026-10-10T08:50:00.000Z,2026-10-10 15:50:00
2026-10-10,CPY007,พรหมบุรี,สิงห์บุรี,10.28,,94.73,ลดลง,-0.65,,,คงที่,14.7909,100.45184,2026-10-10T08:50:00.000Z,2026-10-10 15:50:00
2026-10-10,TMN 08,บ้านวังยาง,อุบลราชธานี,2.4399948,,94.59,เพิ่มขึ้น,-6.48,,,คงที่,15.167267,104.71683,2026-10-10T09:45:00.000Z,2026-10-10 16:45:00
2026-10-10,C.38,โรงเรียนคณะราษฎร์บำรุง,ปทุมธานี,2.34,,94.49,ลดลง,-1.11,,,คงที่,14.01987,100.53738,2026-10-10T09:00:00.000Z,2026-10-10 16:00:00
2026-10-10,CHAU01,คลองชะอวด,นครศรีธรรมราช,22.83,,94.29,เพิ่มขึ้น,-1.38,,,คงที่,7.96633,99.99435,2026-10-10T08:50:00.000Z,2026-10-10 15:50:00
2026-10-10,TK.81,สำนักงานประปา  อบต.ท่ากระดาน สาขาแก่งแคบ,กาญจนบุรี,0.94000244,,94.04,ลดลง,-4.12,,,คงที่,14.365097,99.15402,2026-10-10T09:30:00.000Z,2026-10-10 16:30:00
2026-10-10,TPB15,บ้านแหลม,เพชรบุรี,1.91,,93.99,เพิ่มขึ้น,-0.25,,,คงที่,13.212777,99.98276,2026-10-10T09:45:00.000Z,2026-10-10 16:45:00
2026-10-10,TMN 05,ฝายราษีไศล,ศรีสะเกษ,3.8199997,,93.98,เพิ่มขึ้น,-7.43,,,คงที่,15.342538,104.09924,2026-10-10T09:45:00.000Z,2026-10-10 16:45:00
2026-10-10,RPBRPBD13,สะพานบ้างอ้อ อ.พุนพิน,สุราษฎร์ธานี,1.03,,93.92,เพิ่มขึ้น,-0.66,,,คงที่,9.074279,99.21762,2026-10-10T08:00:00.000Z,2026-10-10 15:00:00
2026-10-10,HDA004,คลองช่องสะเดา,พระนครศรีอยุธยา,2.85,,93.68,คงที่,-0.18,,,คงที่,14.344748,100.67011,2026-10-10T08:50:00.000Z,2026-10-10 15:50:00
2026-10-10,TK.68,สะพานข้ามลำภาชี,ราชบุรี,1.5900002,,93.29,ลดลง,-3.98,,,คงที่,13.7521,99.4374,2026-10-10T09:45:00.000Z,2026-10-10 16:45:00
2026-10-10,TUP.16,สถานีเขื่อนแม่งัดสมบูรณ์ชล,เชียงใหม่,395.7,,93.22,คงที่,-2.56,,,คงที่,19.16155,99.03961,2026-10-10T09:45:00.000Z,2026-10-10 16:45:00
2026-10-10,TKH.121,ศูนย์การเรียนรู้ อบต.เตาไห,อุดรธานี,2.9700012,,93.19,ลดลง,-11.68,,,คงที่,17.638449,103.09881,2026-10-10T09:45:00.000Z,2026-10-10 16:45:00
2026-10-10,HDA009,สะพานป่าโมก,อ่างทอง,7.34,,93.19,ลดลง,-0.63,,,คงที่,14.498097,100.449684,2026-10-10T08:50:00.000Z,2026-10-10 15:50:00
2026-10-10,Y.50,บ้านท่านางงาม,พิษณุโลก,5.46,,93.05,เพิ่มขึ้น,-0.64,241.6,86.29,เพิ่มขึ้น,16.78548,100.0885,2026-10-10T09:00:00.000Z,2026-10-10 16:00:00
2026-10-10,TE.106,วัดอัมพวันนาราม,อุบลราชธานี,1.9199982,,93.04,เพิ่มขึ้น,-8.34,,,คงที่,15.2694,104.64478,2026-10-10T09:45:00.000Z,2026-10-10 16:45:00
2026-10-10,RPBRPBD15,วัดโชติการาม อ.เมืองสุราษฎร์ธานี,สุราษฎร์ธานี,0.67,,92.84,ลดลง,-0.66,,,คงที่,9.191049,99.26379,2026-10-10T08:00:00.000Z,2026-10-10 15:00:00
2026-10-10,C.7A,บ้านบางแก้ว,อ่างทอง,8.65,,92.48,ลดลง,-1.25,2281.0,79.70,ลดลง,14.59044,100.45329,2026-10-10T09:00:00.000Z,2026-10-10 16:00:00
2026-10-10,TKgt52,วัดสง่างาม,ปราจีนบุรี,5.46,,92.43,ลดลง,-1.03,,,คงที่,14.031634,101.42646,2026-10-10T09:45:00.000Z,2026-10-10 16:45:00
2026-10-10,TY.58,วัดท่าไม้,นครสวรรค์,7.0600014,,92.42,ลดลง,-0.57,,,คงที่,15.915064,100.24716,2026-10-10T09:45:00.000Z,2026-10-10 16:45:00
2026-10-10,THA009,เมืองสมุทรสาคร,สมุทรสาคร,1.24,,92.33,เพิ่มขึ้น,-0.68,,,คงที่,13.58597,100.23048,2026-10-10T08:50:00.000Z,2026-10-10 15:50:00
2026-10-10,CPY017,เสนา,พระนครศรีอยุธยา,3.18,,92.28,ลดลง,-0.40,,,คงที่,14.31973,100.37951,2026-10-10T08:50:00.000Z,2026-10-10 15:50:00
2026-10-10,CPY005,สรรพยา,ชัยนาท,14.28,,91.9,ลดลง,-0.99,,,คงที่,15.10905,100.26788,2026-10-10T08:50:00.000Z,2026-10-10 15:50:00
2026-10-10,TSL17,เขาชัยสน,พัทลุง,5.63,,91.8,ลดลง,-0.41,,,คงที่,7.47076,100.138,2026-10-10T09:45:00.000Z,2026-10-10 16:45:00
2026-10-10,TY.42,อำเภอโพธิ์ประทับช้าง จ.พิจิตร,พิจิตร,7.0200005,,91.78,ลดลง,-2.99,,,คงที่,16.31032,100.27146,2026-10-10T09:45:00.000Z,2026-10-10 16:45:00
2026-10-10,MKSND03,วัดไชยชุมพลชนะสงคราม (วัดใต้),กาญจนบุรี,22.59,,91.69,ลดลง,-0.82,,,คงที่,14.01615,99.53029,2026-10-10T08:00:00.000Z,2026-10-10 15:00:00
2026-10-10,TKH.119,สะพานห้วยลม,อุดรธานี,1.8399963,,91.67,เพิ่มขึ้น,-12.16,,,คงที่,17.323277,102.543785,2026-10-10T09:45:00.000Z,2026-10-10 16:45:00
2026-10-10,C.13,ท้ายเขื่อนเจ้าพระยา,ชัยนาท,15.13,,91.51,ลดลง,-1.21,2160.0,79.41,ลดลง,15.16384,100.18792,2026-10-10T09:00:00.000Z,2026-10-10 16:00:00
2026-10-10,PAT002,เมืองยะลา,ยะลา,12.82,,91.49,เพิ่มขึ้น,-1.03,,,คงที่,6.675252,101.28636,2026-10-10T08:50:00.000Z,2026-10-10 15:50:00
2026-10-10,THA004,สามชุก,สุพรรณบุรี,7.47,,91.36,ลดลง,-0.47,,,คงที่,14.75138,100.09591,2026-10-10T08:50:00.000Z,2026-10-10 15:50:00
2026-10-10,C.3,บ้านบางพุทรา,สิงห์บุรี,11.85,,91.28,ลดลง,-1.35,2306.0,76.94,ลดลง,14.89868,100.40186,2026-10-10T09:00:00.000Z,2026-10-10 16:00:00
2026-10-10,TCP010,ทรบ. ปากคลองห้าวา (ทุ่งท่าวุ้ง),ลพบุรี,7.3,,91.25,ลดลง,-0.70,,,คงที่,14.818604,100.57653,2026-10-10T08:50:00.000Z,2026-10-10 15:50:00
2026-10-10,TE.127,ฝายยางลำน้ำยัง,ร้อยเอ็ด,0.51999664,,91.11,ลดลง,-11.91,,,คงที่,16.059906,104.03195,2026-10-10T09:45:00.000Z,2026-10-10 16:45:00
2026-10-10,TMN 12,ฝายลำเซบก,อุบลราชธานี,1.2900009,,90.8,ลดลง,-11.11,,,คงที่,15.427786,105.05549,2026-10-10T09:45:00.000Z,2026-10-10 16:45:00
2026-10-10,TCP011,สถานีสูบน้ำคลองระบายชัยนาท-ป่าสัก 2 (ทุ่งเชียงราก),สิงห์บุรี,11.16,,90.73,คงที่,-1.14,,,คงที่,15.055055,100.32081,2026-10-10T08:50:00.000Z,2026-10-10 15:50:00
2026-10-10,Tkol.11,บ้านแว้ง,นราธิวาส,1.5699997,,90.59,ลดลง,-1.93,,,คงที่,5.9266,101.8841,2026-10-10T09:45:00.000Z,2026-10-10 16:45:00
2026-10-10,TTC09,วัดท่ากระบือ,สมุทรสาคร,1.62,,90.5,เพิ่มขึ้น,-0.38,,,คงที่,13.662052,100.223335,2026-10-10T09:45:00.000Z,2026-10-10 16:45:00
2026-10-10,TRD001,เมืองตราด,ตราด,-0.04,,90.18,เพิ่มขึ้น,-0.73,,,คงที่,12.325215,102.5005,2026-10-10T08:50:00.000Z,2026-10-10 15:50:00
2026-10-10,TNy10,คลองแม่น้ำใน(โพธิ์แทน),นครนายก,3.43,,90.02,ลดลง,-0.51,,,คงที่,14.212921,100.94245,2026-10-10T09:45:00.000Z,2026-10-10 16:45:00
2026-10-10,T.PholarhepRegulator,T.ปตร.พลเทพ,ชัยนาท,16.54,,89.97,ลดลง,-0.69,,,คงที่,15.214294,100.073326,2026-10-10T09:45:00.000Z,2026-10-10 16:45:00
2026-10-10,FOP022,สะพานวัดมงคลร่วมใจ (บ้านวังสาร),พิษณุโลก,38.1,,89.95,ลดลง,-0.74,,,คงที่,16.670525,100.3279,2026-10-10T08:50:00.000Z,2026-10-10 15:50:00
2026-10-10,SKN002,สะพานตาบัว บ้านยาเด๊ะ,นราธิวาส,112.5,,89.77,ลดลง,-1.60,,,คงที่,5.827553,101.75235,2026-10-10T08:30:00.000Z,2026-10-10 15:30:00
2026-10-10,MOU510,น้ำตกโตนแพรทอง,พัทลุง,399.07,,89.3,ลดลง,-0.43,,,คงที่,7.48415,99.8918,2026-10-10T08:50:00.000Z,2026-10-10 15:50:00
2026-10-10,ONE037,สะพานข้ามคลองอู่ตะเภา,สงขลา,0.26,,89.24,ลดลง,-0.58,,,คงที่,7.134991,100.45319,2026-10-10T08:50:00.000Z,2026-10-10 15:50:00
2026-10-10,TKgt54,ปากแม่น้ำบางปะกง,ฉะเชิงเทรา,0.81,,88.71,เพิ่มขึ้น,-1.32,,,คงที่,13.474833,100.98196,2026-10-10T09:45:00.000Z,2026-10-10 16:45:00
2026-10-10,TNy11,เขื่อนนายก,นครนายก,3.96,,88.66,เพิ่มขึ้น,-0.83,,,คงที่,14.18205,101.16216,2026-10-10T09:45:00.000Z,2026-10-10 16:45:00
2026-10-10,M.185A,บ้านหินโคนเก่า,บุรีรัมย์,7.43,,88.59,ลดลง,-1.02,147.0,31.41,ลดลง,15.02688,102.80569,2026-10-10T09:00:00.000Z,2026-10-10 16:00:00
2026-10-10,Y.52,บ้านวังจิก,พิจิตร,5.99,,88.48,ลดลง,-0.92,,,คงที่,16.35742,100.26379,2026-10-10T09:00:00.000Z,2026-10-10 16:00:00
2026-10-10,TY.55,แม่น้ำยม ปากคลองเข้า ปตร.บางพระ,สุโขทัย,7.34,,88.43,ลดลง,-0.99,,,คงที่,16.9145,99.8438,2026-10-10T09:45:00.000Z,2026-10-10 16:45:00
2026-10-10,TRD003,วังกระแจะ,ตราด,0.45,,88.43,เพิ่มขึ้น,-0.78,,,คงที่,12.262464,102.52681,2026-10-10T08:50:00.000Z,2026-10-10 15:50:00
2026-10-10,K.2B,สะพานธนะรัชต์,ราชบุรี,12.57,,88.14,ลดลง,-1.73,,,คงที่,13.54115,99.82413,2026-10-10T09:00:00.000Z,2026-10-10 16:00:00
2026-10-10,CHK001,บ่อดินขาว,นครสวรรค์,14.79,,87.98,ลดลง,-2.02,,,คงที่,15.169044,100.41471,2026-10-10T08:50:00.000Z,2026-10-10 15:50:00
2026-10-10,SKG004,สะพานแม่เล่ย์,นครสวรรค์,133.61,,87.91,ลดลง,-2.98,,,คงที่,15.84175,99.41808,2026-10-10T08:50:00.000Z,2026-10-10 15:50:00
2026-10-10,PCH003,ท่ายาง,เพชรบุรี,25.57,,87.76,ลดลง,-0.52,,,คงที่,12.81334,99.79429,2026-10-10T08:50:00.000Z,2026-10-10 15:50:00
2026-10-10,TCP007,ทุ่งโพธิ์พระยา,สุพรรณบุรี,0.69,,87.6,คงที่,-0.31,,,คงที่,14.320748,100.017395,2026-10-10T08:50:00.000Z,2026-10-10 15:50:00
2026-10-10,PYO001,ท้ายกว๊านพะเยา,พะเยา,391.87,,87.59,ลดลง,-0.66,,,คงที่,19.159805,99.91415,2026-10-10T08:50:00.000Z,2026-10-10 15:50:00
2026-10-10,TS.17,คลองน้ำจู,เพชรบูรณ์,3.6699982,,87.4,ลดลง,-0.49,,,คงที่,16.04515,101.12285,2026-10-10T09:45:00.000Z,2026-10-10 16:45:00
2026-10-10,X.281,บ้านดุสน,สตูล,28.38,,87.2,ลดลง,-0.81,,,คงที่,6.80353,100.09658,2026-10-10T09:00:00.000Z,2026-10-10 16:00:00
2026-10-10,BKK016,ปากคลองพระองค์เจ้าฯ (บางน้ำเปรี้ยว),ฉะเชิงเทรา,0.76,,87.02,คงที่,-0.48,,,คงที่,13.838202,100.96661,2026-10-10T08:50:00.000Z,2026-10-10 15:50:00
2026-10-10,TCP009,สถานีสูบน้ำปากคลองสระตาแวว (ทุ่งซ้ายคลองชัยนาท),ลพบุรี,13.11,,86.14,ลดลง,-2.11,,,คงที่,14.940776,100.5929,2026-10-10T08:50:00.000Z,2026-10-10 15:50:00
2026-10-10,CPY006,อินทร์บุรี,สิงห์บุรี,13.19,,86.06,ลดลง,-1.91,,,คงที่,15.00598,100.33089,2026-10-10T08:50:00.000Z,2026-10-10 15:50:00
2026-10-10,CAN001,คลองระพีพัฒน์แยกตก,ปทุมธานี,3.83,,86.06,เพิ่มขึ้น,-0.72,,,คงที่,14.206145,100.744804,2026-10-10T08:50:00.000Z,2026-10-10 15:50:00
2026-10-10,TS.24,คลองเพรียว,สระบุรี,6.81,,85.88,ลดลง,-1.12,,,คงที่,14.529712,100.93149,2026-10-10T09:45:00.000Z,2026-10-10 16:45:00
2026-10-10,Kgt.43A,บ้านนาแขม,ปราจีนบุรี,8.62,,85.83,ลดลง,-1.53,367.2,67.62,ลดลง,14.02174,101.75066,2026-10-10T09:00:00.000Z,2026-10-10 16:00:00
2026-10-10,ONE006,ปตร.ธรณิศนฤมิต-เหนือน้ำ,นครพนม,138.51,,85.58,เพิ่มขึ้น,-1.74,,,คงที่,16.92319,104.7161,2026-10-10T08:50:00.000Z,2026-10-10 15:50:00
2026-10-10,TK.13,วัดท่าขนุน,กาญจนบุรี,5.1399994,,85.46,คงที่,-13.99,,,คงที่,14.742605,98.63525,2026-10-10T09:45:00.000Z,2026-10-10 16:45:00
2026-10-10,PTT002,สะพานข้ามคลองโคน,สมุทรสงคราม,1.4,,85.25,เพิ่มขึ้น,-0.55,,,คงที่,13.331919,99.96896,2026-10-10T08:50:00.000Z,2026-10-10 15:50:00
2026-10-10,BKK013,คลองระพีพัฒน์แยกใต้ หนองเสือ,ปทุมธานี,3.29,,85.22,ลดลง,-0.67,,,คงที่,14.22058,100.8917,2026-10-10T08:50:00.000Z,2026-10-10 15:50:00
2026-10-10,SKN003,สะพานกะลูบี บ้านสายปารี,นราธิวาส,21.41,,84.92,ลดลง,-2.61,,,คงที่,5.895709,101.76639,2026-10-10T08:50:00.000Z,2026-10-10 15:50:00
2026-10-10,M.184,บ้านซึม,นครราชสีมา,4.44,,84.91,ลดลง,-0.86,73.2,58.10,ลดลง,15.21996,102.4283,2026-10-10T09:00:00.000Z,2026-10-10 16:00:00
2026-10-10,M.192,บ้านโนนค่า,นครราชสีมา,3.69,,84.63,เพิ่มขึ้น,-0.61,10.77,30.77,เพิ่มขึ้น,14.93225,101.86788,2026-10-10T09:00:00.000Z,2026-10-10 16:00:00
2026-10-10,TCP006,ปตร กุฎิ (ทุ่งป่าโมก),พระนครศรีอยุธยา,6.0,,84.62,ลดลง,-1.00,,,คงที่,14.412398,100.40116,2026-10-10T08:50:00.000Z,2026-10-10 15:50:00
2026-10-10,BKK006,คลองมหาชัย วัดพันท้ายนรสิงห์,สมุทรสาคร,0.69,,84.58,เพิ่มขึ้น,-0.61,,,คงที่,13.58185,100.36583,2026-10-10T08:50:00.000Z,2026-10-10 15:50:00
2026-10-10,TCP008,สถานีสูบน้ำปากคลองสายห้วยแก้ว (ทุ่งซ้ายคลองชัยนาท),ลพบุรี,13.0,,84.2,ลดลง,-2.44,,,คงที่,15.082774,100.55449,2026-10-10T08:50:00.000Z,2026-10-10 15:50:00
2026-10-10,TBW028,บ้านโพธิ์ชัยทอง,สกลนคร,149.27,,83.93,เพิ่มขึ้น,-1.22,,,คงที่,17.59971,103.98092,2026-10-10T08:50:00.000Z,2026-10-10 15:50:00
2026-10-10,SKN001,สะพานไอร์ปาโจ,นราธิวาส,92.52,,83.87,เพิ่มขึ้น,-2.53,,,คงที่,5.835676,101.73485,2026-10-10T08:50:00.000Z,2026-10-10 15:50:00
2026-10-10,N.67,วัดเกยไชยเหนือ,นครสวรรค์,25.65,,83.66,ลดลง,-2.56,970.0,67.60,ลดลง,15.86918,100.26473,2026-10-10T09:00:00.000Z,2026-10-10 16:00:00
2026-10-10,X.265,หน้าวัดภูผาพิมุข,พัทลุง,6.69,,83.63,ลดลง,-1.31,,,คงที่,7.61689,100.0789,2026-10-10T09:00:00.000Z,2026-10-10 16:00:00
2026-10-10,PIN009,แม่น้ำลี้ บ้านโฮ่ง,ลำพูน,310.07,,83.09,เพิ่มขึ้น,-0.77,,,คงที่,18.31077,98.82351,2026-10-10T08:50:00.000Z,2026-10-10 15:50:00
2026-10-10,MKSND06,โรงเรียนบ้านทุ่งนานางหรอก,กาญจนบุรี,42.35,,82.52,ลดลง,-2.79,42.93,,ลดลง,14.17509,99.43382,2026-10-10T08:00:00.000Z,2026-10-10 15:00:00
2026-10-10,T.BorommathatRegulator,T.ปตร.บรมธาตุ,ชัยนาท,15.94,,82.35,ลดลง,-1.67,,,คงที่,15.15713,100.152985,2026-10-10T09:45:00.000Z,2026-10-10 16:45:00
2026-10-10,TK.36,บ้านท่ามะนาว,กาญจนบุรี,2.4000015,,82.28,ลดลง,-7.54,,,คงที่,14.1647,99.2754,2026-10-10T09:45:00.000Z,2026-10-10 16:45:00
2026-10-10,TCP003,ปตร.ลาดชะโด (ทุ่งผักไห่),พระนครศรีอยุธยา,3.97,,82.24,คงที่,-1.03,,,คงที่,14.464408,100.366005,2026-10-10T08:50:00.000Z,2026-10-10 15:50:00
2026-10-10,FOP039,สะพานท่าสำเภา,พัทลุง,0.24,,82.17,เพิ่มขึ้น,-1.09,,,คงที่,7.729597,100.10794,2026-10-10T08:50:00.000Z,2026-10-10 15:50:00
2026-10-10,BNR.08,สะพานยะกัง,นราธิวาส,1.27,,82.12,ลดลง,-0.93,,,คงที่,6.40016,101.82338,2026-10-10T09:45:00.000Z,2026-10-10 16:45:00
2026-10-10,TS.19,คลองกองทูล,เพชรบูรณ์,5.590004,,81.85,ลดลง,-1.41,,,คงที่,15.937227,101.09412,2026-10-10T09:45:00.000Z,2026-10-10 16:45:00
2026-10-10,HDA007,สะพานค่ายบางระจัน,สิงห์บุรี,8.35,,81.51,ลดลง,-1.44,93.75,,ลดลง,14.815273,100.36446,2026-10-10T08:50:00.000Z,2026-10-10 15:50:00
2026-10-10,K.10,บ้านลุ่มสุ่ม,กาญจนบุรี,7.89,,81.46,ลดลง,-2.41,700.8,68.71,ลดลง,14.09243,99.17899,2026-10-10T09:00:00.000Z,2026-10-10 16:00:00
2026-10-10,TPB06,บ้านห้วยกวางจริง,เพชรบุรี,33.78,,81.39,คงที่,-10.22,,,คงที่,13.005179,99.74277,2026-10-10T09:45:00.000Z,2026-10-10 16:45:00
2026-10-10,PYO004,สะพานบ้านเจดีย์งาม,พะเยา,387.32,,81.36,ลดลง,-0.41,,,คงที่,19.186577,99.94391,2026-10-10T08:50:00.000Z,2026-10-10 15:50:00
2026-10-10,Y.5,หน้าอำเภอโพทะเล,พิจิตร,6.98,,81.21,ลดลง,-1.12,,,คงที่,16.09481,100.2599,2026-10-10T09:00:00.000Z,2026-10-10 16:00:00
2026-10-10,SKM001,สะพานนาทม,สกลนคร,141.6,,81.18,ลดลง,-2.26,,,คงที่,17.777632,104.01503,2026-10-10T08:50:00.000Z,2026-10-10 15:50:00
2026-10-10,HDA008,สะพานคลองส่งน้ำชลประทาน บ้านตลาดใหม่,อ่างทอง,4.16,,80.76,ลดลง,-0.81,824.87,,ลดลง,14.553482,100.31676,2026-10-10T08:50:00.000Z,2026-10-10 15:50:00
2026-10-10,K.49,บ้านยางสูง,กาญจนบุรี,3.89,,80.57,ลดลง,-0.61,,,คงที่,14.48943,99.46979,2026-10-10T09:00:00.000Z,2026-10-10 16:00:00
2026-10-10,TPB08,เขื่อนแก่งกระจาน (ท้ายน้ำ),เพชรบุรี,49.92,,80.52,ลดลง,-12.08,,,คงที่,12.909761,99.64162,2026-10-10T09:45:00.000Z,2026-10-10 16:45:00
2026-10-10,TSK.14,อบต.สว่างแจ้งสบายใจ,อุทัยธานี,4.24,,80.3,ลดลง,-1.04,,,คงที่,15.559001,99.86481,2026-10-10T09:45:00.000Z,2026-10-10 16:45:00
2026-10-10,TTr6,บ้านนิคม,นครศรีธรรมราช,5.0699997,,80.28,ลดลง,-4.93,,,คงที่,7.949661,99.52943,2026-10-10T09:45:00.000Z,2026-10-10 16:45:00
2026-10-10,E.2A,ประปายโสธร,ยโสธร,9.63,,79.84,ลดลง,-2.37,,,คงที่,15.79962,104.13486,2026-10-10T09:00:00.000Z,2026-10-10 16:00:00
2026-10-10,Ny.7,เทศบาลเมือง,นครนายก,4.57,,79.84,เพิ่มขึ้น,-1.99,,,คงที่,14.20048,101.21931,2026-10-10T09:00:00.000Z,2026-10-10 16:00:00
2026-10-10,TTr12,ฝายคลองนางน้อย,ตรัง,28.7,,79.72,ลดลง,-7.30,,,คงที่,7.549089,99.72682,2026-10-10T09:45:00.000Z,2026-10-10 16:45:00
2026-10-10,SKM005,สว่างแดนดิน,สกลนคร,154.62,,79.5,ลดลง,-1.61,,,คงที่,17.59475,103.38447,2026-10-10T08:50:00.000Z,2026-10-10 15:50:00
2026-10-10,Kh.103,บ้านโนนตูม,อุดรธานี,4.01,,79.35,เพิ่มขึ้น,-0.99,30.23,31.82,เพิ่มขึ้น,17.48257,102.79739,2026-10-10T09:00:00.000Z,2026-10-10 16:00:00
2026-10-10,TPI003,พุนพิน 3,สุราษฎร์ธานี,0.99,,79.17,เพิ่มขึ้น,-1.63,,,คงที่,8.986866,99.21123,2026-10-10T08:50:00.000Z,2026-10-10 15:50:00
2026-10-10,TKgt59,ฝายท่าลาด,ฉะเชิงเทรา,8.05,,78.93,ลดลง,-2.04,,,คงที่,13.707719,101.40141,2026-10-10T09:45:00.000Z,2026-10-10 16:45:00
2026-10-10,ONE024,สะพานข้ามคลองบางม่วง,พัทลุง,0.29,,78.91,เพิ่มขึ้น,-0.87,,,คงที่,7.365281,100.27959,2026-10-10T08:50:00.000Z,2026-10-10 15:50:00
2026-10-10,TUP.12,เขื่อนแม่กวงอุดมธารา,เชียงใหม่,377.61,,78.89,คงที่,-7.39,,,คงที่,18.929543,99.12771,2026-10-10T09:45:00.000Z,2026-10-10 16:45:00
2026-10-10,N.8B,บางมูลนาก,พิจิตร,12.17,,78.65,ลดลง,-3.28,681.7,55.51,ลดลง,16.00931,100.36926,2026-10-10T09:00:00.000Z,2026-10-10 16:00:00
2026-10-10,S.52,บ้านท่าไม้ทอง,เพชรบูรณ์,8.94,,78.41,ลดลง,-2.66,103.14,,ลดลง,15.43676,101.10109,2026-10-10T09:00:00.000Z,2026-10-10 16:00:00
2026-10-10,TS.20,คลองท่าเสา,เพชรบูรณ์,4.380005,,78.4,เพิ่มขึ้น,-1.11,,,คงที่,15.893215,101.09118,2026-10-10T09:45:00.000Z,2026-10-10 16:45:00
2026-10-10,TCP005,ปตร.บางแก้ว (ทุ่งผักไห่),พระนครศรีอยุธยา,3.92,,78.4,เพิ่มขึ้น,-1.08,,,คงที่,14.43659,100.371475,2026-10-10T08:50:00.000Z,2026-10-10 15:50:00
2026-10-10,BKK015,คลองหกวา ลำลูกกา คลอง8,ปทุมธานี,1.58,,78.36,ลดลง,-1.12,,,คงที่,13.94162,100.77497,2026-10-10T08:50:00.000Z,2026-10-10 15:50:00
2026-10-10,PATO01,สะพานบ้านตรังพัฒนา,ชุมพร,17.64,,78.2,ลดลง,-4.92,,,คงที่,9.85489,98.84009,2026-10-10T08:50:00.000Z,2026-10-10 15:50:00
2026-10-10,CPY001,สะพานเดชาติวงศ์,นครสวรรค์,22.09,,78.17,ลดลง,-3.97,,,คงที่,15.68849,100.12381,2026-10-10T08:50:00.000Z,2026-10-10 15:50:00
2026-10-10,K.11A,บ้านวังขนาย,กาญจนบุรี,4.6,,78.08,ลดลง,-1.60,,,คงที่,13.95094,99.64548,2026-10-10T09:00:00.000Z,2026-10-10 16:00:00
2026-10-10,SKD10,บ้านแสนตอ,อุตรดิตถ์,66.87,,77.98,เพิ่มขึ้น,-3.69,,,คงที่,17.66514,100.29809,2026-10-10T08:00:00.000Z,2026-10-10 15:00:00
2026-10-10,TP.102,คลองวังหิน,กำแพงเพชร,2.0200005,,77.94,ลดลง,-1.03,,,คงที่,16.229584,99.696724,2026-10-10T09:45:00.000Z,2026-10-10 16:45:00
2026-10-10,TCP004,ปตร.ลาดชิด (ทุ่งผักไห่),พระนครศรีอยุธยา,3.89,,77.8,เพิ่มขึ้น,-1.11,,,คงที่,14.440615,100.35738,2026-10-10T08:50:00.000Z,2026-10-10 15:50:00
2026-10-10,YOM007,กงไกรลาศ,สุโขทัย,42.29,,77.58,ลดลง,-2.58,,,คงที่,16.92732,99.95933,2026-10-10T08:50:00.000Z,2026-10-10 15:50:00
2026-10-10,NKO002,เชียรใหญ่,นครศรีธรรมราช,-0.42,,77.56,เพิ่มขึ้น,-3.74,,,คงที่,8.089507,100.12789,2026-10-10T08:50:00.000Z,2026-10-10 15:50:00
2026-10-10,Z.58,สะพานอำเภอเขาสมิง,ตราด,2.39,,77.29,เพิ่มขึ้น,-2.11,,,คงที่,12.35731,102.4379,2026-10-10T09:00:00.000Z,2026-10-10 16:00:00
2026-10-10,Y.15,บ้านกง,สุโขทัย,7.51,,77.15,เพิ่มขึ้น,-2.81,181.3,36.85,เพิ่มขึ้น,16.92743,99.95943,2026-10-10T09:00:00.000Z,2026-10-10 16:00:00
2026-10-10,HDA012,สะพานแมน้ำปาสัก บ้านนาโฉง,สระบุรี,9.3,,77.03,ลดลง,-2.12,832.99,,ลดลง,14.546948,100.889786,2026-10-10T08:50:00.000Z,2026-10-10 15:50:00
2026-10-10,FOP041,คลองสุหงาบารู หมู่ที่ 4,ปัตตานี,2.29,,76.87,ลดลง,-4.47,,,คงที่,6.737101,101.27308,2026-10-10T08:50:00.000Z,2026-10-10 15:50:00
2026-10-10,CPY016,คลองพระยาบรรลือ,พระนครศรีอยุธยา,2.35,,76.87,เพิ่มขึ้น,-1.16,,,คงที่,14.16479,100.30723,2026-10-10T08:50:00.000Z,2026-10-10 15:50:00
2026-10-10,CPY002,พยุหะคีรี,นครสวรรค์,18.72,,76.56,ลดลง,-2.61,,,คงที่,15.42655,100.13471,2026-10-10T08:50:00.000Z,2026-10-10 15:50:00
2026-10-10,HDA011,สะพานคลองส่งน้ำชลประทาน บ้านสร่างโศก,สระบุรี,9.66,,76.37,ลดลง,-1.84,351.79,,ลดลง,14.650724,100.742714,2026-10-10T08:50:00.000Z,2026-10-10 15:50:00
2026-10-10,BKK002,คลองเปรมประชากร หลักหก,ปทุมธานี,0.66,,76.09,ลดลง,-0.64,,,คงที่,13.96562,100.60259,2026-10-10T08:50:00.000Z,2026-10-10 15:50:00
2026-10-10,TCP012,เสนา (ทุ่งบางบาล-บ้านแพน),พระนครศรีอยุธยา,2.28,,76.0,ลดลง,-0.72,,,คงที่,14.327802,100.40543,2026-10-10T08:50:00.000Z,2026-10-10 15:50:00
2026-10-10,M.104,บ้านวังปลัด,บุรีรัมย์,6.7,,75.76,เพิ่มขึ้น,-2.80,278.0,39.15,เพิ่มขึ้น,15.43527,103.01263,2026-10-10T09:00:00.000Z,2026-10-10 16:00:00
2026-10-10,SVI001,สวี 1,ชุมพร,1.39,,75.7,ลดลง,-1.52,,,คงที่,10.231191,99.098465,2026-10-10T08:50:00.000Z,2026-10-10 15:50:00
2026-10-10,NAN008,ชุมแสง,นครสวรรค์,25.07,,75.31,ลดลง,-2.90,,,คงที่,15.86923,100.26481,2026-10-10T08:50:00.000Z,2026-10-10 15:50:00
2026-10-10,TTr3,บ้านวังปราง,นครศรีธรรมราช,6.290001,,75.11,เพิ่มขึ้น,-8.71,,,คงที่,8.025506,99.631516,2026-10-10T09:45:00.000Z,2026-10-10 16:45:00
2026-10-10,ONE011,ปตร.บ้านนาคู่-เหนือน้ำ,นครพนม,142.52,,74.92,ลดลง,-2.23,,,คงที่,16.96218,104.52514,2026-10-10T08:50:00.000Z,2026-10-10 15:50:00
2026-10-10,BKK021,คลองลาดพร้าว วัดบางบัว,กรุงเทพมหานคร,1.56,,74.78,ลดลง,-0.64,,,คงที่,13.854033,100.587265,2026-10-10T08:50:00.000Z,2026-10-10 15:50:00
2026-10-10,S.32,สถานีแพดับเพลิง,สระบุรี,9.89,,74.56,ลดลง,-2.91,456.0,54.03,ลดลง,14.55752,100.92422,2026-10-10T09:00:00.000Z,2026-10-10 16:00:00
2026-10-10,PYO003,สะพานบ้านต๋ำ,พะเยา,391.91,,74.29,ลดลง,-0.72,,,คงที่,19.218225,99.86268,2026-10-10T08:50:00.000Z,2026-10-10 15:50:00
2026-10-10,Kgt.13A,บ้านโนนสุขภูมิ,ปราจีนบุรี,13.32,,74.14,ลดลง,-2.85,227.8,66.61,ลดลง,13.91009,101.83821,2026-10-10T09:00:00.000Z,2026-10-10 16:00:00
2026-10-10,TON001,ตาพระยา,สระแก้ว,58.1,,74.05,ลดลง,-0.84,,,คงที่,14.051245,102.88538,2026-10-10T08:50:00.000Z,2026-10-10 15:50:00
2026-10-10,FOP014,สะพานลำน้ำยาม,สกลนคร,149.67,,74.04,เพิ่มขึ้น,-2.82,,,คงที่,17.594927,103.96947,2026-10-10T08:50:00.000Z,2026-10-10 15:50:00
2026-10-10,TS.10,เหนือเขื่อนป่าสัก,ลพบุรี,41.92,,73.83,ลดลง,-4.58,,,คงที่,14.848254,101.0902,2026-10-10T09:45:00.000Z,2026-10-10 16:45:00
2026-10-10,K.55A,สะพานค่ายหลวง,ราชบุรี,6.5,,73.77,ลดลง,-2.50,950.0,54.91,ลดลง,13.80568,99.87159,2026-10-10T09:00:00.000Z,2026-10-10 16:00:00
2026-10-10,C.2,ค่ายจิรประวัติ,นครสวรรค์,22.44,,73.67,ลดลง,-3.26,1893.0,50.68,ลดลง,15.67059,100.10936,2026-10-10T09:00:00.000Z,2026-10-10 16:00:00
2026-10-10,E.23,บ้านค่าย,ชัยภูมิ,6.97,,73.6,ลดลง,-2.03,131.84,48.83,ลดลง,15.68176,102.00955,2026-10-10T09:00:00.000Z,2026-10-10 16:00:00
2026-10-10,TTC02,ปตร.ท่าโบสถ์,ชัยนาท,7.06,,73.39,เพิ่มขึ้น,-2.56,,,คงที่,15.05395,100.01206,2026-10-10T09:45:00.000Z,2026-10-10 16:45:00
2026-10-10,URTU03,ลำพะเนียง อ.เมือง,หนองบัวลำภู,208.29,,73.39,ลดลง,-1.85,41.69,,ลดลง,17.182447,102.43194,2026-10-10T08:00:00.000Z,2026-10-10 15:00:00
2026-10-10,TBW033,ลำเซบาย,ยโสธร,143.48,,73.08,ลดลง,-1.18,,,คงที่,16.195423,104.52569,2026-10-10T08:50:00.000Z,2026-10-10 15:50:00
2026-10-10,TPB16,สถานีเขื่อนเพชร (เหนือน้ำ),เพชรบุรี,18.61,,72.88,ลดลง,-3.39,,,คงที่,12.912,99.8546,2026-10-10T09:45:00.000Z,2026-10-10 16:45:00
2026-10-10,M.7,สะพานเสรีประชาธิปไตย,อุบลราชธานี,3.84,,72.71,ลดลง,-3.16,816.2,35.49,ลดลง,15.22263,104.85913,2026-10-10T09:00:00.000Z,2026-10-10 16:00:00
2026-10-10,Ct.2A,บ้านหาดทนง,อุทัยธานี,18.59,,72.61,ลดลง,-2.75,,,คงที่,15.41085,100.05707,2026-10-10T09:00:00.000Z,2026-10-10 16:00:00
2026-10-10,TP.111,บ้านวังชะโอน,กำแพงเพชร,3.5999985,,72.58,ลดลง,-1.50,,,คงที่,16.703333,99.43528,2026-10-10T09:45:00.000Z,2026-10-10 16:45:00
2026-10-10,KWN001,นครไทย,พิษณุโลก,200.7,,72.38,ลดลง,-1.49,,,คงที่,17.10701,100.84587,2026-10-10T08:50:00.000Z,2026-10-10 15:50:00
2026-10-10,Z.11,บ้านเขาวังไทร,ระยอง,4.86,,72.11,ลดลง,-1.67,88.05,52.41,ลดลง,12.85783,101.61574,2026-10-10T09:00:00.000Z,2026-10-10 16:00:00
2026-10-10,RAJ001,โพธาราม,ราชบุรี,3.4,,72.06,ลดลง,-2.52,,,คงที่,13.63307,99.81636,2026-10-10T08:50:00.000Z,2026-10-10 15:50:00
2026-10-10,TX.139B,บ้านปากแครง,ตรัง,25.84,,71.78,ลดลง,-10.16,,,คงที่,7.314746,99.8254,2026-10-10T09:30:00.000Z,2026-10-10 16:30:00
2026-10-10,MOU368,สะพานน้ำปี้ เชียงม่วน,พะเยา,258.36,,71.74,ลดลง,-1.53,,,คงที่,18.88195,100.28276,2026-10-10T08:50:00.000Z,2026-10-10 15:50:00
2026-10-10,Y.51,บ้านท่าแห,พิษณุโลก,9.05,,71.73,ลดลง,-4.64,,,คงที่,16.65573,100.19112,2026-10-10T09:00:00.000Z,2026-10-10 16:00:00
2026-10-10,Tpat.1,ปากแม่น้ำปัตตานี,ปัตตานี,2.08,,71.72,ลดลง,-0.82,,,คงที่,6.895837,101.25107,2026-10-10T09:45:00.000Z,2026-10-10 16:45:00
2026-10-10,Kh.74,บ้านท่าห้วยหลัว,สกลนคร,6.76,,71.65,ลดลง,-2.74,79.8,31.92,ลดลง,17.82162,103.38693,2026-10-10T09:00:00.000Z,2026-10-10 16:00:00
2026-10-10,M.186,บ้านโนนคอย,นครราชสีมา,3.23,,71.58,ลดลง,-1.37,24.5,22.27,ลดลง,15.06611,102.4025,2026-10-10T09:00:00.000Z,2026-10-10 16:00:00
2026-10-10,T.ChongKhaeRegulator,T.ปตร.ช่องแค,นครสวรรค์,13.58,,71.4,ลดลง,-1.53,,,คงที่,15.145483,100.41172,2026-10-10T09:45:00.000Z,2026-10-10 16:45:00
2026-10-10,X.233,บ้านไสหาร,นครศรีธรรมราช,15.49,,71.38,ลดลง,-6.21,44.53,18.33,ลดลง,7.90741,99.54239,2026-10-10T09:00:00.000Z,2026-10-10 16:00:00
2026-10-10,STU002,ละงู,สตูล,0.51,,71.31,ลดลง,-3.71,,,คงที่,6.885762,99.80429,2026-10-10T08:50:00.000Z,2026-10-10 15:50:00
2026-10-10,S.42,บ้านบ่อวัง,เพชรบูรณ์,8.64,,71.18,ลดลง,-2.36,129.2,51.68,ลดลง,15.5783,101.08862,2026-10-10T09:00:00.000Z,2026-10-10 16:00:00
2026-10-10,Y.17,สามง่าม,พิจิตร,4.35,,70.68,ลดลง,-2.41,,,คงที่,16.50744,100.20409,2026-10-10T09:00:00.000Z,2026-10-10 16:00:00
2026-10-10,URTU09,น้ำพรม อ.เกษตรสมบูรณ์,ชัยภูมิ,224.34,,70.49,ลดลง,-1.05,13.49,,ลดลง,16.309406,101.97177,2026-10-10T08:00:00.000Z,2026-10-10 15:00:00
2026-10-10,TSK.15,วัดโคกหม้อ,อุทัยธานี,6.5999985,,70.36,ลดลง,-2.78,,,คงที่,15.534278,99.899086,2026-10-10T09:45:00.000Z,2026-10-10 16:45:00
2026-10-10,K.56A,สะพานบ้านหม้อ-สร้อยฟ้า ,ราชบุรี,7.25,,70.33,ลดลง,-3.05,980.5,52.43,ลดลง,13.74118,99.84294,2026-10-10T09:00:00.000Z,2026-10-10 16:00:00
2026-10-10,K.3A,สะพานข้ามแม่น้ำแม่กลองหน้าศาลากลางจ.กาญจนบุรี,กาญจนบุรี,8.22,,70.29,ลดลง,-3.58,,,คงที่,13.99597,99.53882,2026-10-10T09:00:00.000Z,2026-10-10 16:00:00
2026-10-10,Z.57,สะพานวัดจันทนาราม,จันทบุรี,0.95,,70.18,เพิ่มขึ้น,-2.49,,,คงที่,12.61359,102.11411,2026-10-10T09:00:00.000Z,2026-10-10 16:00:00
2026-10-10,SWR025,ฝายคลองท่าเลา,นครศรีธรรมราช,122.82,,70.11,ลดลง,-0.99,,,คงที่,8.232547,99.70778,2026-10-10T08:30:00.000Z,2026-10-10 15:30:00
2026-10-10,VLGE16,ชุมชนลีเล็ด,สุราษฎร์ธานี,0.54,,70.03,ลดลง,-1.45,,,คงที่,9.191665,99.253815,2026-10-10T08:50:00.000Z,2026-10-10 15:50:00
2026-10-10,ONE025,สะพานข้ามคลองลำปำ,พัทลุง,0.28,,69.87,เพิ่มขึ้น,-1.09,,,คงที่,7.622818,100.14691,2026-10-10T08:50:00.000Z,2026-10-10 15:50:00
2026-10-10,NAN007,ตะพานหิน,พิจิตร,30.36,,69.52,ลดลง,-3.80,,,คงที่,16.27034,100.41396,2026-10-10T08:50:00.000Z,2026-10-10 15:50:00
2026-10-10,Kgt.12A,บ้านแก้ง,สระแก้ว,5.97,,69.38,ลดลง,-2.60,68.0,58.62,ลดลง,13.93635,101.97232,2026-10-10T09:00:00.000Z,2026-10-10 16:00:00
2026-10-10,YOM009,โพธิ์ประทับช้าง,พิจิตร,32.14,,69.32,ลดลง,-2.64,,,คงที่,16.31077,100.27173,2026-10-10T08:50:00.000Z,2026-10-10 15:50:00
2026-10-10,B.3A,บ้านสองพี่น้อง,เพชรบุรี,2.65,,69.3,ลดลง,-1.75,101.5,39.04,ลดลง,12.86361,99.6785,2026-10-10T09:00:00.000Z,2026-10-10 16:00:00
2026-10-10,N.7A,บ้านราชช้างขวัญ,พิจิตร,5.95,,69.21,ลดลง,-3.92,517.2,51.88,ลดลง,16.4695,100.33087,2026-10-10T09:00:00.000Z,2026-10-10 16:00:00
2026-10-10,M.95A,บ้านดอนยาง,ร้อยเอ็ด,5.01,,68.89,เพิ่มขึ้น,-2.29,6.2,4.43,เพิ่มขึ้น,15.57186,103.81985,2026-10-10T09:00:00.000Z,2026-10-10 16:00:00
2026-10-10,TE.100,ฝายมหาสารคาม (บ้านคุยเชือก),มหาสารคาม,8.789993,,68.88,เพิ่มขึ้น,-3.57,,,คงที่,16.369066,102.94783,2026-10-10T09:45:00.000Z,2026-10-10 16:45:00
2026-10-10,RPBRPBD14,สะพานจุลจอมเกล้า อ.พุนพิน (X.5C),สุราษฎร์ธานี,1.15,,68.86,เพิ่มขึ้น,-4.96,,,คงที่,9.113061,99.22375,2026-10-10T08:00:00.000Z,2026-10-10 15:00:00
2026-10-10,TPI002,พุนพิน 2,สุราษฎร์ธานี,0.85,,68.73,เพิ่มขึ้น,-2.78,,,คงที่,9.085804,99.170044,2026-10-10T08:50:00.000Z,2026-10-10 15:50:00
2026-10-10,TBW027,ลำน้ำอูน,สกลนคร,152.76,,68.46,ลดลง,-2.09,,,คงที่,17.322672,103.97925,2026-10-10T08:50:00.000Z,2026-10-10 15:50:00
2026-10-10,BKK018,คลองพระพิมล (ไทรน้อย),นนทบุรี,2.12,,68.39,คงที่,-1.92,,,คงที่,13.97401,100.319,2026-10-10T08:50:00.000Z,2026-10-10 15:50:00
2026-10-10,N.36,บ้านหนองกระท้าว,พิษณุโลก,5.0,,68.34,ลดลง,-3.50,24.51,21.88,ลดลง,17.0851,100.82467,2026-10-10T09:00:00.000Z,2026-10-10 16:00:00
2026-10-10,K.54,สะพานรถยนต์บ้านลิ่นถิ่น,กาญจนบุรี,5.36,,68.15,ลดลง,-2.64,612.2,56.69,ลดลง,14.53557,98.78765,2026-10-10T09:00:00.000Z,2026-10-10 16:00:00
2026-10-10,TSK.13,อบต.ศาลเจ้าไก่ต่อ,นครสวรรค์,2.25,,67.77,เพิ่มขึ้น,-1.07,,,คงที่,15.773471,99.66709,2026-10-10T09:45:00.000Z,2026-10-10 16:45:00
2026-10-10,E.9,บ้านท่านางเลื่อน,ขอนแก่น,6.86,,67.68,ลดลง,-4.14,79.14,16.49,ลดลง,16.09694,102.57002,2026-10-10T09:00:00.000Z,2026-10-10 16:00:00
2026-10-10,MOU385,สะพานคลองท่าสะแก,พิษณุโลก,186.82,,67.64,ลดลง,-1.63,,,คงที่,17.253153,100.62827,2026-10-10T08:50:00.000Z,2026-10-10 15:50:00
2026-10-10,CHN005,นายายอาม,จันทบุรี,2.1,,67.6,ลดลง,-2.18,,,คงที่,12.722433,101.95606,2026-10-10T08:50:00.000Z,2026-10-10 15:50:00
2026-10-10,X.273,บ้านปายอยือนิ ,ยะลา,11.14,,67.52,ลดลง,-5.36,,,คงที่,6.47977,101.44474,2026-10-10T09:00:00.000Z,2026-10-10 16:00:00
2026-10-10,TTR.03,บ้านปลายคลอง,ตราด,4.7,,67.14,คงที่,-2.30,,,คงที่,12.260545,102.46482,2026-10-10T09:45:00.000Z,2026-10-10 16:45:00
2026-10-10,X.217,บ้านเคียนซา,สุราษฎร์ธานี,1.5,,67.08,เพิ่มขึ้น,-4.60,172.0,12.29,เพิ่มขึ้น,8.84753,99.19886,2026-10-10T09:00:00.000Z,2026-10-10 16:00:00
2026-10-10,VLGE20,ศาลาดิน,นครปฐม,0.88,,67.03,ลดลง,-1.43,,,คงที่,13.8078,100.27416,2026-10-10T08:50:00.000Z,2026-10-10 15:50:00
2026-10-10,MKSND05,วัดหนองปรือ,กาญจนบุรี,128.48,,66.82,ลดลง,-1.70,6.83,,ลดลง,14.609306,99.457695,2026-10-10T08:00:00.000Z,2026-10-10 15:00:00
2026-10-10,RPBRPBD07,สะพานสิริกฤตานุกุล์ (บ้านท่านหญิง)อ.วิภาวดี ,สุราษฎร์ธานี,32.79,,66.82,เพิ่มขึ้น,-2.09,,,คงที่,9.24312,98.91925,2026-10-10T08:00:00.000Z,2026-10-10 15:00:00
2026-10-10,TS.23,คลองส้ม,ลพบุรี,2.790001,,66.59,คงที่,-1.40,,,คงที่,14.822028,101.014595,2026-10-10T09:45:00.000Z,2026-10-10 16:45:00
2026-10-10,TSW.01,อ่างเก็บน้ำห้วยแม่สอด,ตาก,4.6100006,,66.51,ลดลง,-5.09,,,คงที่,16.709246,98.61583,2026-10-10T09:45:00.000Z,2026-10-10 16:45:00
2026-10-10,RAJ002,บ้านโป่ง,ราชบุรี,6.39,,66.38,ลดลง,-3.17,,,คงที่,13.81859,99.86503,2026-10-10T08:50:00.000Z,2026-10-10 15:50:00
2026-10-10,K.37,บ้านวังเย็น,กาญจนบุรี,7.13,,66.32,ลดลง,-4.52,794.02,41.57,ลดลง,13.93906,99.41625,2026-10-10T09:00:00.000Z,2026-10-10 16:00:00
2026-10-10,TNG003,คลองนางน้อย,ตรัง,15.87,,66.29,ลดลง,-0.95,,,คงที่,7.568062,99.65104,2026-10-10T08:50:00.000Z,2026-10-10 15:50:00
2026-10-10,TS.4,เพชรบูรณ์,เพชรบูรณ์,3.0800018,,65.96,ลดลง,-2.10,,,คงที่,16.365005,101.155815,2026-10-10T09:45:00.000Z,2026-10-10 16:45:00
2026-10-10,FOP038,สะพานบ้านแหลมโตนด,พัทลุง,2.69,,65.84,เพิ่มขึ้น,-1.25,,,คงที่,7.817578,100.047485,2026-10-10T08:50:00.000Z,2026-10-10 15:50:00
2026-10-10,SKE001,คลองพระปรง,สระแก้ว,16.37,,65.56,ลดลง,-3.24,,,คงที่,13.9374,101.92199,2026-10-10T08:50:00.000Z,2026-10-10 15:50:00
2026-10-10,MKSND02,บ้านหนองบัว (K.35A),กาญจนบุรี,25.21,,65.41,ลดลง,-1.82,173.08,,ลดลง,14.06024,99.44414,2026-10-10T08:00:00.000Z,2026-10-10 15:00:00
2026-10-10,CHI005,ชนบท,ขอนแก่น,157.38,,65.35,ลดลง,-4.20,,,คงที่,16.096876,102.57001,2026-10-10T08:50:00.000Z,2026-10-10 15:50:00
2026-10-10,Z.62,บ้านค่าย,ระยอง,4.35,,65.23,ลดลง,-2.50,47.6,32.83,ลดลง,12.78358,101.29594,2026-10-10T09:00:00.000Z,2026-10-10 16:00:00
2026-10-10,B.9,บ้านสาระเห็ด,เพชรบุรี,3.96,,65.16,ลดลง,-2.24,97.9,32.63,ลดลง,12.80623,99.77057,2026-10-10T09:00:00.000Z,2026-10-10 16:00:00
2026-10-10,Pr.1,บ้านเขาน้อย,ประจวบคีรีขันธ์,4.54,,65.03,ลดลง,-3.46,,,คงที่,12.38995,99.91125,2026-10-10T09:00:00.000Z,2026-10-10 16:00:00
2026-10-10,TP.107,บ้านคลองสีนวล,กำแพงเพชร,3.170002,,65.0,ลดลง,-1.61,,,คงที่,16.343056,99.59839,2026-10-10T09:45:00.000Z,2026-10-10 16:45:00
2026-10-10,CHN001,เมืองจันทบุรี,จันทบุรี,0.77,,64.89,เพิ่มขึ้น,-2.48,,,คงที่,12.613584,102.11407,2026-10-10T08:50:00.000Z,2026-10-10 15:50:00
2026-10-10,B.18,เขาลูกช้าง,เพชรบุรี,4.71,,64.86,ลดลง,-2.29,118.15,40.74,ลดลง,12.81337,99.79402,2026-10-10T09:00:00.000Z,2026-10-10 16:00:00
2026-10-10,TTr4,บ้านปากมูด,นครศรีธรรมราช,3.9799995,,64.81,เพิ่มขึ้น,-11.02,,,คงที่,7.978436,99.60411,2026-10-10T09:45:00.000Z,2026-10-10 16:45:00
2026-10-10,MOU226,สะพานน้ำชี,ชัยภูมิ,228.32,,64.81,ลดลง,-3.38,,,คงที่,16.15583,101.65372,2026-10-10T08:50:00.000Z,2026-10-10 15:50:00
2026-10-10,THA001,สะพานคง-ศุข ศรีสวัสดิ์,ชัยนาท,16.1,,64.68,ลดลง,-3.31,,,คงที่,15.22497,100.07823,2026-10-10T08:50:00.000Z,2026-10-10 15:50:00
2026-10-10,ONE036,สะพานเทพาสันติสุข,สงขลา,0.32,,64.65,ลดลง,-2.11,,,คงที่,6.825131,100.972626,2026-10-10T08:50:00.000Z,2026-10-10 15:50:00
2026-10-10,E.20A,บ้านฟ้าหยาด,ยโสธร,5.63,,64.24,ลดลง,-4.37,375.67,34.15,ลดลง,15.52481,104.24966,2026-10-10T09:00:00.000Z,2026-10-10 16:00:00
2026-10-10,TUP.22,สถานีฝายวังปาน,เชียงใหม่,272.93,,64.07,เพิ่มขึ้น,-3.51,,,คงที่,18.405083,98.702805,2026-10-10T09:45:00.000Z,2026-10-10 16:45:00
2026-10-10,ONE039,สะพานข้ามคลองระโนด,สงขลา,0.28,,64.03,ลดลง,-0.90,,,คงที่,7.7699,100.302086,2026-10-10T08:50:00.000Z,2026-10-10 15:50:00
2026-10-10,Ny.3,บ้านป่าขะ,นครนายก,4.19,,63.93,คงที่,-2.07,10.45,14.51,คงที่,14.28644,101.07047,2026-10-10T09:00:00.000Z,2026-10-10 16:00:00
2026-10-10,M.42,บ้านห้วยทับทัน,สุรินทร์,4.84,,63.77,ลดลง,-3.46,37.0,24.50,ลดลง,15.04821,104.02097,2026-10-10T09:00:00.000Z,2026-10-10 16:00:00
2026-10-10,RPBRPBD09,สะพานท่าผาก อ.พุนพิน จ.สุราษฎร์ธานี,สุราษฎร์ธานี,1.44,,63.56,เพิ่มขึ้น,-2.83,,,คงที่,9.063301,99.09333,2026-10-10T08:00:00.000Z,2026-10-10 15:00:00
2026-10-10,TP.101,บ้านโป่งน้ำร้อน,กำแพงเพชร,1.9800034,,63.47,ลดลง,-1.79,,,คงที่,16.332056,99.31694,2026-10-10T09:45:00.000Z,2026-10-10 16:45:00
2026-10-10,TS.22,ฝายคลองสุคต,สระบุรี,2.1800003,,63.37,ลดลง,-1.26,,,คงที่,14.863621,101.11996,2026-10-10T09:45:00.000Z,2026-10-10 16:45:00
2026-10-10,YOM012,เมืองสุโขทัย,สุโขทัย,48.38,,63.25,ลดลง,-3.60,,,คงที่,17.02127,99.81973,2026-10-10T08:50:00.000Z,2026-10-10 15:50:00
2026-10-10,M.32,บ้านเชียงเพ็ง,ยโสธร,4.15,,63.18,ลดลง,-4.05,22.5,3.33,ลดลง,15.84008,104.4557,2026-10-10T09:00:00.000Z,2026-10-10 16:00:00
2026-10-10,M.9,ชุมชนสะพานขาว,ศรีสะเกษ,5.71,,63.16,ลดลง,-3.29,34.85,17.42,ลดลง,15.11808,104.31864,2026-10-10T09:00:00.000Z,2026-10-10 16:00:00
2026-10-10,Ct.4,บ้านศาลเจ้าไก่ต่อ,นครสวรรค์,69.47,,62.96,ลดลง,-2.20,32.0,16.24,ลดลง,15.78585,99.67833,2026-10-10T09:00:00.000Z,2026-10-10 16:00:00
2026-10-10,FOP062,บ้านคลองใส หมู่ที่ 8,สุราษฎร์ธานี,121.82,,62.91,ลดลง,-2.15,,,คงที่,9.314678,98.88985,2026-10-10T08:50:00.000Z,2026-10-10 15:50:00
2026-10-10,Z.64,ตำบลท่าหลวง,จันทบุรี,3.48,,62.72,เพิ่มขึ้น,-3.73,92.6,17.05,เพิ่มขึ้น,12.657201,102.15439,2026-10-10T09:00:00.000Z,2026-10-10 16:00:00
2026-10-10,Y.4,ต.ธานี,สุโขทัย,4.6,,62.67,ลดลง,-3.55,165.3,32.41,ลดลง,17.00636,99.82211,2026-10-10T09:00:00.000Z,2026-10-10 16:00:00
2026-10-10,MITP01,สะพานข้ามลำน้ำเชิญ (มิตรผลหนองเรือ),ขอนแก่น,180.95,,62.55,ลดลง,-1.91,,,คงที่,16.48885,102.419075,2026-10-10T08:50:00.000Z,2026-10-10 15:50:00
2026-10-10,BKK019,คลองนราภิรมย์ (บางเลน),นครปฐม,1.88,,62.54,คงที่,-2.08,,,คงที่,13.88211,100.29086,2026-10-10T08:50:00.000Z,2026-10-10 15:50:00
2026-10-10,X.119A,บริเวณสะพานลันตู,นราธิวาส,5.79,,62.26,เพิ่มขึ้น,-3.51,87.6,27.99,เพิ่มขึ้น,6.02261,101.97489,2026-10-10T09:00:00.000Z,2026-10-10 16:00:00
2026-10-10,NAN013,วังทอง,พิษณุโลก,45.12,,62.13,ลดลง,-4.12,,,คงที่,16.822176,100.43156,2026-10-10T08:50:00.000Z,2026-10-10 15:50:00
2026-10-10,E.97,บ้านดอนขยอม,ร้อยเอ็ด,7.0,,62.04,ลดลง,-5.50,230.0,19.17,ลดลง,15.73111,104.13098,2026-10-10T09:00:00.000Z,2026-10-10 16:00:00
2026-10-10,M.190,บ้านเขวา,ศรีสะเกษ,5.11,,61.98,เพิ่มขึ้น,-2.49,26.8,12.24,เพิ่มขึ้น,15.01052,104.12845,2026-10-10T09:00:00.000Z,2026-10-10 16:00:00
2026-10-10,Gt.21,บ้านพงศ์ประศาสน์,ประจวบคีรีขันธ์,2.64,,61.72,เพิ่มขึ้น,-3.36,,,คงที่,11.20312,99.50851,2026-10-10T09:00:00.000Z,2026-10-10 16:00:00
2026-10-10,TBW025,คลองปาว,กาฬสินธุ์,130.17,,61.38,ลดลง,-3.08,,,คงที่,16.2593,103.69052,2026-10-10T08:50:00.000Z,2026-10-10 15:50:00
2026-10-10,TBW026,ห้วยยัง,กาฬสินธุ์,159.46,,61.27,ลดลง,-2.72,,,คงที่,16.60361,103.96229,2026-10-10T08:50:00.000Z,2026-10-10 15:50:00
2026-10-10,TPN13,บ้านการะเกด,นครศรีธรรมราช,0.41,,61.15,เพิ่มขึ้น,-2.09,,,คงที่,8.085369,100.1324,2026-10-10T09:45:00.000Z,2026-10-10 16:45:00
2026-10-10,FOP015,ลำน้ำกวงสะพานศรีดอนชัย,ลำพูน,291.8,,61.03,ลดลง,-2.54,,,คงที่,18.653326,99.06441,2026-10-10T08:50:00.000Z,2026-10-10 15:50:00
2026-10-10,M.195,บ้านสัมฤทธิ์,นครราชสีมา,3.95,,60.96,ลดลง,-2.85,65.0,20.31,ลดลง,15.20926,102.39295,2026-10-10T09:00:00.000Z,2026-10-10 16:00:00
2026-10-10,TKS.120,บ้านโป่งเปื่อย,บึงกาฬ,2.7100067,,60.72,ลดลง,-3.39,,,คงที่,18.314566,103.52555,2026-10-10T09:30:00.000Z,2026-10-10 16:30:00
2026-10-10,CHM003,แม่อาย,เชียงใหม่,445.89,,60.71,ลดลง,-3.87,,,คงที่,20.060944,99.36204,2026-10-10T08:50:00.000Z,2026-10-10 15:50:00
2026-10-10,KRN001,เมืองกาญจนบุรี,กาญจนบุรี,23.55,,60.54,ลดลง,-2.13,,,คงที่,14.06046,99.48326,2026-10-10T08:50:00.000Z,2026-10-10 15:50:00
2026-10-10,TBW023,คลองแม่พุง,เชียงราย,382.43,,60.53,ลดลง,-2.00,,,คงที่,19.566793,99.98465,2026-10-10T08:50:00.000Z,2026-10-10 15:50:00
2026-10-10,S.9,บ้านป่า,สระบุรี,14.16,,60.26,ลดลง,-5.79,446.0,36.59,ลดลง,14.62918,101.01443,2026-10-10T09:00:00.000Z,2026-10-10 16:00:00
2026-10-10,M.174,บ้านโนนสมบูรณ์,นครราชสีมา,3.39,,59.92,คงที่,-3.11,2.9,0.86,คงที่,15.51345,102.84383,2026-10-10T09:00:00.000Z,2026-10-10 16:00:00
2026-10-10,K.35A,บ้านหนองบัว,กาญจนบุรี,3.68,,59.72,ลดลง,-1.82,169.6,38.55,ลดลง,14.05861,99.44522,2026-10-10T09:00:00.000Z,2026-10-10 16:00:00
2026-10-10,M.182,บ้านสีถาน,ศรีสะเกษ,6.22,,59.59,เพิ่มขึ้น,-4.38,529.6,33.73,เพิ่มขึ้น,15.13208,104.4884,2026-10-10T09:00:00.000Z,2026-10-10 16:00:00
2026-10-10,TM.182,TM.182,ศรีสะเกษ,6.0999985,,59.48,เพิ่มขึ้น,-4.40,,,คงที่,15.134648,104.510025,2026-10-10T09:45:00.000Z,2026-10-10 16:45:00
2026-10-10,TP.96,บ้านใหม่เสรีธรรม,กำแพงเพชร,1.7400055,,59.33,ลดลง,-1.09,,,คงที่,16.533264,99.2288,2026-10-10T09:45:00.000Z,2026-10-10 16:45:00
2026-10-10,TY.50,ห้วยแม่ลาน เทศบาลแม่ลานนา,แพร่,2.6600037,,59.26,คงที่,-1.76,,,คงที่,18.06887,99.84226,2026-10-10T09:30:00.000Z,2026-10-10 16:30:00
2026-10-10,SLA007,บางกล่ำ,สงขลา,0.23,,59.11,ลดลง,-1.36,,,คงที่,7.079437,100.42788,2026-10-10T08:50:00.000Z,2026-10-10 15:50:00
2026-10-10,PIN007,สะพานแม่น้ำทา,ลำพูน,440.0,,59.03,ลดลง,-1.60,,,คงที่,18.546862,99.25004,2026-10-10T08:50:00.000Z,2026-10-10 15:50:00
2026-10-10,X.272A,บ้านลาคอ,ปัตตานี,0.26,,59.01,ลดลง,-3.34,,,คงที่,6.67571,101.60665,2026-10-10T09:00:00.000Z,2026-10-10 16:00:00
2026-10-10,Kgt.34,บ้านวังหมัน,ปราจีนบุรี,3.63,,58.82,ลดลง,-3.93,89.5,21.11,ลดลง,14.10461,101.74418,2026-10-10T09:00:00.000Z,2026-10-10 16:00:00
2026-10-10,VLGE12,สะพานนครป่าหมากร่วมใจ,พิษณุโลก,34.31,,58.8,ลดลง,-3.89,,,คงที่,16.609,100.3698,2026-10-10T08:50:00.000Z,2026-10-10 15:50:00
2026-10-10,TS.16,คลองปู่เจ้า,เพชรบูรณ์,3.0699997,,58.7,ลดลง,-1.71,,,คงที่,16.146187,101.08415,2026-10-10T09:45:00.000Z,2026-10-10 16:45:00
2026-10-10,TSL02,สถานีโรงสูบน้ำระโนด,สงขลา,0.2,,58.67,ลดลง,-1.55,,,คงที่,7.793278,100.25796,2026-10-10T09:45:00.000Z,2026-10-10 16:45:00
2026-10-10,TSL04,สถานีบ้านลำปำ,พัทลุง,0.02,,58.67,เพิ่มขึ้น,-2.48,,,คงที่,7.63292,100.153,2026-10-10T09:45:00.000Z,2026-10-10 16:45:00
2026-10-10,CHI011,เขื่องใน,อุบลราชธานี,111.99,,58.67,ลดลง,-4.81,,,คงที่,15.322514,104.546524,2026-10-10T08:50:00.000Z,2026-10-10 15:50:00
2026-10-10,P.26A,คลองสวนหมาก,กำแพงเพชร,1.13,,58.6,ลดลง,-3.87,21.03,6.26,ลดลง,16.45741,99.45606,2026-10-10T09:00:00.000Z,2026-10-10 16:00:00
2026-10-10,TTr14,วัดนาเมืองเพชร,ตรัง,4.01,,58.54,คงที่,-2.84,,,คงที่,7.547547,99.51014,2026-10-10T09:45:00.000Z,2026-10-10 16:45:00
2026-10-10,TBW008,ฝ่ายส่งน้ำและบำรุงรักษาที่ 2,เชียงใหม่,320.78,,58.5,ลดลง,-1.44,,,คงที่,18.884916,99.081436,2026-10-10T08:50:00.000Z,2026-10-10 15:50:00
2026-10-10,STU001,เมืองสตูล,สตูล,13.72,,58.45,ลดลง,-1.56,,,คงที่,6.726643,100.06259,2026-10-10T08:50:00.000Z,2026-10-10 15:50:00
2026-10-10,X.119,บ้านมูโน๊ะ,นราธิวาส,4.08,,58.29,ลดลง,-2.92,,,คงที่,6.07114,102.03588,2026-10-10T09:00:00.000Z,2026-10-10 16:00:00
2026-10-10,TNG002,เมืองตรัง,ตรัง,1.07,,58.21,ลดลง,-2.98,,,คงที่,7.5559,99.57821,2026-10-10T08:50:00.000Z,2026-10-10 15:50:00
2026-10-10,MOU384,สะพานพระร่วงข้ามน้ำแควน้อย,พิษณุโลก,183.69,,58.18,ลดลง,-7.14,,,คงที่,17.185362,100.68035,2026-10-10T08:50:00.000Z,2026-10-10 15:50:00
2026-10-10,MUN010,เมืองศรีสะเกษ,ศรีสะเกษ,114.5,,58.05,ลดลง,-3.68,,,คงที่,15.118101,104.318596,2026-10-10T08:50:00.000Z,2026-10-10 15:50:00
2026-10-10,N.24A,บ้านวังนกแอ่น,พิษณุโลก,6.86,,58.02,ลดลง,-4.64,90.85,27.61,ลดลง,16.84701,100.5121,2026-10-10T09:00:00.000Z,2026-10-10 16:00:00
2026-10-10,CHI003,เมืองชัยภูมิ,ชัยภูมิ,181.94,,57.91,ลดลง,-3.58,,,คงที่,15.681611,102.00953,2026-10-10T08:50:00.000Z,2026-10-10 15:50:00
2026-10-10,SKE002,เมืองสระแก้ว,สระแก้ว,30.33,,57.7,ลดลง,-4.43,,,คงที่,13.809581,102.05429,2026-10-10T08:50:00.000Z,2026-10-10 15:50:00
2026-10-10,M.26A,บ้านละลูน,บุรีรัมย์,5.47,,57.67,ลดลง,-3.53,42.46,35.38,ลดลง,14.87545,103.3788,2026-10-10T09:00:00.000Z,2026-10-10 16:00:00
2026-10-10,Z.38,บ้านเขาโบสถ์,ระยอง,0.98,,57.38,ลดลง,-1.52,10.7,19.81,ลดลง,12.737965,101.2284,2026-10-10T09:00:00.000Z,2026-10-10 16:00:00
2026-10-10,M.180,บ้านท่าเยี่ยม,นครราชสีมา,3.2,,57.25,คงที่,-2.30,,,คงที่,14.63599,101.8847,2026-10-10T09:00:00.000Z,2026-10-10 16:00:00
2026-10-10,KON003,สุวรรณคูหา,หนองบัวลำภู,198.0,,57.25,ลดลง,-2.18,,,คงที่,17.575733,102.27328,2026-10-10T08:50:00.000Z,2026-10-10 15:50:00
2026-10-10,CMP002,หลังสวน,ชุมพร,0.83,,57.23,ลดลง,-3.32,,,คงที่,9.953396,99.06441,2026-10-10T08:50:00.000Z,2026-10-10 15:50:00
2026-10-10,MOU167,สะพานน้ำแม่สรวย,เชียงราย,507.82,,57.13,เพิ่มขึ้น,-6.67,,,คงที่,19.72628,99.50745,2026-10-10T08:30:00.000Z,2026-10-10 15:30:00
2026-10-10,M.4,บ้านพงสวาย,สุรินทร์,4.1,,57.02,ลดลง,-4.10,297.0,22.85,ลดลง,15.32958,103.68261,2026-10-10T09:00:00.000Z,2026-10-10 16:00:00
2026-10-10,P.17,บ้านท่างิ้ว,นครสวรรค์,34.97,,56.96,ลดลง,-3.28,351.0,19.13,ลดลง,15.93539,99.97609,2026-10-10T09:00:00.000Z,2026-10-10 16:00:00
2026-10-10,M.6A,บ้านสตึก,สุรินทร์,3.64,,56.75,เพิ่มขึ้น,-4.36,157.4,12.69,เพิ่มขึ้น,15.30003,103.29228,2026-10-10T09:00:00.000Z,2026-10-10 16:00:00
2026-10-10,TP.106,บ้านคลองน้ำไหลใต้,กำแพงเพชร,2.4400024,,56.65,ลดลง,-1.14,,,คงที่,16.121721,99.37297,2026-10-10T09:45:00.000Z,2026-10-10 16:45:00
2026-10-10,TUP.10,สถานีแม่น้ำปิงที่ฝายหนองสลีก,ลำพูน,3.7200012,,56.62,ลดลง,-2.62,,,คงที่,18.525196,98.90216,2026-10-10T09:45:00.000Z,2026-10-10 16:45:00
2026-10-10,TP.99,วัดเขาแก้วสวรรค์,กำแพงเพชร,0.87000275,,56.14,ลดลง,-2.32,,,คงที่,16.406279,99.34961,2026-10-10T09:45:00.000Z,2026-10-10 16:45:00
2026-10-10,S.28,ท้ายเขื่อนป่าสักชลสิทธิ์,สระบุรี,24.23,,55.94,ลดลง,-7.23,364.0,30.74,ลดลง,14.83464,101.0843,2026-10-10T09:00:00.000Z,2026-10-10 16:00:00
2026-10-10,MOU015,สะพานห้วยแม่สาว,เชียงใหม่,459.62,,55.76,ลดลง,-2.48,,,คงที่,20.01403,99.266945,2026-10-10T08:50:00.000Z,2026-10-10 15:50:00
2026-10-10,MUN005,ราษีไศล,ศรีสะเกษ,114.04,,55.72,เพิ่มขึ้น,-4.08,,,คงที่,15.339514,104.15235,2026-10-10T08:50:00.000Z,2026-10-10 15:50:00
2026-10-10,TSK.9,ฝายทับเสลา,อุทัยธานี,2.1100006,,55.7,เพิ่มขึ้น,-2.41,,,คงที่,15.407623,99.714455,2026-10-10T09:45:00.000Z,2026-10-10 16:45:00
2026-10-10,X.180,สะพานเทศบาล 2,ชุมพร,0.32,,55.65,เพิ่มขึ้น,-3.18,,,คงที่,10.49706,99.17012,2026-10-10T09:00:00.000Z,2026-10-10 16:00:00
2026-10-10,P.50A,คลองวังเจ้า,กำแพงเพชร,2.24,,55.45,ลดลง,-1.46,27.61,22.63,ลดลง,16.53355,99.22884,2026-10-10T09:00:00.000Z,2026-10-10 16:00:00
2026-10-10,Y.33,บ้านคลองตาล,สุโขทัย,5.6,,55.44,ลดลง,-5.57,209.6,30.38,ลดลง,17.16888,99.86098,2026-10-10T09:00:00.000Z,2026-10-10 16:00:00
2026-10-10,DIV002,คลองผันน้ำยม-น่าน2,พิษณุโลก,40.88,,55.3,ลดลง,-3.54,,,คงที่,16.953888,100.12131,2026-10-10T08:50:00.000Z,2026-10-10 15:50:00
2026-10-10,FOP061,บ้านคลองวาย หมู่ที่ 7,สุราษฎร์ธานี,152.73,,55.28,ลดลง,-1.87,,,คงที่,9.36854,98.86751,2026-10-10T08:50:00.000Z,2026-10-10 15:50:00
2026-10-10,Ct.25,ท้ายเขื่อนวังร่มเกล้า,อุทัยธานี,24.93,,55.0,ลดลง,-5.04,,,คงที่,15.502823,99.96707,2026-10-09T23:00:00.000Z,2026-10-10 06:00:00
2026-10-10,B.16,สะพานบ้านลาด,เพชรบุรี,3.47,,54.93,ลดลง,-3.43,49.28,26.64,ลดลง,13.04917,99.91855,2026-10-10T09:00:00.000Z,2026-10-10 16:00:00
2026-10-10,TSL36,คลองห้วยเผยอ,พัทลุง,2.8700001,,54.69,เพิ่มขึ้น,-2.27,,,คงที่,7.277592,100.33808,2026-10-10T09:45:00.000Z,2026-10-10 16:45:00
2026-10-10,TRD002,ห้วยแร้ง,ตราด,-0.01,,54.65,ลดลง,-3.57,,,คงที่,12.36929,102.543365,2026-10-10T08:50:00.000Z,2026-10-10 15:50:00
2026-10-10,TTC10,วัดช่องลม,สมุทรสาคร,1.63,,54.33,เพิ่มขึ้น,-1.37,,,คงที่,13.530641,100.26538,2026-10-10T09:45:00.000Z,2026-10-10 16:45:00
2026-10-10,S.51,บ้านใหม่วังสีมา,เพชรบูรณ์,4.85,,54.3,ลดลง,-4.33,19.06,,ลดลง,16.11496,101.09702,2026-10-10T09:00:00.000Z,2026-10-10 16:00:00
2026-10-10,X.167,บ้านเสาธง,นครศรีธรรมราช,9.41,,54.16,เพิ่มขึ้น,-2.54,14.4,12.00,เพิ่มขึ้น,8.2801,99.90649,2026-10-10T09:00:00.000Z,2026-10-10 16:00:00
2026-10-10,X.186,บ้านตลาดเก่า,พังงา,-0.21,,54.15,ลดลง,-4.61,,,คงที่,8.82934,98.36924,2026-10-10T09:00:00.000Z,2026-10-10 16:00:00
2026-10-10,KRN002,ไทรโยค,กาญจนบุรี,38.95,,54.15,ลดลง,-7.57,,,คงที่,14.11265,99.14636,2026-10-10T08:50:00.000Z,2026-10-10 15:50:00
2026-10-10,Tpat.2,เทศบาลเมืองปัตตานี,ปัตตานี,1.2700001,,54.04,ลดลง,-1.08,,,คงที่,6.860409,101.25164,2026-10-10T09:45:00.000Z,2026-10-10 16:45:00
2026-10-10,TSW.03,ห้วยแม่สอด,ตาก,2.699997,,53.89,คงที่,-2.31,,,คงที่,16.716883,98.55886,2026-10-10T09:45:00.000Z,2026-10-10 16:45:00
2026-10-10,B.15,ข้างจวนผู้ว่าฯ,เพชรบุรี,2.55,,53.64,ลดลง,-2.55,,,คงที่,13.11125,99.94822,2026-10-10T09:00:00.000Z,2026-10-10 16:00:00
2026-10-10,TPN02,บ้านสองพี่น้อง,นครศรีธรรมราช,0.27,,53.54,เพิ่มขึ้น,-2.23,,,คงที่,8.301503,100.193085,2026-10-10T09:45:00.000Z,2026-10-10 16:45:00
2026-10-10,TBW032,ลำน้ำก่ำ,นครพนม,147.7,,53.43,ลดลง,-4.68,,,คงที่,17.029024,104.41203,2026-10-10T08:50:00.000Z,2026-10-10 15:50:00
2026-10-10,M.187,ศูนย์วิจัยและพัฒนาประมงน้ำจืดสุรินทร์,สุรินทร์,1.83,,53.42,เพิ่มขึ้น,-1.77,2.29,4.32,เพิ่มขึ้น,14.85738,103.47694,2026-10-10T09:00:00.000Z,2026-10-10 16:00:00
2026-10-10,TSN09,ประตูระบายน้ำหัววัง,ชุมพร,2.85,,53.35,เพิ่มขึ้น,-2.65,,,คงที่,10.556349,99.17725,2026-10-10T09:45:00.000Z,2026-10-10 16:45:00
2026-10-10,TTC01,ปตร.พลเทพ,ชัยนาท,-0.75,,53.09,ลดลง,-10.79,,,คงที่,15.215885,100.073044,2026-10-10T09:45:00.000Z,2026-10-10 16:45:00
2026-10-10,X.174,บ้านคลองหวะ,สงขลา,4.71,,53.04,ลดลง,-4.17,6.93,3.65,ลดลง,6.98637,100.48186,2026-10-10T09:00:00.000Z,2026-10-10 16:00:00
2026-10-10,MUN009,เมืองสุรินทร์,สุรินทร์,132.98,,52.79,ลดลง,-4.35,,,คงที่,14.875548,103.37887,2026-10-10T08:50:00.000Z,2026-10-10 15:50:00
2026-10-10,X.173A,บ้านม่วงก็อง,สงขลา,10.28,,52.75,ลดลง,-5.85,10.2,3.74,ลดลง,6.79663,100.44234,2026-10-10T09:00:00.000Z,2026-10-10 16:00:00
2026-10-10,Kgt.19A,บ้านท่าบุญมี,ชลบุรี,2.43,,52.66,ลดลง,-2.37,14.0,16.67,ลดลง,13.40472,101.28178,2026-10-10T09:00:00.000Z,2026-10-10 16:00:00
2026-10-10,M.11B,บ้านโพธิ์ตาก,อุบลราชธานี,3.84,,52.62,ลดลง,-4.16,936.0,18.07,ลดลง,15.24992,105.23924,2026-10-10T09:00:00.000Z,2026-10-10 16:00:00
2026-10-10,MUN014,สตึก,บุรีรัมย์,126.38,,52.51,เพิ่มขึ้น,-4.24,,,คงที่,15.299861,103.29233,2026-10-10T08:50:00.000Z,2026-10-10 15:50:00
2026-10-10,TRD005,คลองประณีต บ.ตลุง,ตราด,3.18,,52.48,ลดลง,-2.04,,,คงที่,12.511344,102.37169,2026-10-10T08:50:00.000Z,2026-10-10 15:50:00
2026-10-10,W.5A,บ้านเกาะคา,ลำปาง,-0.14,,52.45,ลดลง,-3.74,,,คงที่,18.19154,99.39687,2026-10-10T08:00:00.000Z,2026-10-10 15:00:00
2026-10-10,Kgt.10,บ้านสระขวัญ,สระแก้ว,5.99,,52.43,ลดลง,-5.01,27.3,9.10,ลดลง,13.8096,102.05438,2026-10-10T09:00:00.000Z,2026-10-10 16:00:00
2026-10-10,MOU074,คลองแม่รำพัน 1,สุโขทัย,61.33,,52.41,ลดลง,-1.51,,,คงที่,17.050398,99.66436,2026-10-10T08:50:00.000Z,2026-10-10 15:50:00
2026-10-10,AIT002,สะพานลำน้ำเลย,เลย,201.77,,52.25,ลดลง,-4.85,,,คงที่,17.860956,101.61144,2026-10-10T08:50:00.000Z,2026-10-10 15:50:00
2026-10-10,RPBRPBD08,สะพานบ้านปากคู่(วัดนิลาราม)อ.คีรีรัฐนิคม ท. 220903,สุราษฎร์ธานี,9.31,,52.15,เพิ่มขึ้น,-2.18,,,คงที่,9.068123,98.98318,2026-10-10T08:00:00.000Z,2026-10-10 15:00:00
2026-10-10,Tkol.14,บ้านกาวะ,นราธิวาส,2.3199997,,51.89,ลดลง,-18.28,,,คงที่,6.0304,101.8956,2026-10-10T09:45:00.000Z,2026-10-10 16:45:00
2026-10-10,RPBRPBD12,สะพานเคียนซา (ปาล์มพาราวุ้ด) อ.เคียนซา (X.217),สุราษฎร์ธานี,1.33,,51.84,เพิ่มขึ้น,-8.55,,,คงที่,8.847581,99.19898,2026-10-10T08:00:00.000Z,2026-10-10 15:00:00
2026-10-10,X.201A,บ้านท่าไม้ลาย,ชุมพร,38.92,,51.46,ลดลง,-2.83,39.7,18.55,ลดลง,10.50334,98.9644,2026-10-10T09:00:00.000Z,2026-10-10 16:00:00
2026-10-10,TTr9,บ้านลำภูรา,ตรัง,0.27000046,,51.35,ลดลง,-9.73,,,คงที่,7.675344,99.5819,2026-10-10T09:45:00.000Z,2026-10-10 16:45:00
2026-10-10,M.164,ตำบลในเมือง,นครราชสีมา,1.97,,51.27,เพิ่มขึ้น,-1.53,,,คงที่,14.98457,102.09294,2026-10-10T09:00:00.000Z,2026-10-10 16:00:00
2026-10-10,FOP011,สะพานน้ำมวบ (บ้านภูแยง),น่าน,262.14,,51.03,ลดลง,-3.13,,,คงที่,18.923967,100.92671,2026-10-10T08:50:00.000Z,2026-10-10 15:50:00
2026-10-10,S.4B,ต.ในเมือง,เพชรบูรณ์,6.11,,50.87,เพิ่มขึ้น,-3.09,43.14,22.71,เพิ่มขึ้น,16.42322,101.16208,2026-10-10T09:00:00.000Z,2026-10-10 16:00:00
2026-10-10,X.139A,บ้านปะเหลียนใน,ตรัง,21.21,,50.81,ลดลง,-2.99,16.15,11.70,ลดลง,7.32009,99.7957,2026-10-10T09:00:00.000Z,2026-10-10 16:00:00
2026-10-10,E.16A,บ้านกุดกว้าง,ขอนแก่น,4.49,,50.8,ลดลง,-5.11,17.86,2.75,ลดลง,16.356,102.80429,2026-10-10T09:00:00.000Z,2026-10-10 16:00:00
2026-10-10,TUP.02,สถานีน้ำแม่แตง (ฝายแม่แตงเหนือน้ำ),เชียงใหม่,3.630005,,50.79,คงที่,-3.72,,,คงที่,19.157295,98.91881,2026-10-10T09:45:00.000Z,2026-10-10 16:45:00
2026-10-10,Ct.5A,บ้านปางมะค่า,กำแพงเพชร,104.75,,50.7,ลดลง,-2.47,29.0,12.50,ลดลง,15.92832,99.50237,2026-10-10T09:00:00.000Z,2026-10-10 16:00:00
2026-10-10,TSK.7,บ้านท่ามะนาว,อุทัยธานี,-0.05000305,,50.44,ลดลง,-1.70,,,คงที่,15.474444,99.518585,2026-10-10T09:45:00.000Z,2026-10-10 16:45:00
2026-10-10,S.43,บ้านพูลทรัพย์,ลพบุรี,44.37,,50.33,ลดลง,-7.53,232.0,25.05,ลดลง,15.32743,101.2124,2026-10-10T09:00:00.000Z,2026-10-10 16:00:00
2026-10-10,TSL28,ปตร.ท่าช้าง-บางกล่ำ,สงขลา,0.45,,50.15,ลดลง,-3.41,,,คงที่,7.127928,100.43327,2026-10-10T09:45:00.000Z,2026-10-10 16:45:00
2026-10-10,MOU383,สะพานคลองตรอน,อุตรดิตถ์,62.14,,49.65,ลดลง,-4.05,,,คงที่,17.463392,100.23722,2026-10-10T08:50:00.000Z,2026-10-10 15:50:00
2026-10-10,TSL12,ปตร.คลองท่าแนะ,พัทลุง,33.75,,49.64,เพิ่มขึ้น,-4.24,,,คงที่,7.72914,99.914,2026-10-10T09:45:00.000Z,2026-10-10 16:45:00
2026-10-10,TNG005,วังวิเศษ,ตรัง,11.27,,49.52,เพิ่มขึ้น,-2.73,,,คงที่,7.668927,99.45944,2026-10-10T08:50:00.000Z,2026-10-10 15:50:00
2026-10-10,TSL32,คลองนาท่อม,พัทลุง,6.18,,49.45,ลดลง,-2.29,,,คงที่,7.636973,100.06116,2026-10-10T09:45:00.000Z,2026-10-10 16:45:00
2026-10-10,TY.13B,บ้านหลวงเหนือ จ.ลำปาง,ลำปาง,1.6699829,,49.44,คงที่,-1.82,,,คงที่,18.757744,99.97515,2026-10-10T09:45:00.000Z,2026-10-10 16:45:00
2026-10-10,P.5,สะพานท่านาง,ลำพูน,2.71,,49.22,ลดลง,-2.29,15.44,13.20,ลดลง,18.58028,99.01015,2026-10-10T09:00:00.000Z,2026-10-10 16:00:00
2026-10-10,M.179A,บ้านป่าก่อ,อุบลราชธานี,4.72,,49.03,เพิ่มขึ้น,-5.28,66.2,16.55,ลดลง,15.50299,104.59544,2026-10-10T09:00:00.000Z,2026-10-10 16:00:00
2026-10-10,FOP019,คลองสรอย วัดแม่ขมวก,แพร่,155.67,,48.99,ลดลง,-1.52,,,คงที่,17.774937,99.469345,2026-10-10T08:50:00.000Z,2026-10-10 15:50:00
2026-10-10,RPBRPBD04,สะพานเชี่ยวไทร อ.พนม,สุราษฎร์ธานี,13.34,,48.99,ลดลง,-4.14,,,คงที่,8.822734,98.83208,2026-10-10T08:00:00.000Z,2026-10-10 15:00:00
2026-10-10,E.98,บ้านเขื่องใน,อุบลราชธานี,5.31,,48.94,เพิ่มขึ้น,-6.49,264.35,12.30,เพิ่มขึ้น,15.30323,104.50032,2026-10-10T09:00:00.000Z,2026-10-10 16:00:00
2026-10-10,TPR.15,วัดปากแพรก,ประจวบคีรีขันธ์,1.62,,48.89,เพิ่มขึ้น,-2.08,,,คงที่,11.060013,99.45701,2026-10-10T09:45:00.000Z,2026-10-10 16:45:00
2026-10-10,X.196,บ้านท่านา,พังงา,15.18,,48.78,ลดลง,-3.36,13.5,5.74,ลดลง,8.70251,98.40903,2026-10-10T09:00:00.000Z,2026-10-10 16:00:00
2026-10-10,E.66A,บ้านม่วงลาด,ร้อยเอ็ด,5.58,,48.55,ลดลง,-6.02,148.4,20.90,ลดลง,16.20825,103.52764,2026-10-10T09:00:00.000Z,2026-10-10 16:00:00
2026-10-10,X.199,บ้านท่าเรือ,นราธิวาส,16.47,,48.48,ลดลง,-5.83,,,คงที่,6.3505,101.49507,2026-10-10T09:00:00.000Z,2026-10-10 16:00:00
2026-10-10,TTC18,วัดหนองปลิง,กาญจนบุรี,2.6299999,,48.26,ลดลง,-2.82,,,คงที่,14.293831,99.80741,2026-10-10T09:30:00.000Z,2026-10-10 16:30:00
2026-10-10,E.18,บ้านท่าสะแบง,ร้อยเอ็ด,3.6,,48.16,ลดลง,-6.20,201.25,19.17,ลดลง,16.03415,103.90694,2026-10-10T09:00:00.000Z,2026-10-10 16:00:00
2026-10-10,TNG006,รัษฎา,ตรัง,20.63,,48.06,เพิ่มขึ้น,-3.82,,,คงที่,7.964069,99.59781,2026-10-10T08:50:00.000Z,2026-10-10 15:50:00
2026-10-10,ONE013,สะพานมิตรภาพท่าลาดปากบัง,นครพนม,138.46,,48.03,คงที่,-3.91,,,คงที่,16.993048,104.59141,2026-10-10T08:50:00.000Z,2026-10-10 15:50:00
2026-10-10,ONE001,สะพานท่าน้ำ,กระบี่,2.16,,48.01,ลดลง,-1.87,,,คงที่,8.109218,98.90551,2026-10-10T08:50:00.000Z,2026-10-10 15:50:00
2026-10-10,TUP.18,สถานีโครงการชลประทานแม่ปิงเก่า,เชียงใหม่,0.66000366,,47.94,ลดลง,-2.53,,,คงที่,18.690973,98.987946,2026-10-10T09:45:00.000Z,2026-10-10 16:45:00
2026-10-10,PAS002,เมืองเพชรบูรณ์,เพชรบูรณ์,112.69,,47.93,ลดลง,-4.44,,,คงที่,16.447924,101.170166,2026-10-10T08:50:00.000Z,2026-10-10 15:50:00
2026-10-10,N.55,บ้านท่าสะแก,พิษณุโลก,4.11,,47.86,ลดลง,-4.26,36.98,12.45,ลดลง,17.25317,100.62824,2026-10-10T09:00:00.000Z,2026-10-10 16:00:00
2026-10-10,N.43A,บ้านชมพู,พิษณุโลก,4.73,,47.73,ลดลง,-4.93,24.31,8.68,ลดลง,16.69633,100.65685,2026-10-10T09:00:00.000Z,2026-10-10 16:00:00
2026-10-10,BSP002,คลองขนาน,ประจวบคีรีขันธ์,13.59,,47.7,ลดลง,-2.89,,,คงที่,11.24043,99.43525,2026-10-10T08:50:00.000Z,2026-10-10 15:50:00
2026-10-10,NAN004,พิชัย,อุตรดิตถ์,47.42,,47.64,ลดลง,-4.12,,,คงที่,17.2944,100.082825,2026-10-10T08:50:00.000Z,2026-10-10 15:50:00
2026-10-10,DIV005,ท่อทองแดง1,กำแพงเพชร,75.01,,47.61,ลดลง,-2.70,,,คงที่,16.49714,99.51958,2026-10-10T08:50:00.000Z,2026-10-10 15:50:00
2026-10-10,TW.32,TW.32,ลำปาง,3.199997,,47.59,ลดลง,-2.72,,,คงที่,18.024292,99.21803,2026-10-10T09:45:00.000Z,2026-10-10 16:45:00
2026-10-10,P.67,บ้านแม่แต,เชียงใหม่,-0.36,,47.55,ลดลง,-3.36,27.8,7.32,ลดลง,19.00985,98.95974,2026-10-10T09:00:00.000Z,2026-10-10 16:00:00
2026-10-10,MOU386,สะพานน้ำเข็ก,พิษณุโลก,64.53,,47.31,ลดลง,-5.89,,,คงที่,16.835382,100.56083,2026-10-10T08:50:00.000Z,2026-10-10 15:50:00
2026-10-10,CHR002,เทิง,เชียงราย,361.2,,47.26,ลดลง,-5.79,,,คงที่,19.688295,100.18755,2026-10-10T08:50:00.000Z,2026-10-10 15:50:00
2026-10-10,X.36,บ้านท่าขนอน,สุราษฎร์ธานี,3.51,,47.22,เพิ่มขึ้น,-7.49,220.55,18.00,เพิ่มขึ้น,9.0294,98.96955,2026-10-10T09:00:00.000Z,2026-10-10 16:00:00
2026-10-10,TNG004,ปะเหลียน,ตรัง,1.8,,46.95,เพิ่มขึ้น,-2.90,,,คงที่,7.372003,99.677246,2026-10-10T08:50:00.000Z,2026-10-10 15:50:00
2026-10-10,MUN002,เฉลิมพระเกียรติ,นครราชสีมา,164.12,,46.63,ลดลง,-3.71,,,คงที่,14.968018,102.23782,2026-10-10T08:50:00.000Z,2026-10-10 15:50:00
2026-10-10,P.7A,ต.ในเมือง,กำแพงเพชร,1.4,,46.61,ลดลง,-3.94,289.0,9.63,ลดลง,16.47927,99.51841,2026-10-10T09:00:00.000Z,2026-10-10 16:00:00
2026-10-10,AIT011,สะพานข้ามน้ำมูล,อุบลราชธานี,94.37,,46.5,ลดลง,-8.77,,,คงที่,15.310499,105.49311,2026-10-10T08:50:00.000Z,2026-10-10 15:50:00
2026-10-10,X.236,บ้านย่านตาขาว,ตรัง,1.5,,46.17,เพิ่มขึ้น,-3.60,42.0,18.67,เพิ่มขึ้น,7.37199,99.67727,2026-10-10T09:00:00.000Z,2026-10-10 16:00:00
2026-10-10,NAN009,เวียงสา,น่าน,179.66,,46.1,ลดลง,-5.34,,,คงที่,18.54995,100.76153,2026-10-10T08:50:00.000Z,2026-10-10 15:50:00
2026-10-10,TPN03,ปตร.บางไทร,นครศรีธรรมราช,0.23,,46.08,เพิ่มขึ้น,-2.27,,,คงที่,8.262636,100.18711,2026-10-10T09:30:00.000Z,2026-10-10 16:30:00
2026-10-10,Ct.19,บ้านดอนใหญ่,อุทัยธานี,20.28,,45.22,ลดลง,-4.24,52.0,8.16,ลดลง,15.45274,100.03189,2026-10-10T09:00:00.000Z,2026-10-10 16:00:00
2026-10-10,AIT009,สะพานบังอี่,มุกดาหาร,126.54,,45.2,ลดลง,-5.23,,,คงที่,16.345835,104.889885,2026-10-10T08:50:00.000Z,2026-10-10 15:50:00
2026-10-10,TP.104,ศูนย์พัฒนาสังคมหน่วยที่ 4,กำแพงเพชร,2.1599884,,45.14,ลดลง,-1.92,,,คงที่,16.120138,99.32775,2026-10-10T09:45:00.000Z,2026-10-10 16:45:00
2026-10-10,P.1,สะพานนวรัฐ,เชียงใหม่,0.98,,45.05,ลดลง,-2.72,68.2,16.05,ลดลง,18.78696,99.00509,2026-10-10T09:00:00.000Z,2026-10-10 16:00:00
2026-10-10,AIT001,อโศก,กรุงเทพมหานคร,1.35,,44.97,เพิ่มขึ้น,-1.04,,,คงที่,13.743286,100.56218,2026-10-10T08:50:00.000Z,2026-10-10 15:50:00
2026-10-10,DIV003,คลองผันน้ำยม-น่าน3,อุตรดิตถ์,47.55,,44.94,ลดลง,-6.12,,,คงที่,17.292522,100.07767,2026-10-10T08:50:00.000Z,2026-10-10 15:50:00
2026-10-10,P.15,หน้าวัดศรีภิรมย์,กำแพงเพชร,1.58,,44.8,ลดลง,-4.52,377.7,13.25,ลดลง,16.21399,99.72106,2026-10-10T09:00:00.000Z,2026-10-10 16:00:00
2026-10-10,M.191,บ้านโคกกรวด,นครราชสีมา,1.63,,44.67,เพิ่มขึ้น,-1.87,1.99,4.74,เพิ่มขึ้น,14.93281,101.95189,2026-10-10T09:00:00.000Z,2026-10-10 16:00:00
2026-10-10,TPN06,ปตร.เชียรใหญ่,นครศรีธรรมราช,0.28,,44.5,เพิ่มขึ้น,-2.22,,,คงที่,8.171241,100.13797,2026-10-10T09:45:00.000Z,2026-10-10 16:45:00
2026-10-10,K.12,บ้านทุ่งนานางหรอก,กาญจนบุรี,2.63,,44.3,ลดลง,-3.47,42.16,18.33,ลดลง,14.17522,99.43407,2026-10-10T09:00:00.000Z,2026-10-10 16:00:00
2026-10-10,TG11,เทศบาลแม่ยาว,เชียงราย,0.75,,44.23,ลดลง,-1.98,,,คงที่,19.934196,99.76024,2026-10-10T09:45:00.000Z,2026-10-10 16:45:00
2026-10-10,NAN005,แม่น้ำเข็ก (ว้งทอง),พิษณุโลก,136.65,,44.08,ลดลง,-3.52,,,คงที่,16.855032,100.6668,2026-10-10T08:50:00.000Z,2026-10-10 15:50:00
2026-10-10,X.53A,บ้านวังไผ่,ชุมพร,4.7,,44.06,ลดลง,-4.00,,,คงที่,10.5072,99.1178,2026-10-10T09:00:00.000Z,2026-10-10 16:00:00
2026-10-10,PAS001,หล่มสัก,เพชรบูรณ์,141.25,,44.05,ลดลง,-3.22,,,คงที่,16.781506,101.24676,2026-10-10T08:50:00.000Z,2026-10-10 15:50:00
2026-10-10,M.5,บ้านเมืองคง,ศรีสะเกษ,4.06,,44.02,เพิ่มขึ้น,-6.69,,,คงที่,15.33969,104.15403,2026-10-09T23:00:00.000Z,2026-10-10 06:00:00
2026-10-10,TTR.06,วัดเทพนิมิต,ตราด,4.31,,44.0,เพิ่มขึ้น,-7.84,,,คงที่,12.433914,102.433075,2026-10-10T09:45:00.000Z,2026-10-10 16:45:00
2026-10-10,M.199,บ้านขนงพระเหนือ,นครราชสีมา,2.01,,43.78,ลดลง,-2.99,14.35,7.55,ลดลง,14.60611,101.47278,2026-10-10T09:00:00.000Z,2026-10-10 16:00:00
2026-10-10,MYA001,บ้านโจตาดา,สาธารณรัฐแห่งสหภาพเมียนมา,512.88,,43.7,ลดลง,-1.52,,,คงที่,20.3913,99.68576,2026-10-10T08:50:00.000Z,2026-10-10 15:50:00
2026-10-10,NAN003,เมืองน่าน,น่าน,190.69,,43.64,เพิ่มขึ้น,-4.74,,,คงที่,18.737991,100.75609,2026-10-10T08:50:00.000Z,2026-10-10 15:50:00
2026-10-10,MYA004,สะพานมิตรภาพแม่น้ำสายแห่งที่ 1,เชียงราย,394.84,,43.56,เพิ่มขึ้น,-2.75,,,คงที่,20.44451,99.8804,2026-10-10T08:50:00.000Z,2026-10-10 15:50:00
2026-10-10,X.212,ถนนลูกเสือ,ชุมพร,0.94,,43.5,ลดลง,-5.26,180.4,16.70,ลดลง,9.95473,99.08004,2026-10-10T09:00:00.000Z,2026-10-10 16:00:00
2026-10-10,X.228,บ้านกลาง,ตรัง,3.54,,43.42,เพิ่มขึ้น,-4.86,75.0,14.85,เพิ่มขึ้น,7.64556,99.5322,2026-10-10T09:00:00.000Z,2026-10-10 16:00:00
2026-10-10,MOU324,สะพานน้ำแม่ต๋ำ,ลำปาง,233.06,,43.4,ลดลง,-3.78,,,คงที่,18.045242,99.23951,2026-10-10T08:50:00.000Z,2026-10-10 15:50:00
2026-10-10,N.81,บ้านแก่งบัวคำ,พิษณุโลก,2.8,,43.22,ลดลง,-4.02,103.2,17.14,ลดลง,17.12855,100.58804,2026-10-10T09:00:00.000Z,2026-10-10 16:00:00
2026-10-10,TK.80,ปตร.คลองจระเข้สามพัน,กาญจนบุรี,-2.94,,43.16,ลดลง,-6.15,,,คงที่,14.135309,99.70967,2026-10-10T09:45:00.000Z,2026-10-10 16:45:00
2026-10-10,M.2A,บ้านด่านกะตา,นครราชสีมา,2.0,,43.03,ลดลง,-4.70,15.0,6.47,ลดลง,14.96803,102.23783,2026-10-10T09:00:00.000Z,2026-10-10 16:00:00
2026-10-10,P.82,บ้านสบวิน,เชียงใหม่,1.27,,42.97,ลดลง,-2.53,12.76,8.99,ลดลง,18.65423,98.68566,2026-10-10T09:00:00.000Z,2026-10-10 16:00:00
2026-10-10,Kgt.15B,บ้านแก่งดินสอ,ปราจีนบุรี,3.61,,42.87,ลดลง,-4.23,22.0,11.64,ลดลง,14.06587,101.92264,2026-10-10T09:00:00.000Z,2026-10-10 16:00:00
2026-10-10,N.13A,บ้านบุญนาค,น่าน,1.05,,42.81,ลดลง,-5.45,139.75,11.48,ลดลง,18.54998,100.76103,2026-10-10T09:00:00.000Z,2026-10-10 16:00:00
2026-10-10,KON004,เมืองอุดรธานี,อุดรธานี,167.81,,42.74,ลดลง,-3.69,,,คงที่,17.48233,102.79708,2026-10-10T08:50:00.000Z,2026-10-10 15:50:00
2026-10-10,B.10,ตลาดท่ายาง,เพชรบุรี,2.95,,42.72,ลดลง,-5.55,53.0,13.25,ลดลง,12.97398,99.88784,2026-10-10T09:00:00.000Z,2026-10-10 16:00:00
2026-10-10,TY.48,บ้านแฮะ จ.พะเยา,พะเยา,1.0500183,,42.65,เพิ่มขึ้น,-2.77,,,คงที่,19.302908,100.3906,2026-10-10T09:45:00.000Z,2026-10-10 16:45:00
2026-10-10,TS.15,วัดท่าแร่,เพชรบูรณ์,2.9600067,,42.59,เพิ่มขึ้น,-2.48,,,คงที่,16.744616,101.228165,2026-10-10T09:45:00.000Z,2026-10-10 16:45:00
2026-10-10,M.159,บ้านหลุมดิน,สุรินทร์,3.41,,42.43,ลดลง,-4.79,57.75,22.56,ลดลง,15.14119,103.42936,2026-10-10T09:00:00.000Z,2026-10-10 16:00:00
2026-10-10,P.78,บ้านสามเรือน,กำแพงเพชร,2.69,,42.34,ลดลง,-3.60,22.65,9.60,ลดลง,16.18206,99.59726,2026-10-10T09:00:00.000Z,2026-10-10 16:00:00
2026-10-10,TPN04,บ้านปากแพรก,นครศรีธรรมราช,0.48,,42.29,เพิ่มขึ้น,-2.02,,,คงที่,8.219533,100.200905,2026-10-10T09:45:00.000Z,2026-10-10 16:45:00
2026-10-10,TPI004,ท่าขนอม,สุราษฎร์ธานี,5.15,,42.17,เพิ่มขึ้น,-6.47,,,คงที่,9.029423,98.969635,2026-10-10T08:50:00.000Z,2026-10-10 15:50:00
2026-10-10,Kgt.9,บ้านเขาฉกรรจ์,สระแก้ว,3.93,,42.06,ลดลง,-6.07,15.0,2.87,ลดลง,13.66804,102.0756,2026-10-10T09:00:00.000Z,2026-10-10 16:00:00
2026-10-10,PRN002,หัวหิน,ประจวบคีรีขันธ์,29.29,,41.86,คงที่,-2.49,,,คงที่,12.50847,99.842,2026-10-10T08:50:00.000Z,2026-10-10 15:50:00
2026-10-10,CPY003,ปตร.มโนรมย์,ชัยนาท,14.66,,41.78,ลดลง,-4.95,,,คงที่,15.32773,100.10913,2026-10-10T08:50:00.000Z,2026-10-10 15:50:00
2026-10-10,TP.113,บ้านเกาะตาล,กำแพงเพชร,2.9300003,,41.69,คงที่,-3.79,,,คงที่,16.135834,99.784164,2026-10-10T09:45:00.000Z,2026-10-10 16:45:00
2026-10-10,KIZ003,คลองห้วยยาง,ปราจีนบุรี,31.57,,41.61,ลดลง,-5.82,,,คงที่,14.13648,101.85744,2026-10-10T08:50:00.000Z,2026-10-10 15:50:00
2026-10-10,X.285,สนามหน้าเมือง ,นครศรีธรรมราช,1.17,,41.49,ลดลง,-1.33,,,คงที่,8.3917,99.9708,2026-10-10T09:00:00.000Z,2026-10-10 16:00:00
2026-10-10,URTD05,แม่น้ำชี บ้านหินกอง,ขอนแก่น,148.05,,41.37,ลดลง,-7.19,218.14,,ลดลง,16.250317,102.74392,2026-10-10T08:00:00.000Z,2026-10-10 15:00:00
2026-10-10,TB0006,ทต.ทุ่งสะโตก,เชียงใหม่,290.4,,41.34,ลดลง,-1.79,,,คงที่,18.57391,98.86222,2026-10-10T08:50:00.000Z,2026-10-10 15:50:00
2026-10-10,PIN008,แม่น้ำทา,ลำพูน,303.9,,41.29,ลดลง,-1.81,,,คงที่,18.471647,98.955154,2026-10-10T08:50:00.000Z,2026-10-10 15:50:00
2026-10-10,MOU300,สะพานน้ำแม่แจ่ม,เชียงใหม่,526.15,,41.1,ลดลง,-3.98,,,คงที่,18.6844,98.37616,2026-10-10T08:50:00.000Z,2026-10-10 15:50:00
2026-10-10,Kgt.14A,บ้านทุ่งแฝก,ปราจีนบุรี,1.98,,41.01,ลดลง,-3.09,5.4,4.74,ลดลง,14.16131,101.88306,2026-10-10T09:00:00.000Z,2026-10-10 16:00:00
2026-10-10,P.85,บ้านหล่ายแก้ว,ลำพูน,-0.29,,40.95,ลดลง,-3.79,5.02,1.68,ลดลง,18.36642,98.7721,2026-10-10T09:00:00.000Z,2026-10-10 16:00:00
2026-10-10,N.1,หน้าสำนักงานป่าไม้,น่าน,0.88,,40.58,ลดลง,-6.12,83.58,7.84,ลดลง,18.77488,100.77969,2026-10-10T09:00:00.000Z,2026-10-10 16:00:00
2026-10-10,MDC 1.00,ตลาดเก่าตะกั่วป่า,พังงา,0.0,,40.57,ลดลง,-3.62,,,คงที่,8.829423,98.36931,2026-10-10T08:50:00.000Z,2026-10-10 15:50:00
2026-10-10,X.209,คลองหาดส้มแป้น,ระนอง,8.18,,40.51,ลดลง,-1.72,16.0,16.84,ลดลง,9.95839,98.64854,2026-10-10T09:00:00.000Z,2026-10-10 16:00:00
2026-10-10,P.16,บ้านแสนตอ,กำแพงเพชร,1.65,,40.45,ลดลง,-5.02,299.8,10.48,ลดลง,16.06467,99.86019,2026-10-10T09:00:00.000Z,2026-10-10 16:00:00
2026-10-10,TX21A,ฝายท่าเชียด,พัทลุง,22.11,,40.44,เพิ่มขึ้น,-4.58,,,คงที่,7.361018,100.1085,2026-10-10T09:45:00.000Z,2026-10-10 16:45:00
2026-10-10,X.176,แม่น้ำตาปี บ้านหาดทรายแก้ว อ.ฉวาง จ.นครศรีธรรมราช,นครศรีธรรมราช,24.41,,40.38,เพิ่มขึ้น,-2.79,22.4,9.74,เพิ่มขึ้น,8.42915,99.50836,2026-10-10T09:00:00.000Z,2026-10-10 16:00:00
2026-10-10,TNG001,ท่าสะบ้า,ตรัง,7.57,,40.24,เพิ่มขึ้น,-3.95,,,คงที่,7.729382,99.55148,2026-10-10T08:50:00.000Z,2026-10-10 15:50:00
2026-10-10,CMP001,เมืองชุมพร,ชุมพร,3.27,,40.22,เพิ่มขึ้น,-4.97,,,คงที่,10.57441,99.145744,2026-10-10T08:40:00.000Z,2026-10-10 15:40:00
2026-10-10,N.60,บ้านเด่นสำโรง,อุตรดิตถ์,0.91,,40.07,ลดลง,-7.09,120.1,9.20,ลดลง,17.41833,100.13091,2026-10-10T09:00:00.000Z,2026-10-10 16:00:00
2026-10-10,TTL.09,บ้านคลองตานี,จันทบุรี,1.6500092,,39.86,ลดลง,-2.49,,,คงที่,12.896003,102.271,2026-10-10T09:45:00.000Z,2026-10-10 16:45:00
2026-10-10,S.14,บ้านท่ารวก,ลพบุรี,56.7,,39.84,ลดลง,-5.30,11.0,5.39,คงที่,15.22528,101.27746,2026-10-10T09:00:00.000Z,2026-10-10 16:00:00
2026-10-10,E.95A,บ้านธวัชดินแดง,ร้อยเอ็ด,2.44,,39.76,ลดลง,-6.06,,,คงที่,16.1158,103.8466,2026-10-10T09:00:00.000Z,2026-10-10 16:00:00
2026-10-10,SKD04,บ้านหาดสองแคว (N.60),อุตรดิตถ์,49.24,,39.54,ลดลง,-7.68,,,คงที่,17.418528,100.13082,2026-10-10T08:00:00.000Z,2026-10-10 15:00:00
2026-10-10,P.47A,บ้านโป่งน้ำร้อน,กำแพงเพชร,1.5,,39.5,ลดลง,-3.37,19.38,,ลดลง,16.32841,99.29807,2026-10-10T09:00:00.000Z,2026-10-10 16:00:00
2026-10-10,TSL24,ปตร.อู่ตะเภา,สงขลา,2.75,,39.44,เพิ่มขึ้น,-6.08,,,คงที่,6.987824,100.462204,2026-10-10T09:45:00.000Z,2026-10-10 16:45:00
2026-10-10,X.37A,บ้านย่านดินแดง,สุราษฎร์ธานี,6.21,,39.38,คงที่,-5.14,99.5,19.55,คงที่,8.57098,99.25387,2026-10-10T09:00:00.000Z,2026-10-10 16:00:00
2026-10-10,X.188A,บ้านรมณีย์,พังงา,13.96,,39.38,ลดลง,-4.04,19.0,9.50,ลดลง,8.83334,98.45853,2026-10-10T09:00:00.000Z,2026-10-10 16:00:00
2026-10-10,MUN011,พิบูลมังสาหาร,อุบลราชธานี,107.55,,39.2,ลดลง,-4.86,,,คงที่,15.249662,105.2393,2026-10-10T08:50:00.000Z,2026-10-10 15:50:00
2026-10-10,TTP03,บ้านวังตลับ,นครศรีธรรมราช,6.9,,39.14,เพิ่มขึ้น,-10.73,,,คงที่,8.398225,99.34655,2026-10-10T09:45:00.000Z,2026-10-10 16:45:00
2026-10-10,ONE035,สะพานข้ามคลองเทพา,สงขลา,15.2,,38.84,ลดลง,-4.50,,,คงที่,6.534079,100.96343,2026-10-10T07:50:00.000Z,2026-10-10 14:50:00
2026-10-10,TSK.10,วัดผาลาดธาราราม,อุทัยธานี,2.2399979,,38.83,ลดลง,-2.82,,,คงที่,15.426389,99.72864,2026-10-10T09:45:00.000Z,2026-10-10 16:45:00
2026-10-10,N.27A,ท้ายเขื่อนนเรศวร,พิษณุโลก,1.19,,38.81,เพิ่มขึ้น,-8.61,114.0,10.22,เพิ่มขึ้น,17.03078,100.18005,2026-10-10T09:00:00.000Z,2026-10-10 16:00:00
2026-10-10,Kh.53,บ้านหนองวัวซอ,อุดรธานี,2.88,,38.73,เพิ่มขึ้น,-2.12,0.98,1.23,เพิ่มขึ้น,17.2659,102.59243,2026-10-10T09:00:00.000Z,2026-10-10 16:00:00
2026-10-10,AIT005,สะพานห้วยบังบาต,บึงกาฬ,144.34,,38.72,ลดลง,-7.35,,,คงที่,18.282616,103.88075,2026-10-10T08:50:00.000Z,2026-10-10 15:50:00
2026-10-10,TG13,บ้านใหม่กือนา,เชียงราย,-1.6099854,,38.6,ลดลง,-6.68,,,คงที่,19.95685,99.93735,2026-10-10T09:45:00.000Z,2026-10-10 16:45:00
2026-10-10,NYK008,สะพานเขานางบวช,นครนายก,5.06,,38.6,เพิ่มขึ้น,-3.85,,,คงที่,14.245718,101.27481,2026-10-10T08:50:00.000Z,2026-10-10 15:50:00
2026-10-10,TSW.11,บ้านแม่ตะควน,แม่ฮ่องสอน,1.9599991,,38.55,ลดลง,-3.14,,,คงที่,17.963728,97.92608,2026-10-10T09:45:00.000Z,2026-10-10 16:45:00
2026-10-10,N.2B,ต.ในเมือง,อุตรดิตถ์,0.44,,38.4,เพิ่มขึ้น,-6.56,121.5,6.36,เพิ่มขึ้น,17.60864,100.09924,2026-10-10T09:00:00.000Z,2026-10-10 16:00:00
2026-10-10,X.56,บ้านท่าประดู่,ตรัง,9.31,,38.35,เพิ่มขึ้น,-6.39,59.3,13.33,เพิ่มขึ้น,7.77079,99.53743,2026-10-10T09:00:00.000Z,2026-10-10 16:00:00
2026-10-10,Ny.1B,บ้านเขานางบวช,นครนายก,5.04,,38.3,เพิ่มขึ้น,-3.77,41.6,15.58,เพิ่มขึ้น,14.24582,101.27425,2026-10-10T09:00:00.000Z,2026-10-10 16:00:00
2026-10-10,TW.34,TW.34,ลำปาง,2.0800018,,38.29,ลดลง,-3.98,,,คงที่,17.553856,99.17819,2026-10-10T09:45:00.000Z,2026-10-10 16:45:00
2026-10-10,N.5A,ต.ในเมือง,พิษณุโลก,1.89,,38.28,ลดลง,-8.48,151.9,11.13,ลดลง,16.81514,100.2607,2026-10-10T09:00:00.000Z,2026-10-10 16:00:00
2026-10-10,RPBRPBD06,สะพานท่าขนอน (วัดปราการ)อ.คีรีรัฐนิคม (X.36),สุราษฎร์ธานี,2.71,,38.13,เพิ่มขึ้น,-9.38,,,คงที่,9.029581,98.96959,2026-10-10T08:00:00.000Z,2026-10-10 15:00:00
2026-10-10,CHR003,แม่จัน,เชียงราย,409.53,,38.13,คงที่,-2.48,,,คงที่,20.157526,99.85968,2026-10-10T08:50:00.000Z,2026-10-10 15:50:00
2026-10-10,PRC003,นาดี,ปราจีนบุรี,11.02,,38.11,ลดลง,-5.76,,,คงที่,14.133574,101.72767,2026-10-10T08:50:00.000Z,2026-10-10 15:50:00
2026-10-10,TUP.14,สถานีแม่น้ำปิงที่โครงการส่งน้ำและบำรุงรักษาแม่แฝก-แม่งัด,เชียงใหม่,1.269989,,38.1,คงที่,-3.12,,,คงที่,19.104841,98.95452,2026-10-10T09:45:00.000Z,2026-10-10 16:45:00
2026-10-10,X.234,บ้านป่าหมาก,ตรัง,1.27,,38.01,เพิ่มขึ้น,-5.13,35.1,8.26,เพิ่มขึ้น,7.58883,99.57687,2026-10-10T09:00:00.000Z,2026-10-10 16:00:00
2026-10-10,MOU472,สะพานคลองวังโตนด,จันทบุรี,44.05,,37.73,ลดลง,-3.74,,,คงที่,13.1195,101.9543,2026-10-10T08:50:00.000Z,2026-10-10 15:50:00
2026-10-10,TPR.7,บ้านห้วยมงคล,ประจวบคีรีขันธ์,1.32,,37.71,เพิ่มขึ้น,-2.18,,,คงที่,12.5435,99.8272,2026-10-10T09:45:00.000Z,2026-10-10 16:45:00
2026-10-10,Y.3A,บ้านวังขอนไม้,สุโขทัย,3.57,,37.56,ลดลง,-7.43,193.4,17.12,ลดลง,17.30744,99.82835,2026-10-10T09:00:00.000Z,2026-10-10 16:00:00
2026-10-10,X.243,บ้านควนกลาง (1),นครศรีธรรมราช,40.13,,37.5,ลดลง,-3.45,21.9,9.82,ลดลง,8.555,99.56928,2026-10-10T09:00:00.000Z,2026-10-10 16:00:00
2026-10-10,NAN011,เมืองอุตรดิตถ์,อุตรดิตถ์,52.8,,37.49,เพิ่มขึ้น,-5.22,,,คงที่,17.610167,100.099396,2026-10-10T08:50:00.000Z,2026-10-10 15:50:00
2026-10-10,MYA002,บ้านดอยต่อคำ,สาธารณรัฐแห่งสหภาพเมียนมา,401.66,,37.48,ลดลง,-3.77,,,คงที่,20.44352,99.86226,2026-10-10T08:50:00.000Z,2026-10-10 15:50:00
2026-10-10,W.1C,สะพานเสตุวารี,ลำปาง,0.44,,37.45,ลดลง,-4.76,47.48,9.75,ลดลง,18.29973,99.51123,2026-10-10T09:00:00.000Z,2026-10-10 16:00:00
2026-10-10,ONE040,สะพานข้ามแม่น้ำยมสายเก่า-ตำบลไกรใน,สุโขทัย,42.62,,37.2,ลดลง,-4.98,,,คงที่,17.07422,100.00566,2026-10-10T08:50:00.000Z,2026-10-10 15:50:00
2026-10-10,X.207,บ้านน้ำจืด,ระนอง,1.78,,37.13,ลดลง,-2.32,3.68,11.15,ลดลง,10.400022,98.78648,2026-10-10T09:00:00.000Z,2026-10-10 16:00:00
2026-10-10,FOP025,สะพานบางไตประชาบริรักษ์,สุราษฎร์ธานี,47.3,,37.07,เพิ่มขึ้น,-8.12,,,คงที่,9.282472,98.876945,2026-10-10T08:50:00.000Z,2026-10-10 15:50:00
2026-10-10,KRN004,ลิ่นถิ่น,กาญจนบุรี,63.79,,36.95,ลดลง,-6.73,,,คงที่,14.53552,98.78765,2026-10-10T08:50:00.000Z,2026-10-10 15:50:00
2026-10-10,P.77,บ้านสบแม่สะป๊วด,ลำพูน,2.03,,36.94,ลดลง,-1.97,2.21,1.97,ลดลง,18.43327,99.08513,2026-10-10T09:00:00.000Z,2026-10-10 16:00:00
2026-10-10,JNA002,นาทวี,สงขลา,19.58,,36.93,ลดลง,-3.13,,,คงที่,6.738061,100.69319,2026-10-10T08:50:00.000Z,2026-10-10 15:50:00
2026-10-10,W.4A,บ้านวังหมัน,ตาก,2.24,,36.87,ลดลง,-4.76,74.85,14.12,ลดลง,17.20499,99.09812,2026-10-10T09:00:00.000Z,2026-10-10 16:00:00
2026-10-10,W.23,บ้านแม่เชียงราย,ลำปาง,1.68,,36.8,ลดลง,-4.62,44.58,9.39,ลดลง,17.36661,99.11301,2026-10-10T09:00:00.000Z,2026-10-10 16:00:00
2026-10-10,NAN006,บางกระทุ่ม,พิษณุโลก,33.08,,36.79,ลดลง,-6.77,,,คงที่,16.580505,100.238594,2026-10-10T08:50:00.000Z,2026-10-10 15:50:00
2026-10-10,X.40A,บ้านท่าสาป,ยะลา,12.7,,36.77,เพิ่มขึ้น,-3.80,73.0,,เพิ่มขึ้น,6.54053,101.24976,2026-10-10T09:00:00.000Z,2026-10-10 16:00:00
2026-10-10,TTR.04,บ้านไร่ป่า,ตราด,1.47,,36.75,เพิ่มขึ้น,-2.53,,,คงที่,12.287519,102.52456,2026-10-10T09:45:00.000Z,2026-10-10 16:45:00
2026-10-10,M.170,บ้านคำสำราญ,อุบลราชธานี,2.99,,36.4,ลดลง,-6.01,39.8,7.01,ลดลง,14.79088,105.10277,2026-10-10T09:00:00.000Z,2026-10-10 16:00:00
2026-10-10,BLGTD03,สะพานท่าสาป อ.เมือง จ.ยะลา,ยะลา,12.71,,36.4,เพิ่มขึ้น,-4.58,73.88,,เพิ่มขึ้น,6.552715,101.2662,2026-10-10T08:00:00.000Z,2026-10-10 15:00:00
2026-10-10,E.92,บ้านท่างาม,ร้อยเอ็ด,3.04,,36.35,ลดลง,-5.76,12.03,5.47,ลดลง,16.109495,104.01123,2026-10-10T09:00:00.000Z,2026-10-10 16:00:00
2026-10-10,P.103,สะพานวงแหวนรอบ 3,เชียงใหม่,2.05,,36.16,ลดลง,-4.75,63.2,13.28,ลดลง,18.86651,98.97819,2026-10-10T09:00:00.000Z,2026-10-10 16:00:00
2026-10-10,DIV004,คลองผันน้ำยม-น่าน4,พิษณุโลก,37.59,,36.09,เพิ่มขึ้น,-5.62,,,คงที่,16.671724,100.24581,2026-10-10T08:50:00.000Z,2026-10-10 15:50:00
2026-10-10,TNB.09,บ้านโคกข่อย,นครศรีธรรมราช,0.32,,36.02,ลดลง,-3.18,,,คงที่,8.435595,100.01443,2026-10-10T09:45:00.000Z,2026-10-10 16:45:00
2026-10-10,TTR.05,เขาสมิง,ตราด,1.44,,36.0,ลดลง,-2.56,,,คงที่,12.348571,102.45461,2026-10-10T09:45:00.000Z,2026-10-10 16:45:00
2026-10-10,TSL09,สถานีบ่อยาง,สงขลา,0.26,,36.0,ลดลง,-2.24,,,คงที่,7.200311,100.587906,2026-10-10T09:45:00.000Z,2026-10-10 16:45:00
2026-10-10,PIN004,ขาณุวรลักษบุรี,กำแพงเพชร,41.26,,35.77,ลดลง,-4.07,,,คงที่,16.06475,99.8603,2026-10-10T08:50:00.000Z,2026-10-10 15:50:00
2026-10-10,LA03 (TX.333),บ้านนาข่าเหนือ,สตูล,4.16,,35.76,เพิ่มขึ้น,-6.52,,,คงที่,6.914998,99.85133,2026-10-10T09:45:00.000Z,2026-10-10 16:45:00
2026-10-10,Kh.100,บ้านพันลำ,บึงกาฬ,4.99,,35.64,ลดลง,-9.01,,,คงที่,18.39961,103.60826,2026-10-10T09:00:00.000Z,2026-10-10 16:00:00
2026-10-10,CHI012,เมืองมหาสารคาม,มหาสารคาม,137.56,,35.64,ลดลง,-6.94,,,คงที่,16.2323,103.27108,2026-10-10T08:50:00.000Z,2026-10-10 15:50:00
2026-10-10,CHI001,บ้านเขว้า,ชัยภูมิ,202.81,,35.6,ลดลง,-10.05,,,คงที่,15.933129,101.699524,2026-10-10T08:50:00.000Z,2026-10-10 15:50:00
2026-10-10,TW.31,TW.31,ลำปาง,1.449997,,35.58,เพิ่มขึ้น,-3.35,,,คงที่,18.13277,99.62003,2026-10-10T09:45:00.000Z,2026-10-10 16:45:00
2026-10-10,Gt.7,บ้านวังยาว,ประจวบคีรีขันธ์,1.86,,35.54,ลดลง,-5.64,,,คงที่,11.24076,99.43621,2026-10-10T09:00:00.000Z,2026-10-10 16:00:00
2026-10-10,X.90,บ้านบางศาลา,สงขลา,2.75,,35.52,เพิ่มขึ้น,-6.59,37.5,4.82,เพิ่มขึ้น,6.93124,100.43986,2026-10-10T09:00:00.000Z,2026-10-10 16:00:00
2026-10-10,TP.90,สถานีน้ำแม่ปิง (P.90) บ้านทับเดื่อ,เชียงใหม่,0.35998535,,35.43,คงที่,-3.39,,,คงที่,19.220478,98.97263,2026-10-10T09:45:00.000Z,2026-10-10 16:45:00
2026-10-10,MOU294,สะพานน้ำแม่กลาง,เชียงใหม่,429.67,,34.87,ลดลง,-2.08,,,คงที่,18.507513,98.66199,2026-10-10T08:50:00.000Z,2026-10-10 15:50:00
2026-10-10,BBBBD08,แม่น้ำปิงที่ อ.คลองขลุง (P.15),กำแพงเพชร,53.17,,34.75,ลดลง,-4.73,,,คงที่,16.21715,99.72061,2026-10-10T08:00:00.000Z,2026-10-10 15:00:00
2026-10-10,X.47,บ้านท่าจีน,ตรัง,1.84,,34.72,เพิ่มขึ้น,-3.46,,,คงที่,7.55583,99.57844,2026-10-10T09:00:00.000Z,2026-10-10 16:00:00
2026-10-10,MOU346,สะพานบ้านตึก,สุโขทัย,82.8,,34.62,ลดลง,-3.07,,,คงที่,17.58679,99.81124,2026-10-10T08:50:00.000Z,2026-10-10 15:50:00
2026-10-10,ONE007,ปตร.ธรณิศนฤมิต-ท้ายน้ำ,นครพนม,132.37,,34.43,ลดลง,-7.08,,,คงที่,16.922228,104.71621,2026-10-10T08:50:00.000Z,2026-10-10 15:50:00
2026-10-10,E.91,บ้านดอนขนวน,มหาสารคาม,3.86,,34.39,ลดลง,-7.84,118.0,14.39,ลดลง,16.36607,102.94975,2026-10-10T09:00:00.000Z,2026-10-10 16:00:00
2026-10-10,S.3,ต.ตาลเดี่ยว,เพชรบูรณ์,4.98,,34.39,ลดลง,-3.32,10.63,13.81,ลดลง,16.78153,101.24667,2026-10-10T09:00:00.000Z,2026-10-10 16:00:00
2026-10-10,T.MaeyomWeir,ฝายแม่ยม อ.สอง จ.แพร่,แพร่,0.480011,,34.39,ลดลง,-3.95,,,คงที่,18.484167,100.16139,2026-10-10T09:45:00.000Z,2026-10-10 16:45:00
2026-10-10,Kh.104,วัดศรีบุญเรือง,มุกดาหาร,4.47,,34.38,ลดลง,-8.53,,,คงที่,16.53594,104.7335,2026-10-10T09:00:00.000Z,2026-10-10 16:00:00
2026-10-10,X.68,บ้านท่าแค,พัทลุง,13.27,,34.31,ลดลง,-2.33,3.1,5.17,ลดลง,7.56871,100.0485,2026-10-10T09:00:00.000Z,2026-10-10 16:00:00
2026-10-10,TY.46,บ้านวังยาว จ.น่าน,น่าน,1.0699768,,34.22,ลดลง,-1.48,,,คงที่,18.843086,100.42747,2026-10-10T09:45:00.000Z,2026-10-10 16:45:00
2026-10-10,NAN016,น้ำสา,น่าน,228.11,,34.16,ลดลง,-3.97,,,คงที่,18.58397,100.60019,2026-10-10T08:50:00.000Z,2026-10-10 15:50:00
2026-10-10,X.203,บ้านนาป่า,นครศรีธรรมราช,8.42,,34.07,เพิ่มขึ้น,-2.08,3.66,9.15,เพิ่มขึ้น,8.39629,99.92014,2026-10-10T09:00:00.000Z,2026-10-10 16:00:00
2026-10-10,X.5C,บ้านท่าข้าม,สุราษฎร์ธานี,0.77,,34.07,เพิ่มขึ้น,-1.49,,,คงที่,9.11322,99.22368,2026-10-10T09:00:00.000Z,2026-10-10 16:00:00
2026-10-10,NAN012,เมืองพิษณุโลก,พิษณุโลก,36.9,,33.96,ลดลง,-8.43,,,คงที่,16.864717,100.24477,2026-10-10T08:50:00.000Z,2026-10-10 15:50:00
2026-10-10,YOM010,เมืองแพร่,แพร่,145.15,,33.96,ลดลง,-6.66,,,คงที่,18.133717,100.124596,2026-10-10T08:50:00.000Z,2026-10-10 15:50:00
2026-10-10,M.188A,บ้านบัว,นครราชสีมา,2.44,,33.87,ลดลง,-2.46,,,คงที่,15.18159,102.24274,2026-10-10T09:00:00.000Z,2026-10-10 16:00:00
2026-10-10,NKO003,ถ้ำพรรณรา,นครศรีธรรมราช,13.95,,33.73,เพิ่มขึ้น,-6.90,,,คงที่,8.391203,99.3952,2026-10-10T08:50:00.000Z,2026-10-10 15:50:00
2026-10-10,Y.37,บ้านวังชิ้น,แพร่,3.5,,33.69,ลดลง,-7.50,96.9,7.31,ลดลง,17.90118,99.60565,2026-10-10T09:00:00.000Z,2026-10-10 16:00:00
2026-10-10,Kh.97,บ้านเชียงคาน,เลย,6.38,,33.58,ลดลง,-12.62,,,คงที่,17.90029,101.67081,2026-10-10T09:00:00.000Z,2026-10-10 16:00:00
2026-10-10,TTP25,สถานีบ้านบางน้ำเย็น,สุราษฎร์ธานี,7.04,,33.52,ลดลง,-13.96,,,คงที่,8.924333,98.840195,2026-10-10T09:45:00.000Z,2026-10-10 16:45:00
2026-10-10,M.157,บ้านนิคม,ยโสธร,2.01,,33.39,ลดลง,-3.99,9.3,1.86,ลดลง,15.80624,104.32795,2026-10-10T09:00:00.000Z,2026-10-10 16:00:00
2026-10-10,Kh.16B,บ้านท่าควาย,นครพนม,4.34,,33.38,ลดลง,-8.66,,,คงที่,17.43764,104.75762,2026-10-10T09:00:00.000Z,2026-10-10 16:00:00
2026-10-10,P.87,บ้านป่าซาง,ลำพูน,0.32,,33.26,ลดลง,-3.78,0.37,0.36,ลดลง,18.51912,98.94229,2026-10-10T09:00:00.000Z,2026-10-10 16:00:00
2026-10-10,Kh.28A,บ้านนาหลัก,เลย,1.69,,33.2,ลดลง,-8.31,0.9,0.15,ลดลง,17.31229,101.77246,2026-10-10T09:00:00.000Z,2026-10-10 16:00:00
2026-10-10,Kh.1,บ้านมีชัย,หนองคาย,3.84,,33.1,ลดลง,-7.76,,,คงที่,17.8874,102.75207,2026-10-10T09:00:00.000Z,2026-10-10 16:00:00
2026-10-10,Y.20,บ้านห้วยสัก,แพร่,1.74,,33.03,ลดลง,-7.26,42.0,3.80,ลดลง,18.58613,100.15134,2026-10-10T09:00:00.000Z,2026-10-10 16:00:00
2026-10-10,BBBBU04,ห้วยแม่ตื่นที่ อ.อมก๋อย,เชียงใหม่,421.08,,33.0,ลดลง,-2.53,,,คงที่,17.387732,98.46766,2026-10-10T08:00:00.000Z,2026-10-10 15:00:00
2026-10-10,PIN006,เมืองกำแพงเพชร (P7A),กำแพงเพชร,72.86,,32.9,ลดลง,-5.31,,,คงที่,16.47813,99.51865,2026-10-10T08:50:00.000Z,2026-10-10 15:50:00
2026-10-10,N.73,บ้านทานตะวัน,เพชรบูรณ์,2.86,,32.87,ลดลง,-6.35,20.28,11.02,ลดลง,16.56912,100.89178,2026-10-10T09:00:00.000Z,2026-10-10 16:00:00
2026-10-10,TG08,สะพานบ้านใหม่ริมฝาง,เชียงใหม่,1.5299988,,32.85,ลดลง,-3.68,,,คงที่,19.908478,99.22019,2026-10-10T09:45:00.000Z,2026-10-10 16:45:00
2026-10-10,TTL.02,บ้านหนองน้ำใส,สระแก้ว,1.5100021,,32.75,ลดลง,-3.10,,,คงที่,13.85454,102.37748,2026-10-10T09:45:00.000Z,2026-10-10 16:45:00
2026-10-10,M.89,สำนักเทคโนโลยีชีวภัณฑ์สัตว์,นครราชสีมา,2.44,,32.67,ลดลง,-4.06,9.24,7.39,ลดลง,14.69785,101.41515,2026-10-10T09:00:00.000Z,2026-10-10 16:00:00
2026-10-10,X.158,บ้านวังครก,ชุมพร,4.27,,32.62,เพิ่มขึ้น,-7.23,68.15,9.68,เพิ่มขึ้น,10.59451,99.14177,2026-10-10T09:00:00.000Z,2026-10-10 16:00:00
2026-10-10,Tkol.24,ทรบ.คลองระบายสายที่ 13,นราธิวาส,0.25,,32.61,คงที่,-1.55,,,คงที่,6.20995,102.014435,2026-10-10T09:45:00.000Z,2026-10-10 16:45:00
2026-10-10,TP.26A,บ้านหัวฝาย( P.26A เดิม),กำแพงเพชร,1.6500015,,32.49,ลดลง,-2.39,,,คงที่,16.447695,99.427864,2026-10-10T09:45:00.000Z,2026-10-10 16:45:00
2026-10-10,TPR.1,บ้านป่าเต็ง,เพชรบุรี,1.62,,32.4,เพิ่มขึ้น,-3.38,,,คงที่,12.584,99.5344,2026-10-10T09:45:00.000Z,2026-10-10 16:45:00
2026-10-10,MOU370,สะพานพญาอาทิตราช,เชียงใหม่,408.78,,32.3,ลดลง,-3.74,,,คงที่,17.37028,98.48728,2026-10-10T08:50:00.000Z,2026-10-10 15:50:00
2026-10-10,YOM013,ศาลเจ้าพ่อพญาอ้น,แพร่,183.62,,32.3,ลดลง,-7.23,,,คงที่,18.599714,100.1496,2026-10-10T08:30:00.000Z,2026-10-10 15:30:00
2026-10-10,STU004,ควนกาหลง,สตูล,21.68,,31.98,เพิ่มขึ้น,-4.36,,,คงที่,6.928384,99.936,2026-10-10T08:50:00.000Z,2026-10-10 15:50:00
2026-10-10,TY.43,วัดวังเคียน จ.แพร่,แพร่,3.5399933,,31.87,ลดลง,-9.32,,,คงที่,18.044664,99.800804,2026-10-10T09:45:00.000Z,2026-10-10 16:45:00
2026-10-10,SKD09,อ.วัดโบสถ์ (N.22A),พิษณุโลก,42.53,,31.79,ลดลง,-6.78,,,คงที่,16.998825,100.32592,2026-10-10T08:00:00.000Z,2026-10-10 15:00:00
2026-10-10,TG17,บ้านศรีวังมูล,เชียงราย,0.8699951,,31.73,ลดลง,-2.69,,,คงที่,19.8082,99.7567,2026-10-10T09:45:00.000Z,2026-10-10 16:45:00
2026-10-10,FOP035,สะพานข้ามคลองวังเคียน,นครศรีธรรมราช,10.88,,31.71,ลดลง,-5.17,,,คงที่,7.954537,99.896286,2026-10-10T08:50:00.000Z,2026-10-10 15:50:00
2026-10-10,NAN010,น้ำปาด,อุตรดิตถ์,154.65,,31.66,ลดลง,-4.81,,,คงที่,17.790916,100.74901,2026-10-10T08:50:00.000Z,2026-10-10 15:50:00
2026-10-10,TTP28,สถานีวัดบางเงิน,กระบี่,33.64,,31.65,ลดลง,-7.86,,,คงที่,8.554306,98.90861,2026-10-10T09:45:00.000Z,2026-10-10 16:45:00
2026-10-10,CHI013,ยางตลาด,กาฬสินธุ์,135.92,,31.6,เพิ่มขึ้น,-8.38,,,คงที่,16.411118,103.46708,2026-10-10T08:50:00.000Z,2026-10-10 15:50:00
2026-10-10,SVI002,สวี 2,ชุมพร,1.07,,31.51,ลดลง,-8.17,,,คงที่,10.203307,99.04359,2026-10-10T08:40:00.000Z,2026-10-10 15:40:00
2026-10-10,YOM008,บางระกำ,พิษณุโลก,33.12,,31.49,ลดลง,-8.09,,,คงที่,16.70818,100.17179,2026-10-10T08:50:00.000Z,2026-10-10 15:50:00
2026-10-10,PIN005,เก้าเลี้ยว,นครสวรรค์,27.92,,31.13,ลดลง,-3.61,,,คงที่,15.85051,100.05206,2026-10-10T08:50:00.000Z,2026-10-10 15:50:00
2026-10-10,MOU010,สะพานห้วยแม่ตาช้าง,เชียงใหม่,379.58,,31.11,ลดลง,-4.05,,,คงที่,18.77196,98.86259,2026-10-10T08:50:00.000Z,2026-10-10 15:50:00
2026-10-10,TNB.12,บ้านปากพญา,นครศรีธรรมราช,0.65,,31.07,ลดลง,-3.35,,,คงที่,8.483189,100.01541,2026-10-10T09:45:00.000Z,2026-10-10 16:45:00
2026-10-10,W.24,บ้านท่าไผ่,ตาก,2.95,,31.05,ลดลง,-5.55,78.5,16.95,ลดลง,17.32165,99.07722,2026-10-10T09:00:00.000Z,2026-10-10 16:00:00
2026-10-10,M.176,บ้านโนนสีไคล,ศรีสะเกษ,3.76,,30.81,ลดลง,-8.24,57.5,11.64,ลดลง,15.00636,104.63345,2026-10-10T09:00:00.000Z,2026-10-10 16:00:00
2026-10-10,TTP24,สถานีบ้านมอเก็ต,สุราษฎร์ธานี,4.0,,30.77,ลดลง,-4.50,,,คงที่,8.701588,99.26725,2026-10-10T09:45:00.000Z,2026-10-10 16:45:00
2026-10-10,X.279,บ้านปันจอร์,สตูล,19.51,,30.69,ลดลง,-3.69,4.91,5.85,ลดลง,6.77741,100.07149,2026-10-10T09:00:00.000Z,2026-10-10 16:00:00
2026-10-10,TCP002,ปตร.ปลายคลองบางซอ (ทุ่งเจ้าเจ็ด),สุพรรณบุรี,1.35,,30.68,ลดลง,-3.05,,,คงที่,14.194874,100.13264,2026-10-10T08:50:00.000Z,2026-10-10 15:50:00
2026-10-10,SLA003,สะเดา,สงขลา,12.46,,30.64,ลดลง,-4.13,,,คงที่,6.796655,100.442406,2026-10-10T08:50:00.000Z,2026-10-10 15:50:00
2026-10-10,G.8,บ้านต้นยาง,เชียงราย,0.6,,30.53,ลดลง,-3.80,9.9,5.24,ลดลง,19.79371,99.74968,2026-10-10T09:00:00.000Z,2026-10-10 16:00:00
2026-10-10,W.10B,บ้านแลง,ลำปาง,2.01,,30.34,ลดลง,-4.59,6.4,1.47,ลดลง,18.51882,99.63,2026-10-10T09:00:00.000Z,2026-10-10 16:00:00
2026-10-10,FOP016,ลำน้ำสานบ้านทุ่งยาวเหนือ,ลำพูน,318.04,,30.29,ลดลง,-5.88,,,คงที่,18.511889,99.07725,2026-10-10T08:50:00.000Z,2026-10-10 15:50:00
2026-10-10,ONE002,สะพานข้ามคลองกระบี่ใหญ่ 1,กระบี่,23.63,,30.27,ลดลง,-2.53,,,คงที่,8.187534,98.87913,2026-10-10T08:50:00.000Z,2026-10-10 15:50:00
2026-10-10,X.149,บ้านท้า่ยนา,นครศรีธรรมราช,26.82,,30.2,ลดลง,-6.03,,,คงที่,8.73097,99.74609,2026-10-10T09:00:00.000Z,2026-10-10 16:00:00
2026-10-10,P.81,บ้านโป่ง,เชียงใหม่,1.91,,30.15,ลดลง,-3.89,8.95,8.77,ลดลง,18.69521,99.07875,2026-10-10T09:00:00.000Z,2026-10-10 16:00:00
2026-10-10,X.280,ซอยทรายทอง,สตูล,-0.32,,30.08,ลดลง,-3.32,,,คงที่,6.64514,100.06741,2026-10-10T09:00:00.000Z,2026-10-10 16:00:00
2026-10-10,MOU246,สะพานน้ำลำตะคอง,นครราชสีมา,345.45,,30.0,ลดลง,-2.95,,,คงที่,14.5501,101.4595,2026-10-10T08:50:00.000Z,2026-10-10 15:50:00
2026-10-10,YOM015,แม่ต้า,แพร่,182.34,,29.97,ลดลง,-3.52,,,คงที่,18.243517,99.97738,2026-10-10T08:50:00.000Z,2026-10-10 15:50:00
2026-10-10,N.22A,บ้านท่างาม,พิษณุโลก,0.89,,29.89,ลดลง,-6.64,19.33,4.74,ลดลง,16.99887,100.32663,2026-10-10T09:00:00.000Z,2026-10-10 16:00:00
2026-10-10,TTC15,ไซฟอนกระเสียว,สุพรรณบุรี,0.3800001,,29.82,ลดลง,-5.20,,,คงที่,14.844778,100.015495,2026-10-10T09:45:00.000Z,2026-10-10 16:45:00
2026-10-10,SKE003,คลองพรหมโหด,สระแก้ว,41.77,,29.77,ลดลง,-2.53,,,คงที่,13.705885,102.48168,2026-10-10T08:50:00.000Z,2026-10-10 15:50:00
2026-10-10,MOU301,สะพานน้ำแม่งัด,เชียงใหม่,398.55,,29.58,ลดลง,-2.47,,,คงที่,19.238924,99.18049,2026-10-10T08:50:00.000Z,2026-10-10 15:50:00
2026-10-10,Kh.72,บ้านแม่คำหลักเจ็ด,เชียงราย,1.46,,29.48,คงที่,-3.54,16.08,9.40,คงที่,20.21836,99.85699,2026-10-10T09:00:00.000Z,2026-10-10 16:00:00
2026-10-10,G.10,บ้านโป่งปูเฟือง,เชียงราย,0.16,,29.43,ลดลง,-3.34,24.49,11.39,ลดลง,19.65257,99.53802,2026-10-10T09:00:00.000Z,2026-10-10 16:00:00
2026-10-10,ONE045,สะพานข้ามคลองปากหมาก,สุราษฎร์ธานี,97.1,,29.43,ลดลง,-1.85,,,คงที่,9.492355,98.91993,2026-10-10T08:50:00.000Z,2026-10-10 15:50:00
2026-10-10,YOM014,สะพานหนองจันทร์,แพร่,171.79,,29.35,ลดลง,-6.65,,,คงที่,18.465958,100.15168,2026-10-10T08:50:00.000Z,2026-10-10 15:50:00
2026-10-10,X.294,บ้านสองแพรก ,ระนอง,9.69,,29.25,ลดลง,-4.41,,,คงที่,10.26624,98.82583,2026-10-10T09:00:00.000Z,2026-10-10 16:00:00
2026-10-10,TG15,บ้านสันกลาง,เชียงราย,0.30999756,,29.1,คงที่,-2.12,,,คงที่,19.66868,99.5412,2026-10-10T09:45:00.000Z,2026-10-10 16:45:00
2026-10-10,TP4 (TX.331),บ้านสะพานเสือ,พังงา,12.83,,28.99,ลดลง,-2.67,,,คงที่,8.748697,98.38924,2026-10-10T09:45:00.000Z,2026-10-10 16:45:00
2026-10-10,Kh.89,บ้านหัวสะพาน,เชียงราย,0.63,,28.96,คงที่,-1.57,2.6,3.94,คงที่,20.15753,99.8596,2026-10-10T09:00:00.000Z,2026-10-10 16:00:00
2026-10-10,Tkol.19,ปตร.ปลายคลองโต๊ะแดง,นราธิวาส,0.24,,28.84,ลดลง,-3.06,,,คงที่,6.1586,102.0565,2026-10-10T09:45:00.000Z,2026-10-10 16:45:00
2026-10-10,STU003,มะนัง,สตูล,6.64,,28.56,เพิ่มขึ้น,-6.24,,,คงที่,6.940753,99.87286,2026-10-10T08:50:00.000Z,2026-10-10 15:50:00
2026-10-10,TTP13,บ้านต้นสะท้อน,สุราษฎร์ธานี,2.699997,,28.29,ลดลง,-4.31,,,คงที่,8.871568,99.38229,2026-10-10T09:45:00.000Z,2026-10-10 16:45:00
2026-10-10,YOM004,เด่นชัย,แพร่,139.3,,28.28,ลดลง,-8.32,,,คงที่,18.020828,100.058784,2026-10-10T08:50:00.000Z,2026-10-10 15:50:00
2026-10-10,BBBBD02,แม่น้ำปิงที่ อ.บ้านตาก,ตาก,119.12,,28.25,ลดลง,-2.83,,,คงที่,17.049091,99.06602,2026-10-10T08:00:00.000Z,2026-10-10 15:00:00
2026-10-10,M.43A,บ้านท่ามะปรางค์,นครราชสีมา,1.08,,28.19,ลดลง,-2.42,5.08,4.54,ลดลง,14.51204,101.38035,2026-10-10T09:00:00.000Z,2026-10-10 16:00:00
2026-10-10,RPBRPBD05,สะพานพุมดวง (วัดตาขุน) อ.บ้านตาขุน,สุราษฎร์ธานี,6.19,,28.11,ลดลง,-14.34,,,คงที่,8.915783,98.88568,2026-10-10T08:00:00.000Z,2026-10-10 15:00:00
2026-10-10,TPN08,ฝายเสาธง,นครศรีธรรมราช,25.39,,28.08,ลดลง,-4.61,,,คงที่,8.340558,99.82893,2026-10-10T09:45:00.000Z,2026-10-10 16:45:00
2026-10-10,SKG007,คลองกลาง,นครสวรรค์,71.37,,28.07,เพิ่มขึ้น,-2.73,,,คงที่,15.7832,99.65321,2026-10-10T08:50:00.000Z,2026-10-10 15:50:00
2026-10-10,X.191,โรงเรียนสตรีภูเก็ต,ภูเก็ต,1.74,,28.05,ลดลง,-2.86,2.48,3.94,ลดลง,7.89188,98.39065,2026-10-10T09:00:00.000Z,2026-10-10 16:00:00
2026-10-10,CHM004,เชียงดาว,เชียงใหม่,379.07,,28.01,ลดลง,-2.65,,,คงที่,19.36728,98.96884,2026-10-10T08:50:00.000Z,2026-10-10 15:50:00
2026-10-10,X.44,บ้านหาดใหญ่ใน,สงขลา,0.41,,27.95,ลดลง,-6.74,17.3,3.60,ลดลง,7.00218,100.45606,2026-10-10T09:00:00.000Z,2026-10-10 16:00:00
2026-10-10,TP.105,สำนักสงฆ์มอหินเพลิง,กำแพงเพชร,1.3399963,,27.95,ลดลง,-2.32,,,คงที่,16.151548,99.52752,2026-10-10T09:45:00.000Z,2026-10-10 16:45:00
2026-10-10,TUP.19,สถานีคลองส่งน้ำแม่แตง,เชียงใหม่,1.0299988,,27.79,คงที่,-2.65,,,คงที่,18.804512,98.95976,2026-10-10T09:45:00.000Z,2026-10-10 16:45:00
2026-10-10,MOU035,สะพานน้ำขว้าง บ้านร้องแง,น่าน,256.99,,27.79,ลดลง,-2.33,,,คงที่,19.175903,100.92984,2026-10-10T08:50:00.000Z,2026-10-10 15:50:00
2026-10-10,PLG001,สะพานข้ามคลองบ้านท่าวัง,พัทลุง,16.1,,27.76,เพิ่มขึ้น,-6.11,,,คงที่,7.37656,100.1004,2026-10-10T08:50:00.000Z,2026-10-10 15:50:00
2026-10-10,ONE047,สะพานถนนสายเอเซีย 4265,สุราษฎร์ธานี,89.23,,27.68,ลดลง,-2.68,,,คงที่,9.59868,98.94901,2026-10-10T08:50:00.000Z,2026-10-10 15:50:00
2026-10-10,Z.13,บ้านปึก,จันทบุรี,1.34,,27.67,ลดลง,-4.68,39.4,17.43,ลดลง,12.76323,102.13804,2026-10-10T09:00:00.000Z,2026-10-10 16:00:00
2026-10-10,ONE012,ปตร. บ้านนาคู่-ท้ายน้ำ,นครพนม,138.67,,27.66,เพิ่มขึ้น,-6.15,,,คงที่,16.96175,104.52583,2026-10-10T08:50:00.000Z,2026-10-10 15:50:00
2026-10-10,TTP16,วัดตาขุน (X.38A),สุราษฎร์ธานี,4.47,,27.64,ลดลง,-11.70,,,คงที่,8.915404,98.88632,2026-10-10T09:45:00.000Z,2026-10-10 16:45:00
2026-10-10,CHK002,เขาวง,นครสวรรค์,4.67,,27.51,คงที่,-13.05,,,คงที่,15.181774,100.41453,2026-10-10T08:50:00.000Z,2026-10-10 15:50:00
2026-10-10,Y.6A,บ้านป่ากล้วย,สุโขทัย,3.22,,27.46,ลดลง,-8.32,,,คงที่,17.43114,99.80126,2026-10-10T09:00:00.000Z,2026-10-10 16:00:00
2026-10-10,Tpat.10,ท้ายเขื่อนบางลาง,ยะลา,42.24,,27.46,เพิ่มขึ้น,-8.56,,,คงที่,6.160801,101.27608,2026-10-10T09:45:00.000Z,2026-10-10 16:45:00
2026-10-10,S.33,ต.ตาดกลอย,เพชรบูรณ์,3.03,,27.38,ลดลง,-5.81,4.71,1.13,ลดลง,17.00406,101.35289,2026-10-10T09:00:00.000Z,2026-10-10 16:00:00
2026-10-10,X.289,วัดถลุงทอง,นครศรีธรรมราช,15.49,,27.32,เพิ่มขึ้น,-4.11,9.75,6.02,เพิ่มขึ้น,8.3062,99.85992,2026-10-10T09:00:00.000Z,2026-10-10 16:00:00
2026-10-10,NAN001,ท่าวังผา,น่าน,218.24,,27.32,ลดลง,-5.07,,,คงที่,19.096132,100.80259,2026-10-10T08:50:00.000Z,2026-10-10 15:50:00
2026-10-10,MOU419,สะพานคลองสนธิ,ลพบุรี,130.12,,27.11,ลดลง,-3.50,,,คงที่,15.511334,101.34016,2026-10-10T08:50:00.000Z,2026-10-10 15:50:00
2026-10-10,Z.28,บ้านขุนซ่อง,จันทบุรี,2.1,,26.98,ลดลง,-4.39,3.2,4.92,ลดลง,13.07735,101.94553,2026-10-10T09:00:00.000Z,2026-10-10 16:00:00
2026-10-10,TW.30,TW.30,ลำปาง,1.0699921,,26.96,ลดลง,-4.39,,,คงที่,18.241215,99.31676,2026-10-10T09:45:00.000Z,2026-10-10 16:45:00
2026-10-10,MDC 5.00,คลองนาท่อม,พัทลุง,19.77,,26.85,ลดลง,-9.51,,,คงที่,7.558882,99.98751,2026-10-10T08:50:00.000Z,2026-10-10 15:50:00
2026-10-10,X.239,บ้านฉลุงเหนือ,สตูล,13.75,,26.62,ลดลง,-2.45,5.25,6.03,ลดลง,6.72662,100.06274,2026-10-10T09:00:00.000Z,2026-10-10 16:00:00
2026-10-10,X.150,บ้านวังพระเคียน,สตูล,6.72,,26.56,เพิ่มขึ้น,-6.08,31.4,11.85,เพิ่มขึ้น,6.94082,99.87292,2026-10-10T09:00:00.000Z,2026-10-10 16:00:00
2026-10-10,TSL34,คลองลำเบ็ดล่าง,พัทลุง,1.3799999,,26.44,เพิ่มขึ้น,-4.09,,,คงที่,7.590888,100.15402,2026-10-10T09:45:00.000Z,2026-10-10 16:45:00
2026-10-10,X.184,บ้านซากอ,นราธิวาส,23.19,,26.33,เพิ่มขึ้น,-8.21,39.0,2.38,เพิ่มขึ้น,6.22716,101.49695,2026-10-10T09:00:00.000Z,2026-10-10 16:00:00
2026-10-10,FOP065,สะพานข้ามแม่น้ำลาว-บ้านป่าสัก,เชียงราย,544.17,,26.25,ลดลง,-3.33,,,คงที่,19.301786,99.51751,2026-10-10T08:50:00.000Z,2026-10-10 15:50:00
2026-10-10,BLGTU02,สะพานบ้าน กม.29 อ.เบตง จ.ยะลา,ยะลา,117.02,,26.21,ลดลง,-3.35,10.42,,ลดลง,5.920578,101.18208,2026-10-10T08:00:00.000Z,2026-10-10 15:00:00
2026-10-10,Y.1C,บ้านน้ำโค้ง,แพร่,1.8,,26.18,ลดลง,-6.40,74.0,7.10,ลดลง,18.13391,100.12464,2026-10-10T09:00:00.000Z,2026-10-10 16:00:00
2026-10-10,X.292,หน้าวัดห้วยหลาด ,สงขลา,19.14,,26.07,ลดลง,-5.32,,,คงที่,7.14343,100.27818,2026-10-10T09:00:00.000Z,2026-10-10 16:00:00
2026-10-10,TP1 (TX.185),วัดนิกรวราราม (ย่านยาว),พังงา,1.88,,26.07,เพิ่มขึ้น,-5.33,,,คงที่,8.868464,98.34875,2026-10-10T09:45:00.000Z,2026-10-10 16:45:00
2026-10-10,Z.10,บ้านศรีบัวทอง,ตราด,3.49,,25.9,ลดลง,-8.01,44.25,10.59,ลดลง,12.4765,102.47787,2026-10-10T09:00:00.000Z,2026-10-10 16:00:00
2026-10-10,MOU045,สะพานน้ำว้า บ้านน้ำว้า,น่าน,244.42,,25.86,ลดลง,-8.83,,,คงที่,18.643177,101.010826,2026-10-10T08:50:00.000Z,2026-10-10 15:50:00
2026-10-10,WAN001,สามเงา,ตาก,132.81,,25.83,ลดลง,-8.41,,,คงที่,17.260607,99.078,2026-10-10T08:50:00.000Z,2026-10-10 15:50:00
2026-10-10,RPBRPBD01,สะพานคลองแสง อ.บ้านตาขุน,สุราษฎร์ธานี,10.12,,25.71,ลดลง,-7.27,,,คงที่,8.962559,98.814735,2026-10-10T08:00:00.000Z,2026-10-10 15:00:00
2026-10-10,TP.108,บ้านแม่ปั๋ง,เชียงใหม่,1.3299866,,25.67,เพิ่มขึ้น,-1.94,,,คงที่,19.213799,99.18452,2026-10-10T09:45:00.000Z,2026-10-10 16:45:00
2026-10-10,P.2A,บ้านท่าแค,ตาก,0.44,,25.63,ลดลง,-5.34,159.0,6.12,ลดลง,16.85456,99.12301,2026-10-10T09:00:00.000Z,2026-10-10 16:00:00
2026-10-10,TG16,ท่าก่อบง,เชียงราย,0.06997681,,25.49,เพิ่มขึ้น,-4.56,,,คงที่,20.125694,100.03028,2026-10-10T09:45:00.000Z,2026-10-10 16:45:00
2026-10-10,N.39,บ้านฟากท่า,อุตรดิตถ์,0.92,,25.32,ลดลง,-4.08,,,คงที่,17.99702,100.87909,2026-10-10T09:00:00.000Z,2026-10-10 16:00:00
2026-10-10,SKU07,อ.เวียงสา (N.75)  น้ำว้า,น่าน,185.15,,25.2,ลดลง,-11.44,,,คงที่,18.548273,100.80862,2026-10-10T08:00:00.000Z,2026-10-10 15:00:00
2026-10-10,TTr16,บ้านเกาะเคี่ยม,ตรัง,-0.81,,25.16,ลดลง,-2.35,,,คงที่,7.336656,99.508575,2026-10-10T09:45:00.000Z,2026-10-10 16:45:00
2026-10-10,TTL.04,บ้านฟากห้วย,สระแก้ว,1.3699989,,25.05,ลดลง,-4.10,,,คงที่,13.684085,102.50111,2026-10-10T09:45:00.000Z,2026-10-10 16:45:00
2026-10-10,SKD02,บ้านผาจุก,อุตรดิตถ์,55.82,,25.05,เพิ่มขึ้น,-13.13,,,คงที่,17.668222,100.21413,2026-10-10T08:00:00.000Z,2026-10-10 15:00:00
2026-10-10,X.275,บ้านบริดอ,ปัตตานี,0.5,,25.0,ลดลง,-1.50,,,คงที่,6.82152,101.24489,2026-10-10T09:00:00.000Z,2026-10-10 16:00:00
2026-10-10,MOU171,สะพานแม่น้ำงาว,เชียงราย,381.39,,24.97,คงที่,-2.36,,,คงที่,20.030512,100.489494,2026-10-10T08:50:00.000Z,2026-10-10 15:50:00
2026-10-10,P.75,บ้านช่อแล,เชียงใหม่,0.43,,24.83,ลดลง,-3.27,14.4,6.86,ลดลง,19.14599,99.00733,2026-10-10T09:00:00.000Z,2026-10-10 16:00:00
2026-10-10,X.293,บ้านนา ,ชุมพร,9.45,,24.82,ลดลง,-4.15,,,คงที่,10.49727,99.07752,2026-10-10T09:00:00.000Z,2026-10-10 16:00:00
2026-10-10,BNR.01,ปตร.บางนราตอนบน,นราธิวาส,1.37,,24.67,ลดลง,-1.13,,,คงที่,6.41331,101.83414,2026-10-10T09:45:00.000Z,2026-10-10 16:45:00
2026-10-10,P.84,บ้านพันตน,เชียงใหม่,0.88,,24.53,ลดลง,-3.12,5.08,5.98,ลดลง,18.59133,98.79662,2026-10-10T09:00:00.000Z,2026-10-10 16:00:00
2026-10-10,TTR.10,วัดวุรุณดิตถาราม,ตราด,0.47,,24.5,เพิ่มขึ้น,-4.53,,,คงที่,12.282,102.61538,2026-10-10T09:45:00.000Z,2026-10-10 16:45:00
2026-10-10,X.73A,บ้านบองอ ,นราธิวาส,22.42,,24.48,ลดลง,-4.38,,,คงที่,6.16992,101.71326,2026-10-10T09:00:00.000Z,2026-10-10 16:00:00
2026-10-10,CHM002,ฮอด,เชียงใหม่,256.04,,24.19,ลดลง,-4.80,,,คงที่,18.17863,98.630165,2026-10-10T08:50:00.000Z,2026-10-10 15:50:00
2026-10-10,Kh.58A,บ้านฟากเลย,เลย,2.32,,23.92,ลดลง,-6.68,33.45,6.31,ลดลง,17.49488,101.73447,2026-10-10T09:00:00.000Z,2026-10-10 16:00:00
2026-10-10,ONE005,สะพานหนองจิก-วังปลา,ชุมพร,4.36,,23.81,ลดลง,-2.59,,,คงที่,10.112908,99.07552,2026-10-10T08:50:00.000Z,2026-10-10 15:50:00
2026-10-10,W.3A,บ้านดอนชัย,ลำปาง,-0.31,,23.73,ลดลง,-5.11,29.35,3.45,ลดลง,17.64149,99.23201,2026-10-10T09:00:00.000Z,2026-10-10 16:00:00
2026-10-10,KON002,เมืองเลย,เลย,230.65,,23.7,ลดลง,-7.53,,,คงที่,17.509333,101.7366,2026-10-10T08:50:00.000Z,2026-10-10 15:50:00
2026-10-10,FOP058,บ้านใต้,นครศรีธรรมราช,59.9,,23.64,ลดลง,-2.85,,,คงที่,8.178332,99.70351,2026-10-10T08:50:00.000Z,2026-10-10 15:50:00
2026-10-10,SKG005,สะพานแม่วงก์,กำแพงเพชร,109.11,,23.47,ลดลง,-4.58,,,คงที่,15.90176,99.4704,2026-10-10T08:50:00.000Z,2026-10-10 15:50:00
2026-10-10,URTU02,น้ำพอง อ.สีชมพู,ขอนแก่น,192.95,,23.42,ลดลง,-8.47,1.76,,ลดลง,16.88054,102.14544,2026-10-10T08:00:00.000Z,2026-10-10 15:00:00
2026-10-10,AIT008,สะพานห้วยมุก,มุกดาหาร,128.08,,23.38,ลดลง,-8.68,,,คงที่,16.546862,104.730385,2026-10-10T08:50:00.000Z,2026-10-10 15:50:00
2026-10-10,Y.14B,บ้านป่างิ้ว,สุโขทัย,2.13,,23.33,ลดลง,-9.17,172.3,7.51,ลดลง,17.59552,99.7163,2026-10-10T09:00:00.000Z,2026-10-10 16:00:00
2026-10-10,MYA003,สะพานอูทูนอ่อง บ้านสบสาย,สาธารณรัฐแห่งสหภาพเมียนมา,395.34,,23.26,ลดลง,-6.73,,,คงที่,20.47149,99.95349,2026-10-10T08:50:00.000Z,2026-10-10 15:50:00
2026-10-10,TY.47,อำเภอปง จ.พะเยา,พะเยา,0.480011,,23.22,คงที่,-5.19,,,คงที่,19.150734,100.275246,2026-10-10T09:45:00.000Z,2026-10-10 16:45:00
2026-10-10,K.62,บ้านหนองไผ่,กาญจนบุรี,0.9,,23.2,ลดลง,-4.90,,,คงที่,13.78092,99.42092,2026-10-10T09:00:00.000Z,2026-10-10 16:00:00
2026-10-10,P.12C,บ้านย่านรี,ตาก,0.17,,23.18,เพิ่มขึ้น,-5.27,43.06,2.59,เพิ่มขึ้น,17.23881,99.02415,2026-10-10T09:00:00.000Z,2026-10-10 16:00:00
2026-10-10,TPI007,วิภาวดี,สุราษฎร์ธานี,23.81,,23.17,เพิ่มขึ้น,-9.36,,,คงที่,9.206436,98.952484,2026-10-10T08:50:00.000Z,2026-10-10 15:50:00
2026-10-10,TSL39,คลองหวะตอนบน,สงขลา,-0.23999977,,23.15,คงที่,-5.31,,,คงที่,6.969362,100.5583,2026-10-10T09:45:00.000Z,2026-10-10 16:45:00
2026-10-10,Z.14,บ้านฉมัน,จันทบุรี,1.89,,22.78,ลดลง,-6.06,9.85,4.76,ลดลง,12.74451,102.20642,2026-10-10T09:00:00.000Z,2026-10-10 16:00:00
2026-10-10,LA07 (TX.336),บ้านผังปาล์ม 1,สตูล,14.58,,22.69,เพิ่มขึ้น,-6.03,,,คงที่,6.998849,99.91101,2026-10-10T09:45:00.000Z,2026-10-10 16:45:00
2026-10-10,E.87,บ้านวังหิน,กาฬสินธุ์,2.38,,22.63,ลดลง,-6.12,38.11,13.61,ลดลง,16.34078,103.57701,2026-10-10T09:00:00.000Z,2026-10-10 16:00:00
2026-10-10,M.173,บ้านโนนสะอาด,นครราชสีมา,2.29,,22.59,ลดลง,-5.31,10.4,3.33,ลดลง,14.74504,102.21178,2026-10-10T09:00:00.000Z,2026-10-10 16:00:00
2026-10-10,TSL37,คลองตงตอนบน,สงขลา,0.040000916,,22.51,ลดลง,-5.92,,,คงที่,6.8176928,100.553955,2026-10-10T09:45:00.000Z,2026-10-10 16:45:00
2026-10-10,MOU461,สะพานคลองนางรอง,นครนายก,23.56,,22.49,ลดลง,-2.93,,,คงที่,14.315162,101.312805,2026-10-10T08:50:00.000Z,2026-10-10 15:50:00
2026-10-10,TSW.06,บ้านวังผา,ตาก,1.3799896,,22.27,ลดลง,-9.04,,,คงที่,16.830551,98.53908,2026-10-10T09:45:00.000Z,2026-10-10 16:45:00
2026-10-10,RNG001,เมืองระนอง,ระนอง,8.12,,22.22,ลดลง,-2.63,,,คงที่,9.961628,98.64459,2026-10-10T08:50:00.000Z,2026-10-10 15:50:00
2026-10-10,URTU07,น้ำพอง บ้านผานกเค้า (E.29),เลย,228.11,,22.13,เพิ่มขึ้น,-9.28,14.5,,เพิ่มขึ้น,16.847334,101.9436,2026-10-10T08:00:00.000Z,2026-10-10 15:00:00
2026-10-10,PIN002,เมืองตาก,ตาก,99.28,,22.01,ลดลง,-2.05,,,คงที่,16.78657,99.18398,2026-10-10T08:50:00.000Z,2026-10-10 15:50:00
2026-10-10,KON001,วังสะพุง,เลย,239.85,,21.88,ลดลง,-7.04,,,คงที่,17.31235,101.7726,2026-10-10T08:50:00.000Z,2026-10-10 15:50:00
2026-10-10,ONE023,สะพานข้ามคลองท่าแพ,นครศรีธรรมราช,58.01,,21.75,ลดลง,-2.84,,,คงที่,8.166443,99.70425,2026-10-10T08:50:00.000Z,2026-10-10 15:50:00
2026-10-10,X.64,บ้านท่าแซะ,ชุมพร,8.81,,21.66,เพิ่มขึ้น,-8.32,20.15,4.45,เพิ่มขึ้น,10.66562,99.17123,2026-10-10T09:00:00.000Z,2026-10-10 16:00:00
2026-10-10,ONE020,ปตร. บ้านตับเต่า-ท้ายน้ำ,นครพนม,142.73,,21.6,ลดลง,-6.64,,,คงที่,17.114717,104.53841,2026-10-10T08:50:00.000Z,2026-10-10 15:50:00
2026-10-10,ONE046,สะพานข้ามคลองท่าชนะ,สุราษฎร์ธานี,6.48,,21.59,ลดลง,-8.06,,,คงที่,9.576608,99.12956,2026-10-10T08:50:00.000Z,2026-10-10 15:50:00
2026-10-10,TTP11,บ้านนาสาร (X.81),สุราษฎร์ธานี,32.08,,21.58,ลดลง,-5.74,,,คงที่,8.807695,99.36747,2026-10-10T09:45:00.000Z,2026-10-10 16:45:00
2026-10-10,BBBBD04,แม่น้ำปิงที่ อ.เมืองตาก (P.2A),ตาก,104.46,,21.41,ลดลง,-5.51,,,คงที่,16.856703,99.1253,2026-10-10T08:00:00.000Z,2026-10-10 15:00:00
2026-10-10,X.77,บ้านหัวสะพาน,ยะลา,35.07,,21.39,ลดลง,-4.63,13.5,2.10,ลดลง,6.1525,101.0809,2026-10-10T09:00:00.000Z,2026-10-10 16:00:00
2026-10-10,X.73,บ้านตันหยงมัส,นราธิวาส,11.13,,21.33,ลดลง,-3.77,9.95,7.90,ลดลง,6.33992,101.72696,2026-10-10T09:00:00.000Z,2026-10-10 16:00:00
2026-10-10,MOU462,สะพานคลองวังตะไคร้,นครนายก,26.78,,21.31,ลดลง,-2.71,,,คงที่,14.321295,101.306,2026-10-10T08:50:00.000Z,2026-10-10 15:50:00
2026-10-10,TG05,สะพานน้ำลาว,เชียงราย,0.32000732,,21.3,ลดลง,-3.40,,,คงที่,19.652632,99.53838,2026-10-10T09:45:00.000Z,2026-10-10 16:45:00
2026-10-10,ONE003,สะพานคลองอิปัน,กระบี่,36.75,,21.23,ลดลง,-5.44,,,คงที่,8.525788,98.881874,2026-10-10T08:50:00.000Z,2026-10-10 15:50:00
2026-10-10,N.65,บ้านปางสา,น่าน,1.1,,21.05,เพิ่มขึ้น,-3.90,15.22,7.25,เพิ่มขึ้น,19.23041,100.75409,2026-10-10T09:00:00.000Z,2026-10-10 16:00:00
2026-10-10,X.170,บ้านคลองลำ,พัทลุง,20.66,,21.04,คงที่,-4.54,4.6,1.32,คงที่,7.55901,99.98756,2026-10-10T09:00:00.000Z,2026-10-10 16:00:00
2026-10-10,URTD02,ลำน้ำพอง โรงเรียนลำน้ำพอง,ขอนแก่น,146.88,,20.87,ลดลง,-9.53,8.78,,ลดลง,16.571499,102.881226,2026-10-10T08:00:00.000Z,2026-10-10 15:00:00
2026-10-10,CHR004,แม่สรวย,เชียงราย,451.07,,20.77,ลดลง,-2.89,,,คงที่,19.652618,99.53791,2026-10-10T08:50:00.000Z,2026-10-10 15:50:00
2026-10-10,TW.35,TW.35,ลำปาง,1.0899963,,20.52,เพิ่มขึ้น,-2.13,,,คงที่,17.479214,99.08625,2026-10-10T09:45:00.000Z,2026-10-10 16:45:00
2026-10-10,YOM003,หนองม่วงไข่,แพร่,154.01,,20.32,ลดลง,-5.62,,,คงที่,18.265924,100.17706,2026-10-10T08:50:00.000Z,2026-10-10 15:50:00
2026-10-10,LA04 (TX.334),บ้านอุใดใต้,สตูล,24.2,,20.16,เพิ่มขึ้น,-8.20,,,คงที่,6.928031,99.93599,2026-10-10T09:45:00.000Z,2026-10-10 16:45:00
2026-10-10,WAN003,เถิน,ลำปาง,170.87,,19.97,ลดลง,-7.62,,,คงที่,17.75172,99.23066,2026-10-10T08:50:00.000Z,2026-10-10 15:50:00
2026-10-10,TG06,บ้านป่าย้าง,เชียงราย,0.66000366,,19.86,ลดลง,-4.44,,,คงที่,19.835882,99.808464,2026-10-10T09:45:00.000Z,2026-10-10 16:45:00
2026-10-10,X.248,บ้านหาดใน ,ชุมพร,18.42,,19.79,ลดลง,-5.47,,,คงที่,10.6375,99.05016,2026-10-10T09:00:00.000Z,2026-10-10 16:00:00
2026-10-10,MOU172,สะพานแม่ระมาด,ตาก,173.1,,19.66,ลดลง,-2.10,,,คงที่,16.983847,98.52676,2026-10-10T08:50:00.000Z,2026-10-10 15:50:00
2026-10-10,TBW030,ลำน้ำพุง,สกลนคร,168.7,,19.43,ลดลง,-6.95,,,คงที่,16.996626,104.17369,2026-10-10T08:50:00.000Z,2026-10-10 15:50:00
2026-10-10,P.76,บ้านแม่อีไฮ,ลำพูน,1.46,,19.38,เพิ่มขึ้น,-3.94,2.78,1.10,เพิ่มขึ้น,18.14139,98.89661,2026-10-10T09:00:00.000Z,2026-10-10 16:00:00
2026-10-10,WAN004,เกาะคา,ลำปาง,210.3,,19.28,ลดลง,-4.15,,,คงที่,18.15915,99.3841,2026-10-10T08:50:00.000Z,2026-10-10 15:50:00
2026-10-10,Tkol.20,บ้านลาแล,นราธิวาส,1.29,,19.25,คงที่,-5.41,,,คงที่,6.0832,102.0112,2026-10-10T09:45:00.000Z,2026-10-10 16:45:00
2026-10-10,TX69,บ้านพรุพร้อ,พัทลุง,25.64,,19.19,ลดลง,-5.56,,,คงที่,7.19253,100.221,2026-10-10T09:45:00.000Z,2026-10-10 16:45:00
2026-10-10,N.49,บ้านน้ำยาว,น่าน,1.14,,19.04,คงที่,-3.36,5.76,1.73,คงที่,18.99374,100.9401,2026-10-10T09:00:00.000Z,2026-10-10 16:00:00
2026-10-10,TSW.09,บ้านท่าสองแคว,แม่ฮ่องสอน,1.699997,,18.95,ลดลง,-7.27,,,คงที่,18.33965,97.918304,2026-10-10T09:45:00.000Z,2026-10-10 16:45:00
2026-10-10,M.171,บ้านโนนสาวเอ้,นครราชสีมา,0.86,,18.76,ลดลง,-3.94,4.2,0.72,ลดลง,14.50134,101.76848,2026-10-10T09:00:00.000Z,2026-10-10 16:00:00
2026-10-10,TSN03,คลองท่าแซะ,ชุมพร,37.87,,18.73,คงที่,-9.63,,,คงที่,10.921667,99.21889,2026-10-10T09:45:00.000Z,2026-10-10 16:45:00
2026-10-10,PIN001,บ้านตาก,ตาก,118.45,,18.68,ลดลง,-3.16,,,คงที่,17.04066,99.06628,2026-10-10T08:50:00.000Z,2026-10-10 15:50:00
2026-10-10,YOM005,ศรีสัชนาลัย,สุโขทัย,60.93,,18.63,ลดลง,-11.00,,,คงที่,17.51711,99.75878,2026-10-10T08:50:00.000Z,2026-10-10 15:50:00
2026-10-10,PIN011,น้ำก้อ,ลำพูน,258.07,,18.53,ลดลง,-1.73,,,คงที่,17.636518,98.77956,2026-10-10T08:50:00.000Z,2026-10-10 15:50:00
2026-10-10,TX.230,บ้านท่าปาบ(X.230),ตรัง,20.15,,18.49,ลดลง,-3.35,,,คงที่,7.565272,99.68658,2026-10-10T09:45:00.000Z,2026-10-10 16:45:00
2026-10-10,BNR.03,ปตร.บางนราตอนล่าง,นราธิวาส,2.59,,18.44,เพิ่มขึ้น,-2.61,,,คงที่,6.24644,102.03023,2026-10-10T09:45:00.000Z,2026-10-10 16:45:00
2026-10-10,MOU299,สะพานน้ำแม่แจ่ม,เชียงใหม่,332.31,,18.34,ลดลง,-5.39,,,คงที่,18.230976,98.43924,2026-10-10T08:50:00.000Z,2026-10-10 15:50:00
2026-10-10,ONE044,สะพานข้ามคลองไชยา,สุราษฎร์ธานี,7.1,,18.23,ลดลง,-3.87,,,คงที่,9.398649,99.16831,2026-10-10T08:50:00.000Z,2026-10-10 15:50:00
2026-10-10,ONE033,สะพานข้ามคลองโมง,สกลนคร,157.53,,18.21,ลดลง,-3.37,,,คงที่,17.166748,104.11901,2026-10-10T08:50:00.000Z,2026-10-10 15:50:00
2026-10-10,ONE042,สะพานคลองแม่น้ำเก่า,สุโขทัย,54.82,,18.19,ลดลง,-7.09,,,คงที่,17.341562,99.85571,2026-10-10T08:50:00.000Z,2026-10-10 15:50:00
2026-10-10,N.84,ต.น้ำปาด,อุตรดิตถ์,1.19,,18.18,ลดลง,-4.11,9.32,3.27,ลดลง,17.74482,100.70648,2026-10-10T09:00:00.000Z,2026-10-10 16:00:00
2026-10-10,MOU352,สะพานน้ำงิม,พะเยา,444.02,,17.98,ลดลง,-3.99,,,คงที่,19.321678,100.456184,2026-10-10T08:50:00.000Z,2026-10-10 15:50:00
2026-10-10,K.31,บ้านน้ำโจน,กาญจนบุรี,4.33,,17.9,ลดลง,-10.47,46.26,2.09,ลดลง,14.43409,98.80909,2026-10-10T09:00:00.000Z,2026-10-10 16:00:00
2026-10-10,TNA.02,คลองวัดหญ้า,นครศรีธรรมราช,1.52,,17.88,ลดลง,-6.98,,,คงที่,8.476777,99.9242,2026-10-10T09:45:00.000Z,2026-10-10 16:45:00
2026-10-10,CHM001,สันทราย,เชียงใหม่,314.56,,17.78,ลดลง,-6.71,,,คงที่,19.009766,98.95976,2026-10-10T08:50:00.000Z,2026-10-10 15:50:00
2026-10-10,M.177,บ้านลาดบัวขาว,นครราชสีมา,1.89,,17.66,ลดลง,-4.71,1.62,1.54,ลดลง,14.85019,101.61679,2026-10-10T09:00:00.000Z,2026-10-10 16:00:00
2026-10-10,PCH002,แก่งกระจาน,เพชรบุรี,18.18,,17.63,ลดลง,-5.02,,,คงที่,12.92217,99.81754,2026-10-10T08:50:00.000Z,2026-10-10 15:50:00
2026-10-10,X.213,บ้านพะโต๊ะ,ชุมพร,40.62,,17.6,ลดลง,-6.18,35.55,5.27,ลดลง,9.78357,98.77781,2026-10-10T09:00:00.000Z,2026-10-10 16:00:00
2026-10-10,RPBRPBD11,สะพานอิปัน อ.พระแสง (X.37A),สุราษฎร์ธานี,4.55,,17.6,ลดลง,-7.87,,,คงที่,8.57104,99.25391,2026-10-10T08:00:00.000Z,2026-10-10 15:00:00
2026-10-10,TTP26,สถานีวัดสองพี่น้อง,สุราษฎร์ธานี,24.05,,17.22,ลดลง,-7.45,,,คงที่,8.847972,98.73258,2026-10-10T09:45:00.000Z,2026-10-10 16:45:00
2026-10-10,N.89,ต.หาดงิ้ว,อุตรดิตถ์,0.92,,17.13,ลดลง,-4.95,4.28,,ลดลง,17.69908,100.31554,2026-10-10T09:00:00.000Z,2026-10-10 16:00:00
2026-10-10,TX109,บ้านควนอินนอโม,พัทลุง,26.01,,17.13,ลดลง,-3.87,,,คงที่,7.345515,100.05583,2026-10-10T09:45:00.000Z,2026-10-10 16:45:00
2026-10-10,BLGTD04,อาคารสูบน้ำดิบ กปภ. อ.ยะหา จ.ยะลา,ยะลา,23.02,,17.09,ลดลง,-3.88,,,คงที่,6.47481,101.13952,2026-10-10T08:00:00.000Z,2026-10-10 15:00:00
2026-10-10,NAN015,แม่น้ำสา,น่าน,183.84,,16.98,ลดลง,-5.81,,,คงที่,18.57183,100.74266,2026-10-10T08:50:00.000Z,2026-10-10 15:50:00
2026-10-10,Ky.3,บ้านทุ่งแฝก,ประจวบคีรีขันธ์,0.57,,16.96,เพิ่มขึ้น,-3.83,0.85,0.25,เพิ่มขึ้น,12.09765,99.78846,2026-10-10T09:00:00.000Z,2026-10-10 16:00:00
2026-10-10,FOP066,สะพานช้ามแม่น้ำลาว - บ้านโฮ่ง ,เชียงราย,587.38,,16.93,ลดลง,-1.86,,,คงที่,19.173225,99.50559,2026-10-10T08:50:00.000Z,2026-10-10 15:50:00
2026-10-10,Z.21,บ้านโป่งโรงเซ็น,จันทบุรี,1.02,,16.9,เพิ่มขึ้น,-6.47,5.2,1.98,เพิ่มขึ้น,12.79196,102.25467,2026-10-10T09:00:00.000Z,2026-10-10 16:00:00
2026-10-10,TG03,สะพานฝายดินดำ,เชียงราย,-0.19998169,,16.79,ลดลง,-3.32,,,คงที่,19.545473,99.47185,2026-10-10T09:45:00.000Z,2026-10-10 16:45:00
2026-10-10,PIN010,ห้วยแม่ลี้,ลำพูน,440.52,,16.75,ลดลง,-5.00,,,คงที่,17.805336,98.95324,2026-10-10T08:50:00.000Z,2026-10-10 15:50:00
2026-10-10,K.25A,บ้านคา,ราชบุรี,0.57,,16.73,ลดลง,-4.33,2.91,0.91,ลดลง,13.40285,99.41701,2026-10-10T09:00:00.000Z,2026-10-10 16:00:00
2026-10-10,TBW021,สะพานมิตรภาพรับร่อ-หินแก้ว,ชุมพร,8.02,,16.73,ลดลง,-7.65,,,คงที่,10.607461,99.095345,2026-10-10T08:50:00.000Z,2026-10-10 15:50:00
2026-10-10,X.113,บ้านทุ่งปราบ,สงขลา,32.19,,16.68,ลดลง,-4.29,0.18,0.17,ลดลง,6.63504,100.39341,2026-10-10T09:00:00.000Z,2026-10-10 16:00:00
2026-10-10,TTL.01,อ่างเก็บน้ำห้วยยาง,สระแก้ว,0.33000183,,16.63,ลดลง,-6.67,,,คงที่,14.013375,102.644844,2026-10-10T09:45:00.000Z,2026-10-10 16:45:00
2026-10-10,FOP052,ห้วยแม่แจ่ม,เชียงใหม่,950.05,,16.39,ลดลง,-2.30,,,คงที่,19.073076,98.30672,2026-10-10T08:50:00.000Z,2026-10-10 15:50:00
2026-10-10,BBBBD09,แม่น้ำวังที่ อ.เถิน (W.3A),ลำปาง,160.62,,16.31,ลดลง,-8.46,,,คงที่,17.641502,99.232056,2026-10-10T08:00:00.000Z,2026-10-10 15:00:00
2026-10-10,TX141,ฝายนาท่อม,พัทลุง,19.06,,16.27,ลดลง,-3.14,,,คงที่,7.59192,100.00982,2026-10-10T09:45:00.000Z,2026-10-10 16:45:00
2026-10-10,TTP18,บ้านโพธิ์น้อย,สุราษฎร์ธานี,17.72,,16.14,เพิ่มขึ้น,-6.34,,,คงที่,9.137005,98.95723,2026-10-10T09:45:00.000Z,2026-10-10 16:45:00
2026-10-10,TSW.05,บ้านแม่กึ๊ดสามท่า,ตาก,1.6100006,,16.05,ลดลง,-8.42,,,คงที่,16.835852,98.59166,2026-10-10T09:45:00.000Z,2026-10-10 16:45:00
2026-10-10,M.69,บ้านท่าบอแบง,อุบลราชธานี,3.29,,16.0,ลดลง,-4.41,147.4,44.67,ลดลง,15.50421,104.9662,2026-10-10T09:00:00.000Z,2026-10-10 16:00:00
2026-10-10,BNR.02,ปตร.น้ำแบ่ง,นราธิวาส,2.71,,15.78,เพิ่มขึ้น,-3.79,,,คงที่,6.331683,101.9573,2026-10-10T09:45:00.000Z,2026-10-10 16:45:00
2026-10-10,MOU323,สะพานน้ำวัง,ลำปาง,442.78,,15.75,ลดลง,-2.45,,,คงที่,19.2325,99.63241,2026-10-10T08:50:00.000Z,2026-10-10 15:50:00
2026-10-10,TSL38,คลองตงตอนล่าง,สงขลา,0.44000053,,15.58,เพิ่มขึ้น,-6.07,,,คงที่,6.848806,100.471146,2026-10-10T09:45:00.000Z,2026-10-10 16:45:00
2026-10-10,N.12A,บ้านหาดไผ่,อุตรดิตถ์,1.23,,15.56,ลดลง,-11.23,40.61,1.35,ลดลง,17.73687,100.53159,2026-10-10T09:00:00.000Z,2026-10-10 16:00:00
2026-10-10,TW.29,TW.29,ลำปาง,1.2299805,,15.53,ลดลง,-2.23,,,คงที่,18.368643,99.32662,2026-10-10T09:45:00.000Z,2026-10-10 16:45:00
2026-10-10,CHN004,แก่งหางแมว,จันทบุรี,22.45,,15.45,ลดลง,-4.65,,,คงที่,12.986792,101.89965,2026-10-10T08:50:00.000Z,2026-10-10 15:50:00
2026-10-10,THA003,ด่านช้าง,สุพรรณบุรี,62.43,,15.31,คงที่,-7.93,,,คงที่,14.83506,99.66542,2026-10-10T08:50:00.000Z,2026-10-10 15:50:00
2026-10-10,Gt.11,บ้านช้างแรก,ประจวบคีรีขันธ์,0.56,,15.28,เพิ่มขึ้น,-2.44,0.08,0.09,คงที่,11.06431,99.37225,2026-10-10T09:00:00.000Z,2026-10-10 16:00:00
2026-10-10,TP.100,ฝายคลองสวนหมาก,กำแพงเพชร,0.65000916,,15.27,เพิ่มขึ้น,-3.33,,,คงที่,16.330917,99.26475,2026-10-10T09:45:00.000Z,2026-10-10 16:45:00
2026-10-10,BBBBD10,แม่น้ำวังที่ อ.สามเงา (W.4A),ตาก,132.2,,15.23,ลดลง,-10.52,,,คงที่,17.204905,99.09809,2026-10-10T08:00:00.000Z,2026-10-10 15:00:00
2026-10-10,N.64,บ้านผาขวาง,น่าน,1.36,,15.12,ลดลง,-8.14,44.6,4.34,ลดลง,19.01517,100.78021,2026-10-10T09:00:00.000Z,2026-10-10 16:00:00
2026-10-10,TBW022,สะพานแม่ฟ้าหลวง,เชียงราย,389.04,,14.77,คงที่,-3.22,,,คงที่,19.92192,99.81824,2026-10-10T08:50:00.000Z,2026-10-10 15:50:00
2026-10-10,TKL.28A,บ้านฟากเลย,เลย,1.3399963,,14.7,ลดลง,-13.64,,,คงที่,17.29952,101.77633,2026-10-10T09:45:00.000Z,2026-10-10 16:45:00
2026-10-10,Tpat.4,บ้านบาซาเอ,ปัตตานี,1.05,,14.69,ลดลง,-6.10,,,คงที่,6.737495,101.27318,2026-10-10T09:45:00.000Z,2026-10-10 16:45:00
2026-10-10,X.187,บ้านหินดาน,พังงา,3.42,,14.56,ลดลง,-4.83,30.2,4.79,ลดลง,8.77622,98.39047,2026-10-10T09:00:00.000Z,2026-10-10 16:00:00
2026-10-10,Y.21,ห้วยแม่สิน,แพร่,0.64,,14.39,เพิ่มขึ้น,-6.28,2.68,0.84,เพิ่มขึ้น,17.79234,99.78703,2026-10-10T09:00:00.000Z,2026-10-10 16:00:00
2026-10-10,SAY002,ศรีสาคร,นราธิวาส,24.29,,14.35,ลดลง,-10.74,,,คงที่,6.227293,101.49695,2026-10-10T07:50:00.000Z,2026-10-10 14:50:00
2026-10-10,TW.17A,น้ำแม่สอย  W.17A,ลำปาง,0.32000732,,14.34,ลดลง,-2.45,,,คงที่,18.744577,99.56851,2026-10-10T09:45:00.000Z,2026-10-10 16:45:00
2026-10-10,X.67A,บ้านนาสีทอง,สงขลา,33.57,,14.19,ลดลง,-6.35,4.7,1.62,ลดลง,7.10502,100.19393,2026-10-10T09:00:00.000Z,2026-10-10 16:00:00
2026-10-10,MOU032,สะพานน้ำกอน บ้านพญาแก้ว,น่าน,266.19,,14.18,เพิ่มขึ้น,-2.14,,,คงที่,19.286133,100.901245,2026-10-10T08:50:00.000Z,2026-10-10 15:50:00
2026-10-10,MOU460,สะพานคลองลำพญาธาร,ปราจีนบุรี,79.36,,14.14,ลดลง,-4.73,,,คงที่,14.26568,101.89133,2026-10-10T08:50:00.000Z,2026-10-10 15:50:00
2026-10-10,X.277,บ้านพิกุลทอง,พัทลุง,17.59,,14.12,ลดลง,-3.31,,,คงที่,7.74024,99.98028,2026-10-10T09:00:00.000Z,2026-10-10 16:00:00
2026-10-10,TNA.04,คลองนอกท่า,นครศรีธรรมราช,19.72,,13.73,ลดลง,-5.78,,,คงที่,8.530108,99.81985,2026-10-10T09:45:00.000Z,2026-10-10 16:45:00
2026-10-10,MOU325,สะพานพัฒนามิตรภาพแม่น้ำตุ๋ย,ลำปาง,266.25,,13.72,ลดลง,-6.71,,,คงที่,18.474382,99.46628,2026-10-10T08:50:00.000Z,2026-10-10 15:50:00
2026-10-10,TTC14,บ้านด่านช้าง,สุพรรณบุรี,0.920002,,13.63,คงที่,-5.83,,,คงที่,14.8197,99.6941,2026-10-10T09:45:00.000Z,2026-10-10 16:45:00
2026-10-10,TSW.15,ปางหมู,แม่ฮ่องสอน,1.0100098,,13.51,ลดลง,-6.40,,,คงที่,19.333435,97.950066,2026-10-10T09:45:00.000Z,2026-10-10 16:45:00
2026-10-10,MOU322,สะพานน้ำคลองแม่สอย,ลำปาง,308.81,,13.34,คงที่,-2.28,,,คงที่,18.784437,99.569565,2026-10-10T07:50:00.000Z,2026-10-10 14:50:00
2026-10-10,PIN003,สะพานลานดอกไม้,กำแพงเพชร,80.74,,13.25,ลดลง,-3.90,,,คงที่,16.6282,99.43257,2026-10-10T08:50:00.000Z,2026-10-10 15:50:00
2026-10-10,X.190A,บ้านเก็ตโฮ่,ภูเก็ต,14.38,,13.06,เพิ่มขึ้น,-2.75,,,คงที่,7.9034,98.34968,2026-10-10T09:00:00.000Z,2026-10-10 16:00:00
2026-10-10,N.54,บ้านวังโป่ง,เพชรบูรณ์,-0.11,,12.76,ลดลง,-5.19,0.6,0.20,ลดลง,16.32747,100.80173,2026-10-10T09:00:00.000Z,2026-10-10 16:00:00
2026-10-10,Kh.61,บ้านแก่งบง,เลย,0.82,,12.73,ลดลง,-7.68,7.96,3.18,ลดลง,17.13114,101.67949,2026-10-10T09:00:00.000Z,2026-10-10 16:00:00
2026-10-10,JNA001,จะนะ,สงขลา,2.95,,12.68,เพิ่มขึ้น,-1.80,,,คงที่,6.916774,100.72958,2026-10-10T08:50:00.000Z,2026-10-10 15:50:00
2026-10-10,X.276,บ้านเขาปู่,พัทลุง,50.49,,12.47,คงที่,-3.41,1.45,2.30,คงที่,7.70724,99.84174,2026-10-10T09:00:00.000Z,2026-10-10 16:00:00
2026-10-10,Tpat.17,บ้านอาบอ,ยะลา,23.19,,12.34,ลดลง,-12.01,,,คงที่,6.474093,101.14681,2026-10-10T09:45:00.000Z,2026-10-10 16:45:00
2026-10-10,TSW.14,ห้วยน้ำของ,แม่ฮ่องสอน,0.7000122,,12.22,ลดลง,-5.03,,,คงที่,19.53521,98.113686,2026-10-10T09:45:00.000Z,2026-10-10 16:45:00
2026-10-10,CHM005,แม่แตง,เชียงใหม่,329.91,,12.18,ลดลง,-5.90,,,คงที่,19.12207,98.94447,2026-10-10T08:50:00.000Z,2026-10-10 15:50:00
2026-10-10,X.274,บ้านบูเก๊ะตา,นราธิวาส,18.47,,12.06,ลดลง,-5.03,9.4,3.70,ลดลง,5.83916,101.89214,2026-10-10T09:00:00.000Z,2026-10-10 16:00:00
2026-10-10,TTR.08,วัดคลองขุด,ตราด,0.6,,12.0,ลดลง,-4.40,,,คงที่,12.360416,102.54929,2026-10-10T09:45:00.000Z,2026-10-10 16:45:00
2026-10-10,Gt.10,บ้านหนองหญ้าปล้อง,ประจวบคีรีขันธ์,0.99,,11.91,ลดลง,-5.51,3.7,1.32,ลดลง,11.40416,99.51922,2026-10-10T09:00:00.000Z,2026-10-10 16:00:00
2026-10-10,TSL35,คลองเหมืองตะกั่ว,พัทลุง,36.95,,11.9,ลดลง,-4.59,,,คงที่,7.26871,100.09439,2026-10-10T09:45:00.000Z,2026-10-10 16:45:00
2026-10-10,MOU493,สะพานคลองปง (คีรีวง),นครศรีธรรมราช,42.75,,11.64,เพิ่มขึ้น,-5.67,,,คงที่,8.4339,99.7833,2026-10-10T08:50:00.000Z,2026-10-10 15:50:00
2026-10-10,URCD02,น้ำพรม บ้านกุดเลาะ    ,ชัยภูมิ,228.14,,11.53,คงที่,-5.61,,,คงที่,16.293755,101.9048,2026-10-10T08:00:00.000Z,2026-10-10 15:00:00
2026-10-10,TUP.11,สถานีน้ำแม่งัดที่ท้ายเขื่อนแม่งัดสมบูรณ์ชล,เชียงใหม่,0.8800049,,11.52,คงที่,-5.07,,,คงที่,19.156273,99.03173,2026-10-10T09:45:00.000Z,2026-10-10 16:45:00
2026-10-10,NKO001,ทุ่งสง,นครศรีธรรมราช,51.1,,11.38,ลดลง,-4.10,,,คงที่,8.174954,99.67887,2026-10-10T08:50:00.000Z,2026-10-10 15:50:00
2026-10-10,FOP026,สะพานคลองพาย,สุราษฎร์ธานี,77.92,,11.34,ลดลง,-3.33,,,คงที่,9.155652,98.895035,2026-10-10T08:50:00.000Z,2026-10-10 15:50:00
2026-10-10,Gt.9,บ้านกลาง,ประจวบคีรีขันธ์,0.27,,11.19,ลดลง,-3.73,0.32,0.32,ลดลง,11.49674,99.6023,2026-10-10T09:00:00.000Z,2026-10-10 16:00:00
2026-10-10,CHR005,เชียงแสน,เชียงราย,356.29,,11.19,ลดลง,-8.47,,,คงที่,20.219673,100.12119,2026-10-10T08:50:00.000Z,2026-10-10 15:50:00
2026-10-10,SKU02,อ.ท่าวังผา (N.64),น่าน,212.26,,11.11,ลดลง,-11.84,,,คงที่,19.015331,100.78016,2026-10-10T08:00:00.000Z,2026-10-10 15:00:00
2026-10-10,ONE030,สะพานข้ามคลองเดียก,สกลนคร,160.87,,10.92,ลดลง,-2.53,,,คงที่,17.126007,104.14093,2026-10-10T08:50:00.000Z,2026-10-10 15:50:00
2026-10-10,TSW.13,บ้านสบสา,แม่ฮ่องสอน,0.710022,,10.9,ลดลง,-5.72,,,คงที่,19.221191,98.422325,2026-10-10T09:45:00.000Z,2026-10-10 16:45:00
2026-10-10,TRD007,คลองเขาระกำ,ตราด,1.89,,10.46,ลดลง,-2.80,,,คงที่,12.250544,102.475716,2026-10-10T08:50:00.000Z,2026-10-10 15:50:00
2026-10-10,CHR001,เมืองเชียงราย,เชียงราย,400.47,,10.38,ลดลง,-5.09,,,คงที่,19.826336,99.778946,2026-10-10T08:50:00.000Z,2026-10-10 15:50:00
2026-10-10,BBBBD05,ห้วยแม่ท้อที่ อ.เมืองตาก,ตาก,127.87,,10.37,คงที่,-4.35,,,คงที่,16.840885,99.06834,2026-10-10T08:00:00.000Z,2026-10-10 15:00:00
2026-10-10,MOU353,สะพานน้ำเงิน,พะเยา,310.57,,10.36,ลดลง,-4.14,,,คงที่,19.228954,100.32621,2026-10-10T08:50:00.000Z,2026-10-10 15:50:00
2026-10-10,MOU293,สะพานน้ำแม่ขาน,เชียงใหม่,440.24,,10.34,ลดลง,-7.36,,,คงที่,18.7955,98.7307,2026-10-10T08:30:00.000Z,2026-10-10 15:30:00
2026-10-10,FOP028,สะพานทางเข้าชุมชนบ้านปากซวด,สุราษฎร์ธานี,31.1,,9.97,ลดลง,-3.75,,,คงที่,8.889668,98.82031,2026-10-10T08:50:00.000Z,2026-10-10 15:50:00
2026-10-10,BLGTD02,สะพานหัวสะพาน อ.บันนังสตา จ.ยะลา,ยะลา,35.0,,9.9,ลดลง,-5.30,,,คงที่,6.262132,101.268234,2026-10-10T08:00:00.000Z,2026-10-10 15:00:00
2026-10-10,E.22B,บ้านท่าเม่า,ขอนแก่น,0.66,,9.42,ลดลง,-9.34,10.08,2.34,ลดลง,16.65448,102.82349,2026-10-10T09:00:00.000Z,2026-10-10 16:00:00
2026-10-10,FOP063,บ้านคลองมุย หมู่ที่ 13,สุราษฎร์ธานี,110.72,,8.71,ลดลง,-2.88,,,คงที่,9.252886,98.85421,2026-10-10T08:30:00.000Z,2026-10-10 15:30:00
2026-10-10,TSL40,คลองหวะตอนล่าง,สงขลา,-0.53,,8.44,ลดลง,-7.05,,,คงที่,6.987312,100.474045,2026-10-10T09:45:00.000Z,2026-10-10 16:45:00
2026-10-10,BBBBU01,แม่น้ำปิงที่ อ.จอมทอง,เชียงใหม่,270.96,,8.33,ลดลง,-9.67,,,คงที่,18.435266,98.740105,2026-10-10T08:00:00.000Z,2026-10-10 15:00:00
2026-10-10,MOU359,สะพานน้ำแม่สิน,แพร่,144.3,,8.28,ลดลง,-5.39,,,คงที่,17.802008,99.8496,2026-10-10T08:50:00.000Z,2026-10-10 15:50:00
2026-10-10,TNB.07,ฝายท่าดี,นครศรีธรรมราช,17.31,,8.1,ลดลง,-9.19,,,คงที่,8.3910475,99.86455,2026-10-10T09:45:00.000Z,2026-10-10 16:45:00
2026-10-10,Tpat.21,บ้านกูหมัง,ยะลา,1.1100006,,7.8,ลดลง,-6.50,,,คงที่,6.226084,101.22258,2026-10-10T09:45:00.000Z,2026-10-10 16:45:00
2026-10-10,MOU027,สะพานน้ำยาว บ้านสองแคว,น่าน,279.21,,7.72,คงที่,-4.02,,,คงที่,19.356682,100.70643,2026-10-10T08:50:00.000Z,2026-10-10 15:50:00
2026-10-10,MOU373,สะพานคลองแม่มอญ,ลำปาง,353.3,,6.95,ลดลง,-2.68,,,คงที่,18.810114,99.50327,2026-10-10T08:50:00.000Z,2026-10-10 15:50:00
2026-10-10,M.183B,บ้านคลองหินลับ,นครราชสีมา,0.49,,6.61,ลดลง,-5.51,0.97,1.01,ลดลง,14.72852,101.56429,2026-10-10T09:00:00.000Z,2026-10-10 16:00:00
2026-10-10,FOP057,บ้านประดู่,นครศรีธรรมราช,66.72,,5.73,ลดลง,-3.69,,,คงที่,8.212039,99.703285,2026-10-10T08:50:00.000Z,2026-10-10 15:50:00
2026-10-10,MOU494,สะพานบ้านคีรีวง คลองท่าดี,นครศรีธรรมราช,42.03,,5.66,ลดลง,-4.28,,,คงที่,8.43295,99.7826,2026-10-10T08:50:00.000Z,2026-10-10 15:50:00
2026-10-10,TTL.07,บ้านวังกระแพร่,จันทบุรี,0.3600006,,5.63,คงที่,-6.03,,,คงที่,12.971751,102.28541,2026-10-10T09:45:00.000Z,2026-10-10 16:45:00
2026-10-10,ONE009,ปตร. ห้วยแคน-ท้ายน้ำ,นครพนม,133.09,,5.5,ลดลง,-5.63,,,คงที่,16.927946,104.72031,2026-10-10T08:50:00.000Z,2026-10-10 15:50:00
2026-10-10,BBBBD01,แม่น้ำปิงที่ อ.สามเงา (P.12C),ตาก,127.95,,5.11,ลดลง,-8.86,,,คงที่,17.238337,99.0263,2026-10-09T23:00:00.000Z,2026-10-10 06:00:00
2026-10-10,E.75,บ้านหนองม่วง,กาฬสินธุ์,0.67,,5.01,เพิ่มขึ้น,-6.83,5.27,1.51,เพิ่มขึ้น,16.58121,103.43711,2026-10-10T09:00:00.000Z,2026-10-10 16:00:00
2026-10-10,X.200,บ้านวังไทร,นครศรีธรรมราช,31.5,,4.79,ลดลง,-3.70,1.5,0.61,ลดลง,8.40836,99.79785,2026-10-10T09:00:00.000Z,2026-10-10 16:00:00
2026-10-10,BLGTD05,สะพานเมืองปัตตานี อ.เมือง จ.ปัตตานี,ปัตตานี,0.06,,4.78,ลดลง,-1.09,,,คงที่,6.859914,101.25131,2026-10-10T08:00:00.000Z,2026-10-10 15:00:00
2026-10-10,TSL27,ปตร.คลอง 1ซ-ร1,สงขลา,-0.24,,4.66,คงที่,-6.54,,,คงที่,7.008409,100.4421,2026-10-10T09:45:00.000Z,2026-10-10 16:45:00
2026-10-10,MOU471,สะพานคลองจันทเขลม,จันทบุรี,52.23,,4.54,ลดลง,-4.84,,,คงที่,13.003284,102.04864,2026-10-10T08:50:00.000Z,2026-10-10 15:50:00
2026-10-10,MOU355,สะพานน้ำแม่จั๊ว,พะเยา,269.63,,4.23,ลดลง,-5.34,,,คงที่,19.019,100.26423,2026-10-10T08:50:00.000Z,2026-10-10 15:50:00
2026-10-10,MOU038,สะพานห้วยน้ำสาย,น่าน,263.7,,3.91,ลดลง,-2.46,,,คงที่,19.026321,100.73505,2026-10-10T08:50:00.000Z,2026-10-10 15:50:00
2026-10-10,FOP054,สะพานแม่น้ำลาว,เชียงราย,663.14,,3.48,ลดลง,-3.88,,,คงที่,19.108244,99.45519,2026-10-10T08:50:00.000Z,2026-10-10 15:50:00
2026-10-10,MOU454,คลองเบตง (ชุมชนกุนุงจนอง),ยะลา,281.8,,3.2,เพิ่มขึ้น,-4.63,,,คงที่,5.785542,101.05586,2026-10-10T08:50:00.000Z,2026-10-10 15:50:00
2026-10-10,Gt.20,สะพานรถยนต์ ร.ร.อนุบาลบางสะพาน,ประจวบคีรีขันธ์,0.64,,3.16,เพิ่มขึ้น,-3.06,,,คงที่,11.20557,99.5085,2026-10-10T09:00:00.000Z,2026-10-10 16:00:00
2026-10-10,MOU473,สะพานคลองสะตอ,ตราด,94.85,,3.0,ลดลง,-3.36,,,คงที่,12.7065,102.415,2026-10-10T08:30:00.000Z,2026-10-10 15:30:00
2026-10-10,FOP030,สะพานข้ามคลองหวาด,สุราษฎร์ธานี,66.74,,2.97,ลดลง,-6.20,,,คงที่,8.935919,99.60879,2026-10-10T08:50:00.000Z,2026-10-10 15:50:00
2026-10-10,MOU025,สะพานแม่น้ำน่าน บ้านเปียงก่อ,น่าน,621.05,,2.93,ลดลง,-7.84,,,คงที่,19.432112,101.15271,2026-10-10T08:50:00.000Z,2026-10-10 15:50:00
2026-10-10,X.10A,สะพานเดชานุชิต,ปัตตานี,0.03,,2.61,ลดลง,-1.12,,,คงที่,6.866,101.25213,2026-10-10T09:00:00.000Z,2026-10-10 16:00:00
2026-10-10,TPR.5,บ้านเขาน้ำตก,ประจวบคีรีขันธ์,0.05,,2.5,คงที่,-1.95,,,คงที่,12.4672,99.8041,2026-10-10T09:45:00.000Z,2026-10-10 16:45:00
2026-10-10,FOP036,สะพานห้วยน้ำใส,นครศรีธรรมราช,23.74,,2.39,เพิ่มขึ้น,-11.55,,,คงที่,7.889563,99.87421,2026-10-10T08:50:00.000Z,2026-10-10 15:50:00
2026-10-10,FOP037,สะพานข้ามคลองห้วยกรวด,นครศรีธรรมราช,13.31,,2.11,คงที่,-7.21,,,คงที่,7.876767,99.93331,2026-10-10T08:50:00.000Z,2026-10-10 15:50:00
2026-10-10,TSL03,สถานีปากคลองระโนด,สงขลา,2.1,,2.0,ลดลง,-4.90,,,คงที่,7.769627,100.3021,2026-10-10T09:45:00.000Z,2026-10-10 16:45:00
2026-10-10,MOU342,สะพานน้ำงาว,ลำปาง,332.27,,1.78,ลดลง,-1.21,,,คงที่,18.889069,99.94006,2026-10-10T08:50:00.000Z,2026-10-10 15:50:00
2026-10-10,MOU335,สะพานน้ำแม่คะ ,พะเยา,424.49,,1.53,คงที่,-5.80,,,คงที่,19.3372,100.4312,2026-10-10T08:50:00.000Z,2026-10-10 15:50:00
2026-10-10,MOU009,สะพานน้ำแม่สา,เชียงใหม่,735.23,,0.62,ลดลง,-3.22,,,คงที่,18.885847,98.82688,2026-10-10T08:50:00.000Z,2026-10-10 15:50:00
2026-10-10,MOU303,สะพานแม่น้ำปิง,เชียงใหม่,428.52,,0.48,ลดลง,-3.52,,,คงที่,19.507929,98.958786,2026-10-10T08:50:00.000Z,2026-10-10 15:50:00
2026-10-10,TBW024,สะพานอิงอุดม,เชียงราย,333.76,,0.39,ลดลง,-15.52,,,คงที่,20.196428,100.44184,2026-10-10T08:50:00.000Z,2026-10-10 15:50:00
2026-10-10,TTC13,บ้านผาทั่ง,อุทัยธานี,0.0,,0.0,เพิ่มขึ้น,-2.46,,,คงที่,15.1054,99.5358,2026-10-10T09:45:00.000Z,2026-10-10 16:45:00
2026-10-10,B.8A,บ้านโพรงเข้,เพชรบุรี,0.21,,-0.49,ลดลง,-5.79,,,คงที่,12.81504,99.70087,2026-10-10T09:00:00.000Z,2026-10-10 16:00:00
2026-10-10,ONE041,สะพานข้ามแม่น้ำยมสายเก่า-วัดปากน้ำ,สุโขทัย,52.7,,-0.65,ลดลง,-2.62,,,คงที่,17.219593,99.88953,2026-10-10T08:50:00.000Z,2026-10-10 15:50:00
2026-10-10,FOP045,สะพานข้ามแม่น้ำปัตตานี,ยะลา,5.78,,-0.89,ลดลง,-19.35,,,คงที่,6.411655,101.27802,2026-10-10T08:50:00.000Z,2026-10-10 15:50:00
2026-10-10,FOP013,บ้านตอง,น่าน,356.67,,-1.06,ลดลง,-4.01,,,คงที่,18.846592,101.0289,2026-10-10T08:50:00.000Z,2026-10-10 15:50:00
2026-10-10,TW.28,TW.28,ลำปาง,0.80999756,,-1.57,เพิ่มขึ้น,-3.24,,,คงที่,18.55926,99.466835,2026-10-10T09:45:00.000Z,2026-10-10 16:45:00
2026-10-10,TTL.06,บ้านทุ่งกร่าง,จันทบุรี,-0.11000061,,-2.16,คงที่,-5.20,,,คงที่,13.028848,102.26882,2026-10-10T09:45:00.000Z,2026-10-10 16:45:00
2026-10-10,MOU048,สะพานห้วยแม่ถาบ้านปาหุ่ง,น่าน,289.89,,-2.84,ลดลง,-5.80,,,คงที่,18.584215,100.509315,2026-10-10T08:50:00.000Z,2026-10-10 15:50:00
2026-10-10,FOP055,คลองกั้ง,อุตรดิตถ์,69.13,,-3.39,ลดลง,-4.09,,,คงที่,17.71633,100.124115,2026-10-10T08:50:00.000Z,2026-10-10 15:50:00
2026-10-10,MOU053,สะพานน้ำมวบ บ้านน้ำมวบ,น่าน,290.99,,-5.16,ลดลง,-4.28,,,คงที่,18.484377,100.93809,2026-10-10T08:50:00.000Z,2026-10-10 15:50:00
2026-10-10,TPR.4,เขื่อนปราณบุรี,ประจวบคีรีขันธ์,-3.75,,-5.43,คงที่,-72.75,,,คงที่,12.457138,99.79433,2026-10-10T09:45:00.000Z,2026-10-10 16:45:00
2026-10-10,Y.26,ห้วยแม่มอก,ลำปาง,1.11,,-6.0,คงที่,-4.77,7.03,2.42,คงที่,17.33189,99.46181,2026-10-10T09:00:00.000Z,2026-10-10 16:00:00
2026-10-10,TSL33,คลองลำเบ็ดบน,พัทลุง,-0.63000107,,-6.01,เพิ่มขึ้น,-7.06,,,คงที่,7.545644,99.96047,2026-10-10T09:45:00.000Z,2026-10-10 16:45:00
2026-10-10,X.231A,ชุมชนประชาบำรุง,สตูล,-0.24,,-8.0,ลดลง,-3.24,,,คงที่,6.87577,99.78264,2026-10-10T09:00:00.000Z,2026-10-10 16:00:00
2026-10-10,TP9 (TX.332),บ้านเหล,พังงา,11.54,,-8.46,ลดลง,-5.64,,,คงที่,8.771167,98.438416,2026-10-10T09:45:00.000Z,2026-10-10 16:45:00
2026-10-10,TTR.02,ชลประทานตราด,ตราด,-0.27,,-9.0,เพิ่มขึ้น,-3.27,,,คงที่,12.243311,102.50655,2026-10-10T09:45:00.000Z,2026-10-10 16:45:00
2026-10-10,MOU298,สะพานน้ำแม่ต๋อม,เชียงใหม่,794.38,,-12.51,เพิ่มขึ้น,-1.93,,,คงที่,17.7999,98.364,2026-10-10T08:50:00.000Z,2026-10-10 15:50:00
2026-10-10,ONE004,สะพานข้ามคลองตะโก,ชุมพร,66.77,,-13.82,ลดลง,-3.23,,,คงที่,10.077671,98.98699,2026-10-10T08:50:00.000Z,2026-10-10 15:50:00
2026-10-10,TPB17,สถานีเขื่อนเพชร (ท้ายน้ำ),เพชรบุรี,6.91,,-15.14,คงที่,-12.09,,,คงที่,12.914265,99.854454,2026-10-10T09:45:00.000Z,2026-10-10 16:45:00
2026-10-10,TKgt48,บ้านเนินหินกอง,ปราจีนบุรี,23.12,,-16.54,ลดลง,-7.82,,,คงที่,13.782015,101.900566,2026-10-10T09:45:00.000Z,2026-10-10 16:45:00
2026-10-10,FOP008,ลำน้ำกูน,น่าน,295.99,,-50.3,ลดลง,-2.75,,,คงที่,19.148952,100.9464,2026-10-10T08:50:00.000Z,2026-10-10 15:50:00
2026-10-10,Tkol.2(TX.358),โรงเรียนบ้านปะลุกา,นราธิวาส,-9.99,,-138.09,คงที่,-11.19,,,คงที่,6.180447,102.080154,2026-10-10T09:45:00.000Z,2026-10-10 16:45:00
2026-10-10,TSN10,ประตูระบายน้ำสามแก้ว,ชุมพร,-9.99,,-174.83,คงที่,-16.49,,,คงที่,10.520002,99.18323,2026-10-10T09:45:00.000Z,2026-10-10 16:45:00
2026-10-10,TPN10,บ้านตูล,นครศรีธรรมราช,-9.99,,-215.4,คงที่,-12.49,,,คงที่,8.041068,99.98193,2026-10-10T09:45:00.000Z,2026-10-10 16:45:00
2026-10-10,TE.115,วัดเสมาท่าค้อ,ร้อยเอ็ด,-999.0,,-656.94,คงที่,-1009.00,,,คงที่,15.840905,103.96517,2026-10-10T09:45:00.000Z,2026-10-10 16:45:00
2026-10-10,X.283,บ้านปรีกี ,ปัตตานี,4.19,,,ลดลง,,,,คงที่,6.71549,101.2854,2026-10-10T09:00:00.000Z,2026-10-10 16:00:00
2026-10-10,TSW.10,บ้านพะมอลอ,แม่ฮ่องสอน,,,,คงที่,,,,คงที่,18.178425,97.92406,2026-10-10T09:45:00.000Z,2026-10-10 16:45:00
2026-10-10,TK.37A,วัดยางเกาะ,กาญจนบุรี,,,,คงที่,,,,คงที่,13.901244,99.46222,2026-10-10T09:45:00.000Z,2026-10-10 16:45:00
2026-10-10,Tpat.15,บ้านตาสา,ยะลา,,,,คงที่,,,,คงที่,6.559238,101.219925,2026-10-10T09:45:00.000Z,2026-10-10 16:45:00
2026-10-10,TTR.01,ชลประทานวังกระแจะ,ตราด,,,,คงที่,,,,คงที่,12.250492,102.530205,2026-10-10T09:45:00.000Z,2026-10-10 16:45:00
2026-10-10,TP.97,อุทยานแห่งชาติคลองวังเจ้า,กำแพงเพชร,,,,คงที่,,,,คงที่,16.505556,99.16983,2026-10-10T09:45:00.000Z,2026-10-10 16:45:00
2026-10-10,TW.27,TW.27,ลำปาง,,,,คงที่,,,,คงที่,18.811476,99.57504,2026-10-10T09:45:00.000Z,2026-10-10 16:45:00
2026-10-10,TK.66,วัดประชุมพลแสน,ราชบุรี,,,,คงที่,,,,คงที่,13.5603,99.3615,2026-10-10T09:45:00.000Z,2026-10-10 16:45:00
2026-10-10,TSK.16,วัดเวฬุวนาราม,อุทัยธานี,,,,คงที่,,,,คงที่,15.325393,100.07004,2026-10-10T09:45:00.000Z,2026-10-10 16:45:00
2026-10-10,LA05 (TX.335),บ้านเหนือคลอง,สตูล,,,,คงที่,,,,คงที่,6.995637,100.01673,2026-10-10T09:45:00.000Z,2026-10-10 16:45:00
2026-10-10,TTP27,สถานีบ้านทุ่งกรวด,นครศรีธรรมราช,,,,คงที่,,,,คงที่,8.351444,99.27472,2026-10-10T09:45:00.000Z,2026-10-10 16:45:00
2026-10-10,TY.45,บ้านไผ่โทน จ.แพร่,แพร่,,,,คงที่,,,,คงที่,18.388018,100.43311,2026-10-10T09:45:00.000Z,2026-10-10 16:45:00
2026-10-10,TMK01,วัดศรัทธาธรรม,สุทรสงคราม,,,,คงที่,,,,คงที่,13.3773,99.993,2026-10-10T09:45:00.000Z,2026-10-10 16:45:00
2026-10-10,TP.110,บ้านปากร้อง,ตาก,,,,คงที่,,,,คงที่,16.863934,99.11409,2026-10-10T09:45:00.000Z,2026-10-10 16:45:00
2026-10-10,TPN01,ปตร.อุทกวิภาชประสิทธิ,นครศรีธรรมราช,,,,คงที่,,,,คงที่,8.321786,100.20608,2026-10-10T09:45:00.000Z,2026-10-10 16:45:00
2026-10-10,TP.103,บ้านโชคชัยพัฒนา-หินดาต,กำแพงเพชร,,,,คงที่,,,,คงที่,16.085972,99.42064,2026-10-10T09:45:00.000Z,2026-10-10 16:45:00
2026-10-10,TY.51,ห้วยแม่พวก,แพร่,,,,คงที่,,,,คงที่,17.96015,100.06547,2026-10-10T09:45:00.000Z,2026-10-10 16:45:00
2026-10-10,TY.54,ปตร.คลองหกบาท,สุโขทัย,,,,คงที่,,,,คงที่,17.37505,99.80881,2026-10-10T09:45:00.000Z,2026-10-10 16:45:00
2026-10-10,TE.107,ฝายยโสธร,ยโสธร,,,,คงที่,,,,คงที่,15.732567,104.13161,2026-10-10T09:45:00.000Z,2026-10-10 16:45:00
2026-10-10,TM.203,T หลุมข้าว,นครราชสีมา,,,,คงที่,,,,คงที่,15.24712,102.34881,2026-10-10T09:45:00.000Z,2026-10-10 16:45:00
2026-10-10,TPN16,ปตร.แพรกเมือง,นครศรีธรรมราช,,,,คงที่,,,,คงที่,8.016916,100.30001,2026-10-10T09:45:00.000Z,2026-10-10 16:45:00
2026-10-10,TP.109,บ้านท้องฟ้า,ตาก,,,,คงที่,,,,คงที่,17.04663,98.97899,2026-10-10T09:45:00.000Z,2026-10-10 16:45:00
2026-10-10,TE.113,สบแม่น้ำชีห้วยสามหมอ (บ.วังสามหมอ),ชัยภูมิ,,,,คงที่,,,,คงที่,15.983583,102.409225,2026-10-10T09:45:00.000Z,2026-10-10 16:45:00
2026-10-10,MKSNU03,หน่วยพิทักษ์ป่าเขาบันได,อุทัยธานี,210.56,,,ลดลง,210.56,,,คงที่,15.27736,99.15219,2026-10-10T08:00:00.000Z,2026-10-10 15:00:00
2026-10-10,TADE01,โรงเรียนวัดโคกโพธิ์สถิตย์,นครศรีธรรมราช,23.26,,,ลดลง,-5.39,,,คงที่,8.40118,99.80203,2026-10-10T08:50:00.000Z,2026-10-10 15:50:00
2026-10-10,MKSND01,เขื่อนท่าทุ่งนา,กาญจนบุรี,57.71,,,ลดลง,57.71,,,คงที่,14.233779,99.23502,2026-10-10T08:00:00.000Z,2026-10-10 15:00:00
2026-10-10,BLGTU05,เขื่อนบางลาง อ.บันนังสตา จ.ยะลา,ยะลา,99.51,,,เพิ่มขึ้น,99.51,,,คงที่,6.153667,101.27312,2026-10-10T08:00:00.000Z,2026-10-10 15:00:00
2026-10-10,BLGTU06,ฝายละแอ อ.บันนังสตา จ.ยะลา,ยะลา,331.7,,,ลดลง,331.70,,,คงที่,6.143055,101.309166,2026-10-10T08:00:00.000Z,2026-10-10 15:00:00
